time,energy,temperature_trans,temperature_rot,branch,events,energy_residual,occupancy
0.1,30.380112317269163,0.9426100174979755,nan,hot,18,1.3258708367325234e-15,32;0;0;0
0.2,28.272705082388615,0.8765093530443948,nan,hot,33,1.3115593680557147e-15,32;0;0;0
0.30000000000000004,28.344249247860052,0.8992168950579051,nan,hot,44,-4.709340556408037e-15,32;0;0;0
0.4,28.343948973117968,0.9004144217998212,nan,hot,53,1.3311834273777023e-15,32;0;0;0
0.5,28.436658847467633,0.9069106110361658,nan,hot,64,-7.598088824778415e-16,32;0;0;0
0.6,30.115564899316304,0.9625853873230283,nan,hot,79,-7.691763892481163e-15,32;0;0;0
0.7,30.20625684422847,0.9562142572739376,nan,hot,92,-7.608063484765282e-15,32;0;0;0
0.7999999999999999,31.031491986328344,0.9902221183978939,nan,hot,105,-5.7805323028237154e-15,32;0;0;0
0.8999999999999999,32.10147462618621,1.0246204486806925,nan,hot,118,-7.587680483922554e-15,32;0;0;0
0.9999999999999999,33.76421716000267,1.0751852042193015,nan,hot,142,-8.026565523344686e-15,32;0;0;0
1.0999999999999999,33.3849119929148,1.0263056214452155,nan,hot,160,-1.3336120402440699e-14,32;0;0;0
1.2,34.726655577747316,1.053963550963681,nan,hot,177,-1.263225635206311e-14,32;0;0;0
1.3,33.06172266350881,1.0378404176547804,nan,hot,190,-1.7474736935252366e-14,32;0;0;0
1.4000000000000001,32.44865934636123,1.0026841868609109,nan,hot,207,-1.922767500772693e-14,32;0;0;0
1.5000000000000002,32.779661167197304,1.0296150602070115,nan,hot,226,-1.7752292691408655e-14,32;0;0;0
1.6000000000000003,40.58618485479789,1.2340275252161577,nan,hot,246,-1.5145003307015514e-14,32;0;0;0
1.7000000000000004,40.585610272614716,1.2269902444683183,nan,hot,257,-1.449014519483427e-14,32;0;0;0
1.8000000000000005,46.580492105925906,1.3504230587862682,nan,hot,278,-3.462594794223506e-14,32;0;0;0
1.9000000000000006,46.579731556091765,1.3876387011438622,nan,hot,298,-3.1400229638656185e-14,32;0;0;0
2.0000000000000004,47.225489735102386,1.35826859675199,nan,hot,318,-3.5969491274379095e-14,32;0;0;0
2.1000000000000005,47.224364641247966,1.3710065148398287,nan,hot,342,-2.4679910892722035e-14,32;0;0;0
2.2000000000000006,47.22284842297143,1.2837443511608304,nan,hot,364,-3.7175124090182976e-14,32;0;0;0
2.3000000000000007,47.221006152348465,1.1166697711589086,nan,hot,384,-1.2692971673722298e-14,32;0;0;0
2.400000000000001,48.022724481799976,1.231118516186887,nan,hot,402,-2.980081459380557e-14,32;0;0;0
2.500000000000001,48.02082578949915,1.2410226049089832,nan,hot,416,-9.988537774674455e-15,32;0;0;0
2.600000000000001,48.01892022426401,1.1746342566866819,nan,hot,429,-5.336009412104659e-15,32;0;0;0
2.700000000000001,43.81366691059034,0.9868876937475294,nan,hot,446,-1.9682172558432853e-14,32;0;0;0
2.800000000000001,42.05844469459308,0.8138811104452138,nan,hot,463,-1.6188439477815564e-14,32;0;0;0
2.9000000000000012,42.37597099658765,0.87917523487213,nan,hot,478,-1.7600504387260685e-14,32;0;0;0
3.0000000000000013,42.37382499552461,0.9139606474226382,nan,hot,487,-2.3245294578089215e-15,32;0;0;0
3.1000000000000014,42.58851537176347,0.8470483462528636,nan,hot,498,3.9794556538907955e-15,32;0;0;0
3.2000000000000015,43.05064125849331,0.9087620066156964,nan,adiabatic_expansion,512,3.344546861683284e-15,32;0;0;0
3.3000000000000016,43.04847277799743,0.9176821116362164,nan,adiabatic_expansion,525,1.5126788710517758e-15,32;0;0;0
3.4000000000000017,43.046301562197286,0.9335035063014993,nan,adiabatic_expansion,536,-4.28129753871076e-15,32;0;0;0
3.5000000000000018,43.0441403749063,0.9267978559563005,nan,adiabatic_expansion,547,-1.4641066137244252e-15,32;0;0;0
3.600000000000002,43.04199870181486,0.9281090053336075,nan,adiabatic_expansion,555,4.85722573273506e-17,32;0;0;0
3.700000000000002,43.03988234787416,0.9220190606809372,nan,adiabatic_expansion,567,8.881784197001252e-16,32;0;0;0
3.800000000000002,43.03779019777699,0.9220190606809373,nan,adiabatic_expansion,572,1.5612511283791264e-15,32;0;0;0
3.900000000000002,43.03571459736658,0.9220190606809371,nan,adiabatic_expansion,580,6.7584826624056404e-15,32;0;0;0
4.000000000000002,43.03364379928638,0.8659047173206585,nan,adiabatic_expansion,591,-6.0021432268797525e-15,32;0;0;0
4.100000000000001,43.03156497173855,0.8717620203724245,nan,adiabatic_expansion,596,1.1449174941446927e-14,32;0;0;0
4.200000000000001,43.02946725075265,0.7410251382775471,nan,adiabatic_expansion,601,3.2959746043559335e-15,32;0;0;0
4.300000000000001,43.02729548197062,0.7083948696445077,nan,adiabatic_expansion,605,4.954370247389761e-15,32;0;0;0
4.4,43.024987671051846,0.7332527224427934,nan,adiabatic_expansion,610,2.1142809725205325e-14,32;0;0;0
4.5,43.022661818120355,0.7158003065112988,nan,adiabatic_expansion,618,1.156713613781335e-14,32;0;0;0
4.6,43.02015897565172,0.8024967315262408,nan,adiabatic_expansion,626,2.353672812205332e-14,32;0;0;0
4.699999999999999,41.72647657519447,0.782155078309802,nan,cold,635,1.784683512084939e-14,32;0;0;0
4.799999999999999,43.2791647599237,0.768130859195825,nan,cold,642,1.8610113450279187e-14,32;0;0;0
4.899999999999999,41.2921145244312,0.7713880957898678,nan,cold,653,8.104628079763643e-15,32;0;0;0
4.999999999999998,43.653892042977034,0.9239092345069022,nan,cold,659,1.3961054534661343e-14,32;0;0;0
5.099999999999998,44.68806334696896,1.095962957263309,nan,cold,665,9.686695889854491e-15,32;0;0;0
5.1999999999999975,44.476927962972105,1.0657402149048998,nan,cold,671,8.978928711655954e-15,32;0;0;0
5.299999999999997,45.17179720858657,1.1672600314309727,nan,cold,680,9.825473767932635e-15,32;0;0;0
5.399999999999997,42.230605070752986,1.2391866581613773,nan,cold,695,2.2745694217007895e-14,32;0;0;0
5.4999999999999964,45.34529291996665,1.4221458285234745,nan,cold,706,1.541822225448186e-14,32;0;0;0
5.599999999999996,45.25097734739062,1.4244160081482642,nan,cold,713,1.8610113450279187e-14,32;0;0;0
5.699999999999996,44.99112681665657,1.37525352421297,nan,cold,724,1.4682699500667695e-14,32;0;0;0
5.799999999999995,42.013586637862716,1.297619413241367,nan,cold,737,5.259681579161679e-15,32;0;0;0
5.899999999999995,42.545490822959465,1.2917966730542534,nan,cold,750,1.5362711103250604e-14,32;0;0;0
5.999999999999995,44.6956929772147,1.2982275787177253,nan,cold,760,1.6917023337725823e-14,32;0;0;0
6.099999999999994,39.97033933367058,1.2427367856057616,nan,cold,772,1.1948775302528247e-14,32;0;0;0
6.199999999999994,35.710339933041574,1.126255816249627,nan,cold,776,1.2601031329495527e-14,32;0;0;0
6.299999999999994,33.15249452580691,1.0618512333051475,nan,cold,780,1.7166823518266483e-14,32;0;0;0
6.399999999999993,34.324847976416365,1.0763918097384684,nan,cold,789,1.7541523789077473e-14,32;0;0;0
6.499999999999993,32.82509799384902,1.0286245404897199,nan,cold,793,2.5215940446798868e-14,32;0;0;0
6.5999999999999925,32.047369516313005,1.00014522029803,nan,cold,799,2.1566082253343666e-14,32;0;0;0
6.699999999999992,33.420999297775694,1.045702408330368,nan,cold,804,1.8665624601510444e-14,32;0;0;0
6.799999999999992,35.17888440898045,1.0899555510226837,nan,cold,807,1.815214645262131e-14,32;0;0;0
6.8999999999999915,35.80921432793511,1.0657861859239055,nan,cold,815,1.8707257964933888e-14,32;0;0;0
6.999999999999991,35.446935662499946,1.030321549640996,nan,cold,822,1.2795320358804929e-14,32;0;0;0
7.099999999999991,37.25404734542382,1.092537287309125,nan,cold,828,1.2004286453759505e-14,32;0;0;0
7.19999999999999,36.256432341890196,1.030869118810954,nan,cold,837,1.1837753000065732e-14,32;0;0;0
7.29999999999999,34.44293257921132,0.9640707714595004,nan,cold,840,1.2753686995381486e-14,32;0;0;0
7.39999999999999,34.56254183095108,0.9256457852385449,nan,cold,849,1.3683498778505054e-14,32;0;0;0
7.499999999999989,33.047123251422896,0.9072999396496126,nan,cold,859,8.326672684688674e-15,32;0;0;0
7.599999999999989,32.64502344021256,0.8940283985283616,nan,cold,863,1.1129985821867194e-14,32;0;0;0
7.699999999999989,29.77754823228819,0.7865654597535776,nan,cold,874,1.5792922525292852e-14,32;0;0;0
7.799999999999988,30.968491066166855,0.8159248847731375,nan,cold,878,1.5112910922709943e-14,32;0;0;0
7.899999999999988,31.634439950047625,0.8188294634053113,nan,cold,883,1.149080830487037e-14,32;0;0;0
7.999999999999988,31.633041749530342,0.8031040964049367,nan,adiabatic_expansion,893,1.4252488078625447e-14,32;0;0;0
8.099999999999987,31.631664857381256,0.8634611419001063,nan,adiabatic_expansion,905,1.484923295436147e-14,32;0;0;0
8.199999999999987,31.630299699874772,0.8636276104302455,nan,adiabatic_expansion,910,6.744604874597826e-15,32;0;0;0
8.299999999999986,31.62893730427402,0.8642592758120606,nan,adiabatic_expansion,916,1.1352030426792226e-14,32;0;0;0
8.399999999999986,31.62779819472613,0.9386474623845827,nan,adiabatic_expansion,925,9.506284648352903e-15,32;0;0;0
8.499999999999986,31.626904431028194,0.9473047262077414,nan,adiabatic_expansion,929,1.2073675392798577e-14,32;0;0;0
8.599999999999985,31.626022876421302,0.9503141386917359,nan,adiabatic_expansion,934,5.578870698741412e-15,32;0;0;0
8.699999999999985,31.625145602879726,0.9366760246816276,nan,adiabatic_expansion,944,4.773959005888173e-15,32;0;0;0
8.799999999999985,31.624417999965132,0.9687206243639058,nan,adiabatic_expansion,949,8.021361352916756e-15,32;0;0;0
8.899999999999984,31.624000966294737,0.9619220047454211,nan,adiabatic_expansion,956,2.706168622523819e-15,32;0;0;0
8.999999999999984,31.623876087326305,0.9156621488689055,nan,adiabatic_expansion,962,1.4210854715202004e-14,32;0;0;0
9.099999999999984,31.623685167282687,0.9380267132045224,nan,adiabatic_expansion,967,1.0547118733938987e-14,32;0;0;0
9.199999999999983,31.623332559520914,0.977010339167145,nan,adiabatic_expansion,970,1.189326415129699e-14,32;0;0;0
9.299999999999983,31.62297941608218,0.923087817620062,nan,adiabatic_expansion,980,7.258083023486961e-15,32;0;0;0
9.399999999999983,31.6226257400255,0.8571800309729705,nan,adiabatic_expansion,989,1.2476131239225197e-14,32;0;0;0
9.499999999999982,31.62227154031543,0.9251963939785841,nan,adiabatic_expansion,991,1.0255685189974884e-14,32;0;0;0
9.599999999999982,31.621914270669077,0.9321430827469853,nan,adiabatic_expansion,998,1.0533240946131173e-14,32;0;0;0
9.699999999999982,31.62131350040317,0.942084631605233,nan,adiabatic_expansion,1001,9.908740494779522e-15,32;0;0;0
9.799999999999981,31.62071110691901,0.9304146137783006,nan,adiabatic_expansion,1009,1.226796442210798e-14,32;0;0;0
9.89999999999998,31.620107256633496,0.9429192641442266,nan,adiabatic_expansion,1015,4.6629367034256575e-15,32;0;0;0
9.99999999999998,31.619502146698498,0.9712603684766479,nan,adiabatic_expansion,1022,3.0531133177191805e-15,32;0;0;0
10.09999999999998,31.618895995386325,0.9537975769787025,nan,adiabatic_expansion,1035,9.992007221626409e-15,32;0;0;0
10.19999999999998,31.618289030941337,0.8793981265506254,nan,adiabatic_expansion,1048,1.174060848541103e-14,32;0;0;0
10.29999999999998,31.617681479550246,0.835777997645817,nan,adiabatic_expansion,1056,1.569577801063815e-14,32;0;0;0
10.399999999999979,31.61707355333477,0.9582123073222604,nan,adiabatic_expansion,1064,1.264266469291897e-14,32;0;0;0
10.499999999999979,31.616429080812782,0.9632316440017584,nan,adiabatic_expansion,1074,1.416922135177856e-14,32;0;0;0
10.599999999999978,31.615775089408555,0.9425522130345353,nan,adiabatic_expansion,1080,1.494637746901617e-14,32;0;0;0
10.699999999999978,31.615104194500244,0.9606098577429484,nan,adiabatic_expansion,1087,1.7569279364693102e-14,32;0;0;0
10.799999999999978,31.614433454816094,0.9605795203640294,nan,adiabatic_expansion,1095,1.582067810090848e-14,32;0;0;0
10.899999999999977,31.613762907693552,0.9324640544507121,nan,cold,1108,1.1018963519404679e-14,32;0;0;0
10.999999999999977,31.06157416654663,0.9048361746230698,nan,cold,1116,9.922618282587337e-15,32;0;0;0
11.099999999999977,33.55856427257265,0.9510694677538541,nan,cold,1123,6.467049118441537e-15,32;0;0;0
11.199999999999976,31.5317922902183,0.9072365816463415,nan,cold,1129,8.03523914072457e-15,32;0;0;0
11.299999999999976,31.848015070194716,0.871769010504165,nan,cold,1133,1.0699774399824946e-14,32;0;0;0
11.399999999999975,31.524249583316514,0.8543976817338939,nan,cold,1138,1.3405943022348765e-14,32;0;0;0
11.499999999999975,29.44850254260278,0.7905523119797121,nan,cold,1143,7.480127628411992e-15,32;0;0;0
11.599999999999975,29.493443789926097,0.8667735272254006,nan,cold,1150,1.0505485370515544e-14,32;0;0;0
11.699999999999974,33.365005752934586,0.9987893939762675,nan,cold,1156,1.2351231148954867e-14,32;0;0;0
11.799999999999974,33.54795216184903,1.0413925769535544,nan,cold,1164,1.0255685189974884e-14,32;0;0;0
11.899999999999974,33.31147332531074,1.0196526415745637,nan,cold,1167,7.882583474838611e-15,32;0;0;0
11.999999999999973,34.659109093615314,1.110214821771167,nan,cold,1175,1.0172418463127997e-14,32;0;0;0
12.099999999999973,33.113727295812886,1.0624057122207562,nan,cold,1182,1.292022044907526e-14,32;0;0;0
12.199999999999973,32.150987414471246,1.0344102308819152,nan,cold,1193,2.525757381022231e-14,32;0;0;0
12.299999999999972,28.127317204008463,0.8999561174814211,nan,cold,1199,1.8332557694122897e-14,32;0;0;0
12.399999999999972,24.662697584876035,0.7942401048780425,nan,cold,1206,1.9609314172441827e-14,32;0;0;0
12.499999999999972,24.749770713764462,0.7978789101737156,nan,cold,1213,1.995625886763719e-14,32;0;0;0
12.599999999999971,24.588399567498954,0.782678345875822,nan,cold,1223,1.827704654289164e-14,32;0;0;0
12.69999999999997,25.691628755285606,0.8133448278594367,nan,cold,1231,1.5792922525292852e-14,32;0;0;0
12.79999999999997,23.604043894138165,0.7457945811775448,nan,cold,1236,1.6417422976644502e-14,32;0;0;0
12.89999999999997,21.23625843479559,0.6612896375454305,nan,cold,1242,1.5362711103250604e-14,32;0;0;0
12.99999999999997,22.059457003152335,0.6901227203987489,nan,cold,1248,1.6306400674181987e-14,32;0;0;0
13.09999999999997,23.836154497983284,0.7041587604306739,nan,cold,1259,1.6778245459647678e-14,32;0;0;0
13.199999999999969,21.81993187355404,0.6539374431844368,nan,cold,1262,1.9734214262712158e-14,32;0;0;0
13.299999999999969,20.140136046638975,0.6070453295001401,nan,cold,1269,2.1191381982532675e-14,32;0;0;0
13.399999999999968,19.912827850200326,0.6196432309919347,nan,cold,1275,2.1524448889920222e-14,32;0;0;0
13.499999999999968,17.22050215135515,0.5189560347658245,nan,cold,1278,2.2162827129079687e-14,32;0;0;0
13.599999999999968,16.049727914514904,0.47052529968076606,nan,cold,1280,2.085831507514513e-14,32;0;0;0
13.699999999999967,15.440848918515941,0.4619665690833931,nan,cold,1284,2.1649348980190553e-14,32;0;0;0
13.799999999999967,17.008988022958142,0.5374579642262788,nan,cold,1290,1.5917822615563182e-14,32;0;0;0
13.899999999999967,18.49810608110889,0.5827433509424361,nan,cold,1294,1.6514567491299204e-14,32;0;0;0
13.999999999999966,18.383787679417807,0.5776836008229543,nan,cold,1299,1.587618925213974e-14,32;0;0;0
14.099999999999966,18.625289262777244,0.5946524318282836,nan,cold,1305,1.8623991238087e-14,32;0;0;0
14.199999999999966,16.235368303531875,0.5115870889357703,nan,cold,1308,1.609823385706477e-14,32;0;0;0
14.299999999999965,16.235094444659662,0.5115870889357703,nan,cold,1308,1.6237011735142914e-14,32;0;0;0
14.399999999999965,15.886070996847272,0.5002353345462759,nan,cold,1313,1.840194663316197e-14,32;0;0;0
14.499999999999964,16.02889512349634,0.5022931279198594,nan,cold,1317,2.148281552649678e-14,32;0;0;0
14.599999999999964,17.275441955772127,0.5475353613813744,nan,cold,1320,1.5265566588595902e-14,32;0;0;0
14.699999999999964,18.12685536022944,0.5652910692084483,nan,cold,1323,2.4369395390522186e-14,32;0;0;0
14.799999999999963,21.19145968115371,0.6588687081563923,nan,cold,1331,1.759703494030873e-14,32;0;0;0
14.899999999999963,20.449502461847803,0.6425953336530296,nan,cold,1339,2.0650148258027912e-14,32;0;0;0
14.999999999999963,19.609531922254536,0.6178421509870797,nan,cold,1348,1.8707257964933888e-14,32;0;0;0
15.099999999999962,21.40276820570375,0.6812614787595747,nan,adiabatic_expansion,1353,2.1038726316646716e-14,32;0;0;0
15.199999999999962,21.40246586929782,0.6709989985880677,nan,adiabatic_expansion,1361,2.017830347256222e-14,32;0;0;0
15.299999999999962,21.402163733172706,0.6805855929250617,nan,adiabatic_expansion,1363,2.0067281170099704e-14,32;0;0;0
15.399999999999961,21.401861798419624,0.6805855929250616,nan,adiabatic_expansion,1367,2.1815882433884326e-14,32;0;0;0
15.499999999999961,21.401560067510253,0.6713313887338411,nan,adiabatic_expansion,1372,2.353672812205332e-14,32;0;0;0
15.59999999999996,21.401258544721774,0.6753446197867768,nan,adiabatic_expansion,1376,2.1593837828959295e-14,32;0;0;0
15.69999999999996,21.40095723644165,0.6815076276964319,nan,adiabatic_expansion,1380,2.0733414984874798e-14,32;0;0;0
15.79999999999996,21.40065615136524,0.6791903802157887,nan,adiabatic_expansion,1387,2.425837308805967e-14,32;0;0;0
15.89999999999996,21.400379359775915,0.6818719335392189,nan,adiabatic_expansion,1395,1.8457457784393227e-14,32;0;0;0
15.99999999999996,21.400120360901777,0.6763818027638967,nan,adiabatic_expansion,1401,1.9623191960249642e-14,32;0;0;0
16.09999999999996,21.399861606500977,0.6820453786608697,nan,adiabatic_expansion,1410,2.0261570199409107e-14,32;0;0;0
16.19999999999996,21.399635819368996,0.6825417193435511,nan,adiabatic_expansion,1417,1.734723475976807e-14,32;0;0;0
16.29999999999996,21.399429616902562,0.6842797643756252,nan,adiabatic_expansion,1421,1.7180701306074297e-14,32;0;0;0
16.399999999999963,21.39934829262619,0.6834836770883117,nan,adiabatic_expansion,1425,1.815214645262131e-14,32;0;0;0
16.499999999999964,21.399298782483932,0.6843038187498689,nan,adiabatic_expansion,1429,1.9040324872321435e-14,32;0;0;0
16.599999999999966,21.39924947491731,0.6853873663532156,nan,adiabatic_expansion,1436,2.0733414984874798e-14,32;0;0;0
16.699999999999967,21.399185353193747,0.666249281804715,nan,adiabatic_expansion,1442,2.3064883336587627e-14,32;0;0;0
16.79999999999997,21.399039990120297,0.6659799899687381,nan,adiabatic_expansion,1444,2.017830347256222e-14,32;0;0;0
16.89999999999997,21.398894802207117,0.6571100845330994,nan,adiabatic_expansion,1451,2.6229018956769323e-14,32;0;0;0
16.99999999999997,21.39874846039898,0.6554112007025317,nan,adiabatic_expansion,1459,2.403632848313464e-14,32;0;0;0
17.099999999999973,21.39856377904915,0.6488070842511137,nan,adiabatic_expansion,1466,2.098321516541546e-14,32;0;0;0
17.199999999999974,21.39835099874577,0.6603907632294493,nan,adiabatic_expansion,1473,1.9761969838327786e-14,32;0;0;0
17.299999999999976,21.398138388116305,0.6658764027532299,nan,adiabatic_expansion,1482,2.4924506902834764e-14,32;0;0;0
17.399999999999977,21.397925952878342,0.6701217448861295,nan,adiabatic_expansion,1489,2.3148150063434514e-14,32;0;0;0
17.49999999999998,21.397713698108266,0.6815056603524803,nan,adiabatic_expansion,1495,2.6256774532384952e-14,32;0;0;0
17.59999999999998,21.397501435853865,0.6861788977949104,nan,adiabatic_expansion,1498,2.631228568361621e-14,32;0;0;0
17.69999999999998,21.397286929194927,0.6861788977949104,nan,adiabatic_expansion,1499,2.8754776337791554e-14,32;0;0;0
17.799999999999983,21.397072614225586,0.6790501303850773,nan,adiabatic_expansion,1511,2.756128658631951e-14,32;0;0;0
17.899999999999984,21.396858493593857,0.6754000538430411,nan,adiabatic_expansion,1517,2.836619827917275e-14,32;0;0;0
17.999999999999986,21.396644569354677,0.67841211806301,nan,adiabatic_expansion,1525,2.7533531010703882e-14,32;0;0;0
18.099999999999987,21.3964308430201,0.6761282479596865,nan,adiabatic_expansion,1530,2.631228568361621e-14,32;0;0;0
18.19999999999999,21.39621731562202,0.68027200903367,nan,adiabatic_expansion,1535,2.7894353493707058e-14,32;0;0;0
18.29999999999999,21.396003987788497,0.6724990721663083,nan,adiabatic_expansion,1542,2.6117996654306808e-14,32;0;0;0
18.39999999999999,21.395790855217484,0.674817697466829,nan,adiabatic_expansion,1553,2.836619827917275e-14,32;0;0;0
18.499999999999993,20.216464542800416,0.624816716007843,nan,cold,1564,2.786659791809143e-14,32;0;0;0
18.599999999999994,20.161721126122867,0.6197874028241075,nan,cold,1572,2.8949065367100957e-14,32;0;0;0
18.699999999999996,20.503759002972533,0.6186208038014989,nan,cold,1578,2.5979218776228663e-14,32;0;0;0
18.799999999999997,19.682294283320548,0.575975130951963,nan,cold,1585,2.6673108166619386e-14,32;0;0;0
18.9,21.117172224964833,0.6687809450480218,nan,cold,1592,2.6117996654306808e-14,32;0;0;0
19.0,20.641089974986045,0.6515400464775883,nan,cold,1601,2.0233814623793478e-14,32;0;0;0
19.1,22.71820985116995,0.7121085186110921,nan,cold,1608,1.8485213360008856e-14,32;0;0;0
19.200000000000003,22.19373791084375,0.6802688555001831,nan,cold,1612,2.0344836926255994e-14,32;0;0;0
19.300000000000004,21.825433765365943,0.6844558532054968,nan,cold,1613,2.042810365310288e-14,32;0;0;0
19.400000000000006,22.686215893456296,0.7065907838478419,nan,cold,1617,2.0733414984874798e-14,32;0;0;0
19.500000000000007,24.896950474854282,0.7791639074283296,nan,cold,1623,2.017830347256222e-14,32;0;0;0
19.60000000000001,26.018921454310277,0.8196241226296419,nan,cold,1630,1.9373391779708982e-14,32;0;0;0
19.70000000000001,25.805264482234605,0.8132746474450129,nan,cold,1641,1.9317880628477724e-14,32;0;0;0
19.80000000000001,26.369399592628284,0.8299178418081016,nan,cold,1648,1.8623991238087e-14,32;0;0;0
19.900000000000013,27.885403270046044,0.892664173971824,nan,cold,1655,2.300937218535637e-14,32;0;0;0
20.000000000000014,29.195933223303427,0.9380761036030832,nan,cold,1663,2.3647750424515834e-14,32;0;0;0
20.100000000000016,30.105125268484738,0.9672368575095888,nan,cold,1670,1.912359159916832e-14,32;0;0;0
20.200000000000017,29.284379471208233,0.9403283383864915,nan,cold,1672,1.890154699424329e-14,32;0;0;0
20.30000000000002,27.099819618786924,0.8509070828994856,nan,cold,1685,2.6201263381153694e-14,32;0;0;0
20.40000000000002,28.31253399428299,0.8956278361729704,nan,cold,1692,2.1066481892262345e-14,32;0;0;0
20.50000000000002,29.426790981859074,0.9348367329058905,nan,cold,1697,2.0816681711721685e-14,32;0;0;0
20.600000000000023,29.363836413254926,0.9136945731926356,nan,cold,1700,2.3064883336587627e-14,32;0;0;0
20.700000000000024,28.50077633935645,0.885644024193603,nan,cold,1705,2.373101715136272e-14,32;0;0;0
20.800000000000026,24.816748476155368,0.7699972314781919,nan,cold,1711,2.373101715136272e-14,32;0;0;0
20.900000000000027,31.158694255493373,0.9801140777926862,nan,cold,1720,2.403632848313464e-14,32;0;0;0
21.00000000000003,29.813820174898083,0.9313736006900932,nan,cold,1727,2.7422508708241367e-14,32;0;0;0
21.10000000000003,28.32024015673422,0.9068700904505751,nan,cold,1732,2.606248550307555e-14,32;0;0;0
21.20000000000003,28.507499681467916,0.919410618168329,nan,cold,1736,3.239075674343894e-14,32;0;0;0
21.300000000000033,26.648787863146467,0.8470566163669168,nan,cold,1742,3.277933480205775e-14,32;0;0;0
21.400000000000034,26.45043841891316,0.8481768171336824,nan,cold,1749,2.9753977059954195e-14,32;0;0;0
21.500000000000036,30.180883118397105,0.9724252708646057,nan,cold,1763,2.8282931552325863e-14,32;0;0;0
21.600000000000037,29.34459425544775,0.9311667117371909,nan,cold,1772,2.6922908347160046e-14,32;0;0;0
21.70000000000004,32.170703751009206,1.0041622686621794,nan,cold,1776,2.4896751327219135e-14,32;0;0;0
21.80000000000004,31.421916774096186,0.9920733663915766,nan,cold,1781,2.653433028854124e-14,32;0;0;0
21.90000000000004,32.495875122948455,1.0380183450961198,nan,cold,1787,2.067790383364354e-14,32;0;0;0
22.000000000000043,31.582944751207016,1.007063841185293,nan,cold,1791,2.8171909249863347e-14,32;0;0;0
22.100000000000044,32.05100300462401,1.0241625615647316,nan,cold,1802,3.7969627442180354e-14,32;0;0;0
22.200000000000045,35.66244460867754,1.13276281515594,nan,cold,1813,3.6415315207705135e-14,32;0;0;0
22.300000000000047,34.96946414165592,1.08319240034807,nan,cold,1817,3.702593787124897e-14,32;0;0;0
22.40000000000005,33.10315121153255,1.0472770087987269,nan,cold,1825,4.085620730620576e-14,32;0;0;0
22.50000000000005,32.302071885110784,1.0237377358891957,nan,cold,1830,3.3639757646142243e-14,32;0;0;0
22.60000000000005,33.188098516687894,1.0684070704813227,nan,cold,1838,2.758904216193514e-14,32;0;0;0
22.700000000000053,28.234518883435655,0.9045544648085344,nan,cold,1849,3.061439990403869e-14,32;0;0;0
22.800000000000054,25.851413024952883,0.8296681000746896,nan,cold,1852,2.683964162031316e-14,32;0;0;0
22.900000000000055,24.419089772930388,0.7718336805910206,nan,cold,1858,3.624878175401136e-14,32;0;0;0
23.000000000000057,32.707723156786706,1.0028620128071248,nan,cold,1868,3.647082635893639e-14,32;0;0;0
23.10000000000006,32.70757282915761,1.0028620128071248,nan,cold,1872,3.4583447217073626e-14,32;0;0;0
23.20000000000006,32.1993512847153,1.0083031390404773,nan,cold,1876,2.8199664825478976e-14,32;0;0;0
23.30000000000006,31.450740399681244,1.0059128992575526,nan,cold,1880,2.5923707624997405e-14,32;0;0;0
23.400000000000063,34.207515286264,1.0560161146660316,nan,cold,1886,3.300137940698278e-14,32;0;0;0
23.500000000000064,34.31995785088008,1.015882480960107,nan,adiabatic_expansion,1898,3.799738301779598e-14,32;0;0;0
23.600000000000065,34.31980741891481,1.0427829540649518,nan,adiabatic_expansion,1909,3.697042672001771e-14,32;0;0;0
23.700000000000067,34.31965745630741,1.0794745799803227,nan,adiabatic_expansion,1915,3.1308289294429414e-14,32;0;0;0
23.800000000000068,34.31950966775167,1.0960746148064902,nan,adiabatic_expansion,1919,3.6942671144402084e-14,32;0;0;0
23.90000000000007,34.31936221831767,1.0762349500128472,nan,adiabatic_expansion,1926,3.572142581731441e-14,32;0;0;0
24.00000000000007,34.319214969205404,1.0686910485886685,nan,adiabatic_expansion,1931,3.6387559632089506e-14,32;0;0;0
24.100000000000072,34.31906845818376,1.0863778782140971,nan,adiabatic_expansion,1939,3.9718228705964975e-14,32;0;0;0
24.200000000000074,34.3189252495385,1.0873078413878219,nan,adiabatic_expansion,1945,3.597122599785507e-14,32;0;0;0
24.300000000000075,34.3187822421392,1.0873078413878219,nan,adiabatic_expansion,1949,4.52138326778595e-14,32;0;0;0
24.400000000000077,34.31863943648058,1.0548058541922594,nan,adiabatic_expansion,1959,3.6443070783320763e-14,32;0;0;0
24.500000000000078,34.31849683315982,1.0912651509270428,nan,adiabatic_expansion,1965,3.5083047578154947e-14,32;0;0;0
24.60000000000008,34.31835443288049,1.0739493860043778,nan,adiabatic_expansion,1973,3.416711358283919e-14,32;0;0;0
24.70000000000008,34.3182204986467,1.100995897865574,nan,adiabatic_expansion,1985,3.572142581731441e-14,32;0;0;0
24.800000000000082,34.31810846170354,1.1006952481451568,nan,adiabatic_expansion,1990,2.906008766956347e-14,32;0;0;0
24.900000000000084,34.31802638640418,1.0627159305649416,nan,adiabatic_expansion,2000,3.211320098728265e-14,32;0;0;0
25.000000000000085,34.317999200089375,1.0895747523329078,nan,adiabatic_expansion,2006,3.186340080674199e-14,32;0;0;0
25.100000000000087,34.31797221393939,1.1012822352177418,nan,adiabatic_expansion,2011,2.9531932455029164e-14,32;0;0;0
25.200000000000088,34.31794633479829,1.0918195367096124,nan,adiabatic_expansion,2014,2.983724378680108e-14,32;0;0;0
25.30000000000009,34.31793556363659,1.0956663259271342,nan,adiabatic_expansion,2019,3.241851231905457e-14,32;0;0;0
25.40000000000009,34.31792176006156,1.035540274924197,nan,adiabatic_expansion,2026,2.811639809863209e-14,32;0;0;0
25.500000000000092,34.3178558746712,1.0476572688374706,nan,adiabatic_expansion,2031,2.6978419498391304e-14,32;0;0;0
25.600000000000094,34.317784396519265,1.0613805225074129,nan,adiabatic_expansion,2042,3.169686735304822e-14,32;0;0;0
25.700000000000095,34.31771311690267,1.080173425356775,nan,adiabatic_expansion,2048,3.169686735304822e-14,32;0;0;0
25.800000000000097,34.317632435384,1.0822713039279823,nan,adiabatic_expansion,2060,3.1280533718813786e-14,32;0;0;0
25.900000000000098,34.31754807744424,1.0521239241371967,nan,adiabatic_expansion,2067,3.422262473407045e-14,32;0;0;0
26.0000000000001,34.31746391808918,1.0760768103347311,nan,adiabatic_expansion,2071,3.169686735304822e-14,32;0;0;0
26.1000000000001,34.31737995750939,1.0166036017529188,nan,adiabatic_expansion,2076,3.111400026512001e-14,32;0;0;0
26.200000000000102,34.31729619587818,1.0947826994006922,nan,adiabatic_expansion,2080,3.122502256758253e-14,32;0;0;0
26.300000000000104,34.317212633352284,1.0868553347920968,nan,adiabatic_expansion,2086,4.4603210014315664e-14,32;0;0;0
26.400000000000105,34.31712137716119,1.10266415438506,nan,adiabatic_expansion,2096,3.166911177743259e-14,32;0;0;0
26.500000000000107,34.31702789814826,1.0991729132809585,nan,adiabatic_expansion,2105,4.221623051137158e-14,32;0;0;0
26.600000000000108,34.31693146673949,1.0943202922934527,nan,adiabatic_expansion,2114,3.8219427622721014e-14,32;0;0;0
26.70000000000011,34.31682848755616,1.0936065260490793,nan,adiabatic_expansion,2123,4.4575454438700035e-14,32;0;0;0
26.80000000000011,34.31672442817691,1.0957216099631166,nan,adiabatic_expansion,2133,3.932965064734617e-14,32;0;0;0
26.900000000000112,34.31662056846829,1.099961190871725,nan,adiabatic_expansion,2139,4.105049633551516e-14,32;0;0;0
27.000000000000114,34.31651690853197,1.0978646463440214,nan,adiabatic_expansion,2145,4.721223412218478e-14,32;0;0;0
27.100000000000115,34.31641344844661,1.0998751186489863,nan,adiabatic_expansion,2153,5.3235194030776256e-14,32;0;0;0
27.200000000000117,34.3163101882705,1.0908665545459078,nan,adiabatic_expansion,2161,3.9995784462121264e-14,32;0;0;0
27.300000000000118,34.3162071280445,1.0994359850436344,nan,adiabatic_expansion,2168,3.952393967665557e-14,32;0;0;0
27.40000000000012,34.31610426779493,1.0784998590186943,nan,adiabatic_expansion,2171,4.451994328746878e-14,32;0;0;0
27.50000000000012,34.316001522096094,1.0023458940284702,nan,adiabatic_expansion,2178,4.8183679268731794e-14,32;0;0;0
27.600000000000122,34.31589890867951,1.0852406088389552,nan,adiabatic_expansion,2184,5.129230373768223e-14,32;0;0;0
27.700000000000124,33.889012577195764,1.0421114713400963,nan,cold,2192,5.384581669432009e-14,32;0;0;0
27.800000000000125,26.119090010538827,0.7947673193277983,nan,cold,2206,5.0209836288672705e-14,32;0;0;0
27.900000000000126,25.46176526920538,0.7778863355909151,nan,cold,2211,4.629630012686903e-14,32;0;0;0
28.000000000000128,20.984465623971627,0.6262377826719506,nan,cold,2216,4.3048897779840445e-14,32;0;0;0
28.10000000000013,20.12180714009296,0.6135587784953963,nan,cold,2217,4.934941344458821e-14,32;0;0;0
28.20000000000013,20.03177100857819,0.6280522276134087,nan,cold,2223,4.798939023942239e-14,32;0;0;0
28.300000000000132,19.636226026729155,0.6222724488556478,nan,cold,2227,5.1708637371916666e-14,32;0;0;0
28.400000000000134,23.262701999661548,0.7083712604425105,nan,cold,2233,4.3576253716537394e-14,32;0;0;0
28.500000000000135,25.72812636389405,0.7960140688002856,nan,cold,2239,4.8128168117500536e-14,32;0;0;0
28.600000000000136,24.510833413482196,0.7870286615603664,nan,cold,2249,4.27158308724529e-14,32;0;0;0
28.700000000000138,24.7630054405052,0.7809981992239414,nan,cold,2258,5.134781488891349e-14,32;0;0;0
28.80000000000014,23.65767718356659,0.7425468583609733,nan,cold,2271,5.140332604014475e-14,32;0;0;0
28.90000000000014,22.64588584359572,0.7102362008833105,nan,cold,2277,5.240252676230739e-14,32;0;0;0
29.000000000000142,21.328824145214046,0.6591085386627269,nan,cold,2282,5.312417172831374e-14,32;0;0;0
29.100000000000144,20.587380768125616,0.6600397167435587,nan,cold,2287,5.082045895221654e-14,32;0;0;0
29.200000000000145,21.422927295899658,0.6849970173260181,nan,cold,2296,5.0182080713057076e-14,32;0;0;0
29.300000000000146,20.88385643954114,0.6712477929366191,nan,cold,2301,4.7684078907650473e-14,32;0;0;0
29.400000000000148,22.190879854229763,0.7026687693645379,nan,cold,2307,5.179190409876355e-14,32;0;0;0
29.50000000000015,22.639113447193456,0.7163356817273906,nan,cold,2314,4.4048098502003086e-14,32;0;0;0
29.60000000000015,22.63905257101385,0.7244684253932128,nan,cold,2321,4.476974346800944e-14,32;0;0;0
29.700000000000152,23.24921192622986,0.7496704673671997,nan,cold,2325,5.0182080713057076e-14,32;0;0;0
29.800000000000153,27.40647715131556,0.844339768858153,nan,cold,2331,4.860001290296623e-14,32;0;0;0
29.900000000000155,27.406436292785596,0.8443397688581531,nan,cold,2335,4.904410211281629e-14,32;0;0;0
30.000000000000156,29.464085605415267,0.9226431169361403,nan,cold,2341,5.1431081615760377e-14,32;0;0;0
30.100000000000158,28.840677874985904,0.9142437396813913,nan,cold,2346,4.8433479449272454e-14,32;0;0;0
30.20000000000016,26.815671377399525,0.8551069047569573,nan,cold,2357,4.4353409833775004e-14,32;0;0;0
30.30000000000016,23.665512048352408,0.7615708042868631,nan,cold,2365,4.937716902020384e-14,32;0;0;0
30.400000000000162,23.170229692041783,0.7472643072679578,nan,cold,2367,4.321543123353422e-14,32;0;0;0
30.500000000000163,23.760655636039925,0.7557925405564948,nan,cold,2372,4.707345624410664e-14,32;0;0;0
30.600000000000165,25.641050575271155,0.795444224138123,nan,cold,2380,4.335420911161236e-14,32;0;0;0
30.700000000000166,23.57067885994732,0.7072292653115417,nan,cold,2383,4.624078897563777e-14,32;0;0;0
30.800000000000168,24.21771720374957,0.7484394518455431,nan,cold,2392,4.3826053897078054e-14,32;0;0;0
30.90000000000017,23.909746306588623,0.7371871370208949,nan,cold,2394,4.171663015029026e-14,32;0;0;0
31.00000000000017,21.469724531198082,0.6533985217079158,nan,cold,2401,4.551914400963142e-14,32;0;0;0
31.100000000000172,21.85314993577337,0.6657353382278107,nan,cold,2407,4.757305660518796e-14,32;0;0;0
31.200000000000173,21.49872154855886,0.6203320567084675,nan,cold,2416,5.3290705182007514e-14,32;0;0;0
31.300000000000175,21.930016187885215,0.6391886795843085,nan,cold,2420,6.117328865684613e-14,32;0;0;0
31.400000000000176,25.46203045734292,0.6869898563929715,nan,cold,2427,4.682365606356598e-14,32;0;0;0
31.500000000000178,24.197002955079608,0.7045825394515712,nan,cold,2433,5.517808432387028e-14,32;0;0;0
31.60000000000018,23.949235932216627,0.7131806653080655,nan,cold,2436,4.6129766673175254e-14,32;0;0;0
31.70000000000018,23.90059262727097,0.7231860332462909,nan,cold,2443,4.5352610555937645e-14,32;0;0;0
31.800000000000182,24.185817785153915,0.7552478193132736,nan,cold,2454,4.5824455341403336e-14,32;0;0;0
31.900000000000183,22.88052589830766,0.6864700339062181,nan,cold,2461,4.574118861455645e-14,32;0;0;0
32.000000000000185,21.356171657927554,0.6374393183394602,nan,cold,2465,4.52138326778595e-14,32;0;0;0
32.100000000000186,21.72926831926,0.6490022275839517,nan,cold,2470,4.529709940470639e-14,32;0;0;0
32.20000000000019,21.59941874648489,0.6232527503653986,nan,cold,2476,4.64628335805628e-14,32;0;0;0
32.30000000000019,21.658585774688525,0.6502742211366689,nan,cold,2479,4.440892098500626e-14,32;0;0;0
32.40000000000019,20.031710367811787,0.5982939439149204,nan,cold,2484,4.515832152662824e-14,32;0;0;0
32.50000000000019,18.951808327187422,0.5712839749958544,nan,cold,2494,4.338196468722799e-14,32;0;0;0
32.60000000000019,22.2558171053201,0.6850786020929199,nan,cold,2501,4.726774527341604e-14,32;0;0;0
32.700000000000195,20.105901508770764,0.6329993079971928,nan,cold,2510,4.6657122609872204e-14,32;0;0;0
32.800000000000196,20.21808044525062,0.6272480172803411,nan,cold,2517,4.324318680914985e-14,32;0;0;0
32.9000000000002,22.65172079448177,0.7232358088141694,nan,cold,2523,5.1458837191376006e-14,32;0;0;0
33.0000000000002,22.651621017662155,0.7180880488932412,nan,cold,2527,5.115352585960409e-14,32;0;0;0
33.1000000000002,24.303823267137076,0.7739853455108073,nan,cold,2535,4.4825254619240695e-14,32;0;0;0
33.2000000000002,22.751078577355297,0.7281828548294944,nan,cold,2540,4.7156722970953524e-14,32;0;0;0
33.3000000000002,21.9365306743744,0.7010010828878684,nan,adiabatic_expansion,2546,4.493627692170321e-14,32;0;0;0
33.400000000000205,21.936431161906427,0.7017024711670947,nan,adiabatic_expansion,2552,4.038436252074007e-14,32;0;0;0
33.500000000000206,21.936331849439476,0.7054044125336291,nan,adiabatic_expansion,2559,4.488076577047195e-14,32;0;0;0
33.60000000000021,21.936232736977825,0.7054044125336291,nan,adiabatic_expansion,2565,4.5130565951012613e-14,32;0;0;0
33.70000000000021,21.93613382453176,0.7049700272497924,nan,adiabatic_expansion,2569,4.7378767575878555e-14,32;0;0;0
33.80000000000021,21.936035112119946,0.7058559281468056,nan,adiabatic_expansion,2575,4.5130565951012613e-14,32;0;0;0
33.90000000000021,21.935936599771622,0.6800343647011188,nan,adiabatic_expansion,2580,4.579669976578771e-14,32;0;0;0
34.00000000000021,21.935838287528483,0.6923219878847565,nan,adiabatic_expansion,2587,4.851674617611934e-14,32;0;0;0
34.100000000000215,21.93574097030622,0.6936974802306464,nan,adiabatic_expansion,2591,4.599098879509711e-14,32;0;0;0
34.200000000000216,21.935651609687255,0.701492811589407,nan,adiabatic_expansion,2597,4.50195436485501e-14,32;0;0;0
34.30000000000022,21.935564317065783,0.7066033861369062,nan,adiabatic_expansion,2602,4.515832152662824e-14,32;0;0;0
34.40000000000022,21.93548186425621,0.6841475838261978,nan,adiabatic_expansion,2608,5.007105841059456e-14,32;0;0;0
34.50000000000022,21.93540096801878,0.6834483508688811,nan,adiabatic_expansion,2612,4.643507800494717e-14,32;0;0;0
34.60000000000022,21.935320272204976,0.6838234646552148,nan,adiabatic_expansion,2619,4.657385588302532e-14,32;0;0;0
34.70000000000022,21.935239776900605,0.6776111420966676,nan,adiabatic_expansion,2622,4.729550084903167e-14,32;0;0;0
34.800000000000225,21.935165607418373,0.6808881773262266,nan,adiabatic_expansion,2625,4.7878367936959876e-14,32;0;0;0
34.900000000000226,21.93509244150168,0.6887988531023951,nan,adiabatic_expansion,2628,4.7656323332034844e-14,32;0;0;0
35.00000000000023,21.935019476250794,0.6785022822880322,nan,adiabatic_expansion,2633,4.4853010194856324e-14,32;0;0;0
35.10000000000023,21.93496365856024,0.6955545900011881,nan,adiabatic_expansion,2636,4.6324055702484657e-14,32;0;0;0
35.20000000000023,21.93491243621488,0.6871754480518296,nan,adiabatic_expansion,2639,4.543587728278453e-14,32;0;0;0
35.30000000000023,21.934876641273465,0.7037660855000515,nan,adiabatic_expansion,2645,4.657385588302532e-14,32;0;0;0
35.40000000000023,21.934859932564827,0.6967549617968338,nan,adiabatic_expansion,2651,4.574118861455645e-14,32;0;0;0
35.500000000000234,21.93485080953538,0.7046158622380846,nan,adiabatic_expansion,2657,4.4853010194856324e-14,32;0;0;0
35.600000000000236,21.934827666591413,0.6795934209050488,nan,adiabatic_expansion,2664,4.5852210917018965e-14,32;0;0;0
35.70000000000024,21.934776294052522,0.6826313251874729,nan,adiabatic_expansion,2667,4.399258735077183e-14,32;0;0;0
35.80000000000024,21.934725121028144,0.7023155834026522,nan,adiabatic_expansion,2672,4.5352610555937645e-14,32;0;0;0
35.90000000000024,21.934674147563104,0.6848210138576123,nan,adiabatic_expansion,2676,4.624078897563777e-14,32;0;0;0
36.00000000000024,21.934615947666845,0.6464807941392118,nan,adiabatic_expansion,2683,4.7156722970953524e-14,32;0;0;0
36.10000000000024,21.9345408834985,0.6653505898355188,nan,adiabatic_expansion,2686,4.3520742565306136e-14,32;0;0;0
36.200000000000244,21.93446601868008,0.6914388139941651,nan,adiabatic_expansion,2694,4.299338662860919e-14,32;0;0;0
36.300000000000246,21.934391353308033,0.6789250998872864,nan,adiabatic_expansion,2701,4.7434278727109813e-14,32;0;0;0
36.40000000000025,21.934316887468906,0.6597567280430398,nan,adiabatic_expansion,2708,5.306866057708248e-14,32;0;0;0
36.50000000000025,21.93424262123984,0.7026586859902001,nan,adiabatic_expansion,2719,4.879430193227563e-14,32;0;0;0
36.60000000000025,21.9341685546891,0.7067406319101863,nan,adiabatic_expansion,2723,4.579669976578771e-14,32;0;0;0
36.70000000000025,21.93409468787656,0.7064851653901668,nan,adiabatic_expansion,2727,4.365952044338428e-14,32;0;0;0
36.80000000000025,21.934020688148674,0.7042302517924937,nan,adiabatic_expansion,2733,4.785061236134425e-14,32;0;0;0
36.900000000000254,21.933941703099414,0.7029460616277796,nan,adiabatic_expansion,2738,4.604649994632837e-14,32;0;0;0
37.000000000000256,21.933862917906332,0.6986349005001695,nan,adiabatic_expansion,2750,4.3548498140921765e-14,32;0;0;0
37.10000000000026,21.93378433260772,0.706912147372271,nan,adiabatic_expansion,2757,4.340972026284362e-14,32;0;0;0
37.20000000000026,21.93370590789953,0.7047268351428855,nan,adiabatic_expansion,2761,4.3798298321462426e-14,32;0;0;0
37.30000000000026,21.933625456101154,0.7060103696830853,nan,adiabatic_expansion,2768,4.2799097599299785e-14,32;0;0;0
37.40000000000026,21.93354520426919,0.7060739949813138,nan,adiabatic_expansion,2772,3.9940273310890007e-14,32;0;0;0
37.50000000000026,21.93346515241786,0.6735654681867507,nan,adiabatic_expansion,2777,4.449218771185315e-14,32;0;0;0
37.600000000000264,21.93338470479183,0.6777286524887288,nan,adiabatic_expansion,2781,4.399258735077183e-14,32;0;0;0
37.700000000000266,21.93330435033758,0.6902191481346226,nan,adiabatic_expansion,2789,3.966271755473372e-14,32;0;0;0
37.80000000000027,21.933224195882097,0.6676237614900787,nan,adiabatic_expansion,2795,4.463096558993129e-14,32;0;0;0
37.90000000000027,21.637288610386236,0.6521670020475511,nan,cold,2804,3.6914915568786455e-14,32;0;0;0
38.00000000000027,28.014217617161556,0.8456994264935215,nan,cold,2812,3.938516179857743e-14,32;0;0;0
38.10000000000027,28.059304837094714,0.8242454118765862,nan,cold,2817,3.83026943495679e-14,32;0;0;0
38.20000000000027,27.98032342654675,0.8205309155552178,nan,cold,2823,4.0495384823202585e-14,32;0;0;0
38.300000000000274,24.37164972170042,0.7715888339298191,nan,cold,2832,3.9468428525424315e-14,32;0;0;0
38.400000000000276,22.455772671245562,0.7036205029819219,nan,cold,2838,3.627653732962699e-14,32;0;0;0
38.50000000000028,22.397263393817337,0.7123225449421214,nan,cold,2844,3.605449272470196e-14,32;0;0;0
38.60000000000028,20.299117166233145,0.6217151629577424,nan,cold,2852,3.952393967665557e-14,32;0;0;0
38.70000000000028,22.504013126525592,0.703242886627438,nan,cold,2858,4.41591208044656e-14,32;0;0;0
38.80000000000028,22.739407277833678,0.7089196258436417,nan,cold,2863,3.8941072588727366e-14,32;0;0;0
38.90000000000028,23.34107886207853,0.7462443344495048,nan,cold,2869,3.7470027081099033e-14,32;0;0;0
39.000000000000284,24.545979836194082,0.7907475180237198,nan,cold,2880,3.6692870963861424e-14,32;0;0;0
39.100000000000286,26.13418163428992,0.8351115120141827,nan,cold,2889,3.652633751016765e-14,32;0;0;0
39.20000000000029,27.15839149611916,0.8660652439732826,nan,cold,2897,4.3298697960381105e-14,32;0;0;0
39.30000000000029,27.356378646440255,0.8782795274018957,nan,cold,2900,3.755329380794592e-14,32;0;0;0
39.40000000000029,29.31150774413484,0.935205249629596,nan,cold,2906,4.3021142204224816e-14,32;0;0;0
39.50000000000029,25.017312205472802,0.7971314773682117,nan,cold,2913,4.1466829969749597e-14,32;0;0;0
39.60000000000029,26.07392020267824,0.8230605343439572,nan,cold,2918,3.858025010572419e-14,32;0;0;0
39.700000000000294,24.38696969625709,0.7622196314404148,nan,cold,2926,3.70536934468646e-14,32;0;0;0
39.800000000000296,23.652045950603615,0.7317838660108198,nan,cold,2933,4.143907439413397e-14,32;0;0;0
39.9000000000003,23.311320699403574,0.7252416198135601,nan,cold,2940,4.241051954068098e-14,32;0;0;0
40.0000000000003,24.835768894375455,0.7682157276282375,nan,cold,2948,3.9440672949808686e-14,32;0;0;0
40.1000000000003,30.137815668016806,0.9461466437946633,nan,cold,2958,3.863576125695545e-14,32;0;0;0
40.2000000000003,30.91108534294947,0.9793288773083447,nan,cold,2963,3.966271755473372e-14,32;0;0;0
40.3000000000003,32.13600179361015,1.022460588061174,nan,cold,2972,3.5083047578154947e-14,32;0;0;0
40.400000000000304,27.683676256379453,0.8816697246429901,nan,cold,2975,3.966271755473372e-14,32;0;0;0
40.500000000000306,25.129030383566484,0.8090079936463039,nan,cold,2983,4.143907439413397e-14,32;0;0;0
40.60000000000031,23.605739414723654,0.7597324162680258,nan,cold,2991,4.7156722970953524e-14,32;0;0;0
40.70000000000031,23.24990934087306,0.7470257037037827,nan,cold,2997,4.288236432614667e-14,32;0;0;0
40.80000000000031,20.937596338347273,0.6667915516106567,nan,cold,3000,4.299338662860919e-14,32;0;0;0
40.90000000000031,22.919777244171247,0.7369480209209672,nan,cold,3007,3.7164715749327115e-14,32;0;0;0
41.00000000000031,23.69610858453681,0.758710172686572,nan,cold,3010,4.1217029789208937e-14,32;0;0;0
41.100000000000314,22.794916813918288,0.7188682030708138,nan,cold,3017,4.593547764386585e-14,32;0;0;0
41.200000000000315,21.05388742176367,0.653963407708287,nan,cold,3025,4.2493786267527867e-14,32;0;0;0
41.30000000000032,23.84121711962605,0.7471012597657022,nan,cold,3035,3.2585045772748344e-14,32;0;0;0
41.40000000000032,25.241387539055605,0.7883662509501508,nan,cold,3039,3.785860513971784e-14,32;0;0;0
41.50000000000032,23.804630421577784,0.7415554977014964,nan,cold,3044,3.647082635893639e-14,32;0;0;0
41.60000000000032,26.326774052100575,0.8367558728263406,nan,cold,3048,3.658184866139891e-14,32;0;0;0
41.70000000000032,25.80564672384408,0.8209989809025358,nan,cold,3054,3.647082635893639e-14,32;0;0;0
41.800000000000324,22.221281164242107,0.7051690839590481,nan,cold,3062,3.913536161803677e-14,32;0;0;0
41.900000000000325,21.375645424138902,0.6742484981381596,nan,cold,3064,4.013456234019941e-14,32;0;0;0
42.00000000000033,22.41634409380707,0.6905509340672288,nan,cold,3072,3.9995784462121264e-14,32;0;0;0
42.10000000000033,21.807466993723665,0.683832762355482,nan,cold,3078,3.4583447217073626e-14,32;0;0;0
42.20000000000033,23.33848896517325,0.7442218600705558,nan,cold,3083,3.9745984281580604e-14,32;0;0;0
42.30000000000033,22.678195443461608,0.7226352604545453,nan,cold,3090,3.752553823233029e-14,32;0;0;0
42.40000000000033,25.738686263806414,0.804663213524624,nan,cold,3093,4.107825191113079e-14,32;0;0;0
42.500000000000334,21.886492345133234,0.6726278928619185,nan,cold,3098,3.6137759451548845e-14,32;0;0;0
42.600000000000335,21.886451291746035,0.6682014801277405,nan,cold,3104,3.860800568133982e-14,32;0;0;0
42.70000000000034,21.384048186338696,0.6698436379294254,nan,cold,3108,4.1300296516055823e-14,32;0;0;0
42.80000000000034,19.266000537490747,0.613302014690515,nan,cold,3114,4.551914400963142e-14,32;0;0;0
42.90000000000034,21.04531718171624,0.6755438277897503,nan,cold,3119,4.773959005888173e-14,32;0;0;0
43.00000000000034,21.290927525927387,0.672578643142661,nan,cold,3127,4.1466829969749597e-14,32;0;0;0
43.10000000000034,22.319380987999597,0.7031888059007332,nan,cold,3131,4.010680676458378e-14,32;0;0;0
43.200000000000344,22.411315028613114,0.7077954204754169,nan,cold,3135,4.6379566853715914e-14,32;0;0;0
43.300000000000345,21.00834577110928,0.6639911508033652,nan,cold,3142,4.138356324290271e-14,32;0;0;0
43.40000000000035,18.95873857051113,0.5914042089139633,nan,cold,3149,4.0745185003743245e-14,32;0;0;0
43.50000000000035,17.812584223453683,0.5499903018958598,nan,cold,3152,4.1300296516055823e-14,32;0;0;0
43.60000000000035,19.847271732030098,0.6122616314488255,nan,cold,3159,4.06064071256651e-14,32;0;0;0
43.70000000000035,20.467326895084195,0.6509627015211704,nan,cold,3165,4.1550096696596484e-14,32;0;0;0
43.80000000000035,18.70384963680284,0.5762818432478665,nan,cold,3171,4.7156722970953524e-14,32;0;0;0
43.900000000000354,22.773397766118787,0.7089561764914162,nan,cold,3178,4.446443213623752e-14,32;0;0;0
44.000000000000355,22.77334513513634,0.7117129057807443,nan,cold,3183,4.3270942384765476e-14,32;0;0;0
44.10000000000036,22.763314503543103,0.7275870604126625,nan,cold,3191,4.599098879509711e-14,32;0;0;0
44.20000000000036,23.349716777320996,0.7378715569226019,nan,cold,3195,4.599098879509711e-14,32;0;0;0
44.30000000000036,27.849862145382442,0.8541340569868641,nan,cold,3203,5.340172748447003e-14,32;0;0;0
44.40000000000036,24.438545657088948,0.7375849724241645,nan,cold,3209,5.415112802609201e-14,32;0;0;0
44.50000000000036,24.588958091106683,0.757055830976262,nan,cold,3214,5.137557046452912e-14,32;0;0;0
44.600000000000364,23.33521875621691,0.7233730224002413,nan,cold,3218,5.320743845516063e-14,32;0;0;0
44.700000000000365,20.715085728486493,0.6647478392341524,nan,cold,3226,5.551115123125783e-14,32;0;0;0
44.80000000000037,20.372211759661024,0.6439728498467167,nan,cold,3232,5.972999872483342e-14,32;0;0;0
44.90000000000037,20.372153983270557,0.6439728498467164,nan,cold,3233,5.94246873930615e-14,32;0;0;0
45.00000000000037,20.372096406879606,0.6439728498467165,nan,cold,3235,5.523359547510154e-14,32;0;0;0
45.10000000000037,22.17975203322831,0.7063476134323451,nan,cold,3245,4.9210635566510064e-14,32;0;0;0
45.20000000000037,21.576153213676513,0.68906716900053,nan,cold,3253,4.707345624410664e-14,32;0;0;0
45.300000000000374,20.951598673709807,0.6646347807632699,nan,adiabatic_expansion,3257,4.973799150320701e-14,32;0;0;0
45.400000000000375,20.95154188897718,0.6737770331808094,nan,adiabatic_expansion,3262,4.668487818548783e-14,32;0;0;0
45.50000000000038,20.951485304244635,0.6744509787874806,nan,adiabatic_expansion,3271,4.9932280532516415e-14,32;0;0;0
45.60000000000038,20.951428983506712,0.6699893552012114,nan,adiabatic_expansion,3278,5.159761506945415e-14,32;0;0;0
45.70000000000038,20.95137324586937,0.6681895991211906,nan,adiabatic_expansion,3284,4.821143484434742e-14,32;0;0;0
45.80000000000038,20.951318343055327,0.6318732290105948,nan,adiabatic_expansion,3289,5.3040905001466854e-14,32;0;0;0
45.90000000000038,20.951264828566067,0.6125640439989853,nan,adiabatic_expansion,3295,5.004330283497893e-14,32;0;0;0
46.000000000000384,20.951211514082836,0.5879920739514681,nan,adiabatic_expansion,3305,4.9960036108132044e-14,32;0;0;0
46.100000000000385,20.951159477444907,0.6414498754715114,nan,adiabatic_expansion,3311,5.187517082561044e-14,32;0;0;0
46.20000000000039,20.951107737250734,0.653215066551967,nan,adiabatic_expansion,3317,5.1458837191376006e-14,32;0;0;0
46.30000000000039,20.95105619707315,0.6644367205119303,nan,adiabatic_expansion,3321,5.2735593669694936e-14,32;0;0;0
46.40000000000039,20.951004856917347,0.6591218174149766,nan,adiabatic_expansion,3327,4.954370247389761e-14,32;0;0;0
46.50000000000039,20.950953716789403,0.6458999016836271,nan,adiabatic_expansion,3335,4.9682480351975755e-14,32;0;0;0
46.60000000000039,20.950902776696292,0.6668211895450348,nan,adiabatic_expansion,3341,5.0431880893597736e-14,32;0;0;0
46.700000000000394,20.95085203664592,0.6713175227120436,nan,adiabatic_expansion,3348,4.9710235927591384e-14,32;0;0;0
46.800000000000395,20.95080231740705,0.6716218510658896,nan,adiabatic_expansion,3352,5.434541705540141e-14,32;0;0;0
46.9000000000004,20.95075441511414,0.6716218510658896,nan,adiabatic_expansion,3359,4.937716902020384e-14,32;0;0;0
47.0000000000004,20.950706712885648,0.6716218510658896,nan,adiabatic_expansion,3362,5.112577028398846e-14,32;0;0;0
47.1000000000004,20.95066023367009,0.6703547268431904,nan,adiabatic_expansion,3366,5.0209836288672705e-14,32;0;0;0
47.2000000000004,20.950615449273098,0.6643786052217082,nan,adiabatic_expansion,3371,4.976574707882264e-14,32;0;0;0
47.3000000000004,20.950570864961186,0.6648158171757512,nan,adiabatic_expansion,3378,4.7628567756419216e-14,32;0;0;0
47.400000000000404,20.950526480744415,0.6652752236520949,nan,adiabatic_expansion,3380,4.7378767575878555e-14,32;0;0;0
47.500000000000405,20.950486091276854,0.6747482102685869,nan,adiabatic_expansion,3387,4.7684078907650473e-14,32;0;0;0
47.600000000000406,20.950460121100285,0.6743508100595249,nan,adiabatic_expansion,3392,4.5852210917018965e-14,32;0;0;0
47.70000000000041,20.95043435096084,0.6727823102243831,nan,adiabatic_expansion,3398,4.934941344458821e-14,32;0;0;0
47.80000000000041,20.950408780859945,0.6694906253621865,nan,adiabatic_expansion,3400,4.951594689828198e-14,32;0;0;0
47.90000000000041,20.95038341079899,0.6526610795237268,nan,adiabatic_expansion,3403,4.318767565791859e-14,32;0;0;0
48.00000000000041,20.950358240779344,0.6549730134139177,nan,adiabatic_expansion,3407,4.085620730620576e-14,32;0;0;0
48.10000000000041,20.95033327080231,0.6549730134139178,nan,adiabatic_expansion,3408,4.3021142204224816e-14,32;0;0;0
48.200000000000415,20.950316959192136,0.6682764181192938,nan,adiabatic_expansion,3414,3.941291737419306e-14,32;0;0;0
48.300000000000416,20.950304844266356,0.6705804767383985,nan,adiabatic_expansion,3420,4.3298697960381105e-14,32;0;0;0
48.40000000000042,20.95029292931565,0.6601325132969597,nan,adiabatic_expansion,3426,3.988476215965875e-14,32;0;0;0
48.50000000000042,20.950281214341214,0.6332718881622428,nan,adiabatic_expansion,3432,4.5852210917018965e-14,32;0;0;0
48.60000000000042,20.95026969934414,0.6644907804354578,nan,adiabatic_expansion,3439,4.2243986086987206e-14,32;0;0;0
48.70000000000042,20.950258384325508,0.6654069026274542,nan,adiabatic_expansion,3446,4.3021142204224816e-14,32;0;0;0
48.80000000000042,20.950247269286322,0.672639036861573,nan,adiabatic_expansion,3455,4.2826853174915414e-14,32;0;0;0
48.900000000000425,20.950223288693,0.6569494596160435,nan,adiabatic_expansion,3462,4.5879966492634594e-14,32;0;0;0
49.000000000000426,20.95017474465921,0.6524977699353742,nan,adiabatic_expansion,3467,4.9432680171435095e-14,32;0;0;0
49.10000000000043,20.95012640046143,0.65063971435816,nan,adiabatic_expansion,3470,4.368727601899991e-14,32;0;0;0
49.20000000000043,20.950078256119827,0.6539018192073109,nan,adiabatic_expansion,3475,4.2577052994374753e-14,32;0;0;0
49.30000000000043,20.950030311652757,0.6562872428079842,nan,adiabatic_expansion,3483,3.8941072588727366e-14,32;0;0;0
49.40000000000043,20.949982567076876,0.6554417290733947,nan,adiabatic_expansion,3490,4.2299497238218464e-14,32;0;0;0
49.50000000000043,20.949935022407214,0.6225143782377187,nan,adiabatic_expansion,3497,4.3076653355456074e-14,32;0;0;0
49.600000000000435,20.94988767765729,0.64575508396725,nan,adiabatic_expansion,3505,4.266031972122164e-14,32;0;0;0
49.700000000000436,20.949840532839204,0.6596664565784666,nan,adiabatic_expansion,3509,4.221623051137158e-14,32;0;0;0
49.80000000000044,20.949793587963715,0.670476832101225,nan,adiabatic_expansion,3515,4.141131881851834e-14,32;0;0;0
49.90000000000044,20.94974684304034,0.6683100697843902,nan,adiabatic_expansion,3519,4.082845173059013e-14,32;0;0;0
50.00000000000044,20.949696707884055,0.6536668228276599,nan,adiabatic_expansion,3526,4.293787547737793e-14,32;0;0;0
50.10000000000044,20.94964527274433,0.6731389363297757,nan,adiabatic_expansion,3532,4.371503159461554e-14,32;0;0;0
50.20000000000044,20.94959403757407,0.6699530164123051,nan,adiabatic_expansion,3535,4.6157522248790883e-14,32;0;0;0
50.300000000000445,20.94954300238028,0.6537707658760992,nan,adiabatic_expansion,3542,4.0967229608668276e-14,32;0;0;0
50.400000000000446,20.94949216716881,0.6724555548794844,nan,adiabatic_expansion,3549,4.515832152662824e-14,32;0;0;0
50.50000000000045,20.949441531944398,0.6696048667099702,nan,adiabatic_expansion,3552,4.6851411639181606e-14,32;0;0;0
50.60000000000045,20.949391096710844,0.6696048667099702,nan,adiabatic_expansion,3552,4.488076577047195e-14,32;0;0;0
50.70000000000045,20.94934086147111,0.6658783585477637,nan,adiabatic_expansion,3557,4.451994328746878e-14,32;0;0;0
50.80000000000045,20.949290826227422,0.6624408089752183,nan,adiabatic_expansion,3561,4.171663015029026e-14,32;0;0;0
50.90000000000045,20.94924099098139,0.6671184387399284,nan,adiabatic_expansion,3569,4.216071936014032e-14,32;0;0;0
51.000000000000455,20.949191166311522,0.6146189162467438,nan,adiabatic_expansion,3577,4.3326453535996734e-14,32;0;0;0
51.100000000000456,20.949141466779494,0.590412748002627,nan,adiabatic_expansion,3588,4.193867475521529e-14,32;0;0;0
51.20000000000046,20.949091967247266,0.5937756150458281,nan,adiabatic_expansion,3592,4.0717429428127616e-14,32;0;0;0
51.30000000000046,20.949042667715,0.6443487995866093,nan,adiabatic_expansion,3598,4.08006961549745e-14,32;0;0;0
51.40000000000046,23.045795931141598,0.7282729215588636,nan,cold,3608,4.221623051137158e-14,32;0;0;0
51.50000000000046,23.293923873902507,0.7362632007397379,nan,cold,3616,4.293787547737793e-14,32;0;0;0
51.60000000000046,24.45477374587758,0.7823930008639534,nan,cold,3620,4.346523141407488e-14,32;0;0;0
51.700000000000465,27.7287783364997,0.8519224542271334,nan,cold,3627,4.5879966492634594e-14,32;0;0;0
51.800000000000466,26.450286809912225,0.7845607263366352,nan,cold,3636,4.693467836602849e-14,32;0;0;0
51.90000000000047,24.310454424896232,0.6814787105645388,nan,cold,3648,4.5380366131553274e-14,32;0;0;0
52.00000000000047,24.510519092287716,0.6906089864836978,nan,cold,3650,4.5047299224165727e-14,32;0;0;0
52.10000000000047,24.24099333515068,0.726091392649212,nan,cold,3653,4.8711035205428743e-14,32;0;0;0
52.20000000000047,19.813162422032036,0.6352646332201478,nan,cold,3662,4.829470157119431e-14,32;0;0;0
52.30000000000047,20.53751724186849,0.6512743648685357,nan,cold,3670,5.290212712338871e-14,32;0;0;0
52.400000000000475,21.018634043351295,0.6646676789936689,nan,cold,3673,4.8183679268731794e-14,32;0;0;0
52.500000000000476,23.076385902977567,0.7319749930333481,nan,cold,3683,4.9182879990894435e-14,32;0;0;0
52.60000000000048,24.515353402820814,0.7890383921753568,nan,cold,3688,5.342948306008566e-14,32;0;0;0
52.70000000000048,24.115047003929277,0.7600158759936739,nan,cold,3693,5.459521723594207e-14,32;0;0;0
52.80000000000048,20.990018476897003,0.6723666324349512,nan,cold,3697,6.147859998861804e-14,32;0;0;0
52.90000000000048,22.82290969301043,0.73564547513621,nan,cold,3703,5.645484080218921e-14,32;0;0;0
53.00000000000048,22.250033835822286,0.7169183143937917,nan,cold,3709,5.592748486549226e-14,32;0;0;0
53.100000000000485,26.462303293227823,0.8377346662839851,nan,cold,3715,5.6316062924111066e-14,32;0;0;0
53.200000000000486,25.564373765241854,0.7634645132440372,nan,cold,3721,5.900835375882707e-14,32;0;0;0
53.30000000000049,26.07512295733235,0.8155883736469006,nan,cold,3726,5.848099782213012e-14,32;0;0;0
53.40000000000049,28.874841830698525,0.9161036129570045,nan,cold,3733,5.3540505362548174e-14,32;0;0;0
53.50000000000049,29.114299155314722,0.9225909933321149,nan,cold,3737,5.334621633323877e-14,32;0;0;0
53.60000000000049,29.114259027137035,0.9225909933321149,nan,cold,3737,5.2013948703688584e-14,32;0;0;0
53.70000000000049,25.130423432088968,0.7744419949036846,nan,cold,3743,5.467848396278896e-14,32;0;0;0
53.800000000000495,25.934169344740205,0.8105139311802062,nan,cold,3749,5.71209746169643e-14,32;0;0;0
53.900000000000496,25.41021618865059,0.7730559815740007,nan,cold,3755,5.179190409876355e-14,32;0;0;0
54.0000000000005,25.858147701031903,0.7909558631688637,nan,cold,3762,5.6593618680267355e-14,32;0;0;0
54.1000000000005,26.220290996947245,0.804377784302615,nan,cold,3774,5.77871084317394e-14,32;0;0;0
54.2000000000005,26.52919820158722,0.8136810312424908,nan,cold,3777,5.753730825119874e-14,32;0;0;0
54.3000000000005,27.456821221313955,0.8666584228093703,nan,cold,3783,5.265232694284805e-14,32;0;0;0
54.4000000000005,27.079199070329807,0.8367877362954613,nan,cold,3788,5.2985393850235596e-14,32;0;0;0
54.500000000000504,28.191547818131955,0.8828398342427689,nan,cold,3794,5.6343818499726694e-14,32;0;0;0
54.600000000000506,28.155511298967493,0.8828081118968135,nan,cold,3803,5.5844218138645374e-14,32;0;0;0
54.70000000000051,30.40689344879456,0.9765537165452373,nan,cold,3813,6.400435736964027e-14,32;0;0;0
54.80000000000051,29.35051780995786,0.9465497380237679,nan,cold,3819,6.236677840831817e-14,32;0;0;0
54.90000000000051,29.634381472366883,0.9536856969078514,nan,cold,3827,6.350475700855895e-14,32;0;0;0
55.00000000000051,29.80808183058937,0.9599571991778871,nan,cold,3832,6.158962229108056e-14,32;0;0;0
55.10000000000051,28.914773056719273,0.9295994609419043,nan,cold,3838,5.564992910933597e-14,32;0;0;0
55.200000000000514,29.92072577930839,0.9349088435738084,nan,cold,3849,5.92303983637521e-14,32;0;0;0
55.300000000000516,29.447018551086295,0.9283237511580118,nan,cold,3853,6.075695502261169e-14,32;0;0;0
55.40000000000052,29.581781612859526,0.941384685533933,nan,cold,3858,6.053491041768666e-14,32;0;0;0
55.50000000000052,29.581757205103766,0.941384685533933,nan,cold,3864,5.995204332975845e-14,32;0;0;0
55.60000000000052,28.174654055220582,0.8818806708655798,nan,cold,3873,6.031286581276163e-14,32;0;0;0
55.70000000000052,24.58100445541336,0.7778217627498919,nan,cold,3877,6.472600233564663e-14,32;0;0;0
55.80000000000052,26.48433916374419,0.8517186244963958,nan,cold,3887,6.578071420904053e-14,32;0;0;0
55.900000000000524,28.458013482495385,0.9115726884884345,nan,cold,3893,6.702971511174383e-14,32;0;0;0
56.000000000000526,27.665625906532217,0.8817828012320622,nan,cold,3899,6.658562590189376e-14,32;0;0;0
56.10000000000053,28.36937910015508,0.9056566962765981,nan,cold,3910,7.002731727823175e-14,32;0;0;0
56.20000000000053,28.33408897873859,0.8928890101131551,nan,cold,3913,6.71962485654376e-14,32;0;0;0
56.30000000000053,26.672239564664267,0.8504316370607443,nan,cold,3922,6.791789353144395e-14,32;0;0;0
56.40000000000053,29.41851893698702,0.9386939527988223,nan,cold,3930,6.139533326177116e-14,32;0;0;0
56.50000000000053,30.606872254578185,0.9758375176300006,nan,cold,3938,5.42343947529389e-14,32;0;0;0
56.600000000000534,29.01364553954172,0.9201541746962059,nan,cold,3944,6.13398221105399e-14,32;0;0;0
56.700000000000536,26.51502648655718,0.8373038131550224,nan,cold,3953,5.900835375882707e-14,32;0;0;0
56.80000000000054,26.69185788145989,0.8462272400909395,nan,cold,3955,6.214473380339314e-14,32;0;0;0
56.90000000000054,27.3100826852139,0.846302878032953,nan,cold,3964,6.04793992664554e-14,32;0;0;0
57.00000000000054,26.498893494282235,0.8457669809186422,nan,cold,3972,5.156985949383852e-14,32;0;0;0
57.10000000000054,25.326860981781785,0.7959702335903257,nan,cold,3987,5.5011550870176507e-14,32;0;0;0
57.20000000000054,26.137814151092805,0.819013290325901,nan,cold,3995,4.6157522248790883e-14,32;0;0;0
57.300000000000544,26.445792548373987,0.8127026468325645,nan,cold,4004,4.160560784782774e-14,32;0;0;0
57.400000000000546,27.140595982399866,0.835831681787438,nan,cold,4009,4.0717429428127616e-14,32;0;0;0
57.50000000000055,29.656200469869383,0.9342750978868365,nan,cold,4017,4.388156504830931e-14,32;0;0;0
57.60000000000055,26.951607014380098,0.8562734540342164,nan,cold,4023,4.476974346800944e-14,32;0;0;0
57.70000000000055,28.774512396733908,0.9088409446761122,nan,cold,4032,4.6657122609872204e-14,32;0;0;0
57.80000000000055,27.51048835221289,0.8735186330066738,nan,cold,4036,4.6157522248790883e-14,32;0;0;0
57.90000000000055,27.438421766404453,0.8512029846240026,nan,cold,4043,4.157785227221211e-14,32;0;0;0
58.000000000000554,27.697758328746286,0.8648710410864738,nan,cold,4052,4.876654635666e-14,32;0;0;0
58.100000000000556,25.646236673664525,0.7984977881422167,nan,cold,4057,4.9682480351975755e-14,32;0;0;0
58.20000000000056,23.81219550428139,0.7429055896907921,nan,cold,4064,3.835820550079916e-14,32;0;0;0
58.30000000000056,24.27017173399823,0.759680307461214,nan,cold,4068,4.2826853174915414e-14,32;0;0;0
58.40000000000056,20.235400896020394,0.6406923465588038,nan,cold,4076,4.18554080283684e-14,32;0;0;0
58.50000000000056,20.235363609166683,0.6406923465588038,nan,cold,4080,4.0745185003743245e-14,32;0;0;0
58.60000000000056,26.00499172813606,0.8195402000916101,nan,cold,4088,4.393707619954057e-14,32;0;0;0
58.700000000000564,26.330488745792312,0.830594598431586,nan,cold,4093,4.465872116554692e-14,32;0;0;0
58.800000000000566,26.47757560508659,0.835079637682225,nan,cold,4098,4.5630166312093934e-14,32;0;0;0
58.90000000000057,26.47753906707216,0.8413746126993406,nan,adiabatic_expansion,4110,4.1522341120980855e-14,32;0;0;0
59.00000000000057,26.47750272897729,0.8478951209269042,nan,adiabatic_expansion,4116,4.5075054799781356e-14,32;0;0;0
59.10000000000057,26.47746659088242,0.8506157104172979,nan,adiabatic_expansion,4120,4.0523140398818214e-14,32;0;0;0
59.20000000000057,26.477430652787607,0.8504120379944169,nan,adiabatic_expansion,4123,4.932165786897258e-14,32;0;0;0
59.30000000000057,26.47739491469291,0.8506193359650281,nan,adiabatic_expansion,4128,4.696243394164412e-14,32;0;0;0
59.400000000000574,26.47735937659847,0.8372566930011062,nan,adiabatic_expansion,4133,4.7628567756419216e-14,32;0;0;0
59.500000000000576,26.477324204498974,0.8340736328174957,nan,adiabatic_expansion,4138,4.64628335805628e-14,32;0;0;0
59.60000000000058,26.477289634176206,0.8528052387582341,nan,adiabatic_expansion,4144,4.807265696626928e-14,32;0;0;0
59.70000000000058,26.477255263854513,0.8474419935441985,nan,adiabatic_expansion,4150,4.474198789239381e-14,32;0;0;0
59.80000000000058,26.477221260163507,0.8463432632031478,nan,adiabatic_expansion,4158,4.676814491233472e-14,32;0;0;0
59.90000000000058,26.47718766337078,0.8498561863803327,nan,adiabatic_expansion,4160,4.651834473179406e-14,32;0;0;0
60.00000000000058,26.477154266580705,0.8509467300443676,nan,adiabatic_expansion,4166,4.7933879088191134e-14,32;0;0;0
60.100000000000584,26.477121149426388,0.8206197408471951,nan,adiabatic_expansion,4175,4.8711035205428743e-14,32;0;0;0
60.200000000000585,26.47708877910595,0.8254350295299877,nan,adiabatic_expansion,4182,4.29101199017623e-14,32;0;0;0
60.30000000000059,26.477056608790424,0.7666966483841388,nan,adiabatic_expansion,4192,4.704570066849101e-14,32;0;0;0
60.40000000000059,26.477024638480753,0.8160953611752041,nan,adiabatic_expansion,4196,4.6324055702484657e-14,32;0;0;0
60.50000000000059,26.476992868177998,0.8535760755790699,nan,adiabatic_expansion,4202,4.3798298321462426e-14,32;0;0;0
60.60000000000059,26.47696129788331,0.8535760755790699,nan,adiabatic_expansion,4205,4.388156504830931e-14,32;0;0;0
60.70000000000059,26.476929927597922,0.8515195801436879,nan,adiabatic_expansion,4209,4.41591208044656e-14,32;0;0;0
60.800000000000594,26.476901330971288,0.8531636918528399,nan,adiabatic_expansion,4215,4.3520742565306136e-14,32;0;0;0
60.900000000000595,26.47687378036209,0.8451781341611339,nan,adiabatic_expansion,4223,4.371503159461554e-14,32;0;0;0
61.0000000000006,26.476846429763096,0.8428007424083924,nan,adiabatic_expansion,4228,4.493627692170321e-14,32;0;0;0
61.1000000000006,26.476825841749623,0.8398818312730785,nan,adiabatic_expansion,4237,4.449218771185315e-14,32;0;0;0
61.2000000000006,26.47680675020623,0.8403929468224332,nan,adiabatic_expansion,4242,4.5879966492634594e-14,32;0;0;0
61.3000000000006,26.4767878586684,0.8469792853546556,nan,adiabatic_expansion,4250,4.9710235927591384e-14,32;0;0;0
61.4000000000006,26.476769167136336,0.8443801224724121,nan,adiabatic_expansion,4254,4.7628567756419216e-14,32;0;0;0
61.500000000000604,26.47675067561025,0.8526349935718794,nan,adiabatic_expansion,4261,4.7101211819722266e-14,32;0;0;0
61.600000000000605,26.476736553950122,0.8479995556160099,nan,adiabatic_expansion,4279,4.8877568659122517e-14,32;0;0;0
61.70000000000061,26.47672320783409,0.8345712285420931,nan,adiabatic_expansion,4283,4.604649994632837e-14,32;0;0;0
61.80000000000061,26.476711271403403,0.8375702365152583,nan,adiabatic_expansion,4289,4.987676938128516e-14,32;0;0;0
61.90000000000061,26.47670006970442,0.8410529034055313,nan,adiabatic_expansion,4294,4.98212582300539e-14,32;0;0;0
62.00000000000061,26.476689132946944,0.8433845739615201,nan,adiabatic_expansion,4298,4.657385588302532e-14,32;0;0;0
62.10000000000061,26.476682254441307,0.8479710960244583,nan,adiabatic_expansion,4304,4.912736883966318e-14,32;0;0;0
62.200000000000614,26.476676151852274,0.8486439783768093,nan,adiabatic_expansion,4310,4.599098879509711e-14,32;0;0;0
62.300000000000615,26.47667431906387,0.8368831663841306,nan,adiabatic_expansion,4321,4.6157522248790883e-14,32;0;0;0
62.40000000000062,26.476672686272735,0.8058436562938096,nan,adiabatic_expansion,4323,4.346523141407488e-14,32;0;0;0
62.50000000000062,26.476671253478834,0.820468864862432,nan,adiabatic_expansion,4328,4.649058915617843e-14,32;0;0;0
62.60000000000062,26.476667708867684,0.83802622566655,nan,adiabatic_expansion,4335,4.6906922790412864e-14,32;0;0;0
62.70000000000062,26.476662249117563,0.8449823007262234,nan,adiabatic_expansion,4345,4.604649994632837e-14,32;0;0;0
62.80000000000062,26.47665698936379,0.8398904164202914,nan,adiabatic_expansion,4351,4.3021142204224816e-14,32;0;0;0
62.900000000000624,26.476651929606515,0.8453088368543282,nan,adiabatic_expansion,4355,4.754530102957233e-14,32;0;0;0
63.000000000000625,26.476644449587912,0.8498179376279883,nan,adiabatic_expansion,4362,4.64628335805628e-14,32;0;0;0
63.10000000000063,26.47663371519034,0.841230441894406,nan,adiabatic_expansion,4372,4.6629367034256575e-14,32;0;0;0
63.20000000000063,26.476618406271687,0.8530183806159533,nan,adiabatic_expansion,4380,4.682365606356598e-14,32;0;0;0
63.30000000000063,26.47659578907306,0.838126993180926,nan,adiabatic_expansion,4386,4.948819132266635e-14,32;0;0;0
63.40000000000063,26.476573371859942,0.8430643718473259,nan,adiabatic_expansion,4394,4.8655524054197485e-14,32;0;0;0
63.50000000000063,26.47655115463372,0.819765394007314,nan,adiabatic_expansion,4396,4.823919041996305e-14,32;0;0;0
63.600000000000634,26.47652913739567,0.8539930405460865,nan,adiabatic_expansion,4405,4.779510121011299e-14,32;0;0;0
63.700000000000635,26.476506674298776,0.851791174852255,nan,adiabatic_expansion,4407,4.832245714680994e-14,32;0;0;0
63.80000000000064,26.4764828636053,0.8453382980454999,nan,adiabatic_expansion,4412,5.3235194030776256e-14,32;0;0;0
63.90000000000064,26.47645666732493,0.8145219739649646,nan,adiabatic_expansion,4415,5.2208237732997986e-14,32;0;0;0
64.00000000000064,26.476427889897018,0.7533450802757273,nan,adiabatic_expansion,4424,5.2985393850235596e-14,32;0;0;0
64.10000000000063,26.47639931245797,0.7533450802757274,nan,adiabatic_expansion,4427,5.0431880893597736e-14,32;0;0;0
64.20000000000063,26.476367938407563,0.7848090177286504,nan,adiabatic_expansion,4432,5.420663917732327e-14,32;0;0;0
64.30000000000062,26.47633605189521,0.8218749677294714,nan,adiabatic_expansion,4437,5.3290705182007514e-14,32;0;0;0
64.40000000000062,26.47630351054428,0.8412116391550014,nan,adiabatic_expansion,4443,4.7351012000262926e-14,32;0;0;0
64.50000000000061,26.476271169185967,0.8377948674066933,nan,adiabatic_expansion,4446,4.782285678572862e-14,32;0;0;0
64.6000000000006,26.47623882163014,0.8325793706294983,nan,adiabatic_expansion,4455,4.904410211281629e-14,32;0;0;0
64.7000000000006,26.47620557296951,0.7885327448118249,nan,adiabatic_expansion,4463,4.876654635666e-14,32;0;0;0
64.8000000000006,26.476172524304758,0.8120666660212358,nan,adiabatic_expansion,4470,4.951594689828198e-14,32;0;0;0
64.90000000000059,26.47613967563682,0.8373596525161154,nan,adiabatic_expansion,4476,4.873879078104437e-14,32;0;0;0
65.00000000000058,26.476107026966467,0.8283257963157974,nan,adiabatic_expansion,4481,4.860001290296623e-14,32;0;0;0
65.10000000000058,26.476074578294334,0.8219604229590802,nan,adiabatic_expansion,4487,5.1986193128072955e-14,32;0;0;0
65.20000000000057,26.47604219381453,0.8356149056314716,nan,adiabatic_expansion,4492,5.5261351050717167e-14,32;0;0;0
65.30000000000057,26.47600958286041,0.8400246743095826,nan,adiabatic_expansion,4499,5.695444116327053e-14,32;0;0;0
65.40000000000056,26.475977171905683,0.8315380039680276,nan,adiabatic_expansion,4502,5.082045895221654e-14,32;0;0;0
65.50000000000055,26.475944960950592,0.8243344949208757,nan,adiabatic_expansion,4507,5.162537064506978e-14,32;0;0;0
65.60000000000055,26.475912837589185,0.8509044593247553,nan,adiabatic_expansion,4517,5.345723863570129e-14,32;0;0;0
65.70000000000054,26.475880853773674,0.8524261537094513,nan,adiabatic_expansion,4523,5.2458037913538647e-14,32;0;0;0
65.80000000000054,26.47584902087146,0.8489327138482783,nan,adiabatic_expansion,4534,5.012656956182582e-14,32;0;0;0
65.90000000000053,26.47581738664758,0.8519873797661551,nan,adiabatic_expansion,4543,4.832245714680994e-14,32;0;0;0
66.00000000000053,26.475785941063112,0.8436484995076543,nan,cold,4548,4.9932280532516415e-14,32;0;0;0
66.10000000000052,26.31462254158245,0.8341540051040539,nan,cold,4554,5.034861416675085e-14,32;0;0;0
66.20000000000051,27.074412773488504,0.8553269176536715,nan,cold,4562,4.343747583845925e-14,32;0;0;0
66.30000000000051,25.128124185727224,0.7618237119081691,nan,cold,4571,4.0467629247586956e-14,32;0;0;0
66.4000000000005,23.43485581319585,0.7391478503312487,nan,cold,4575,4.2021941482062175e-14,32;0;0;0
66.5000000000005,22.024769791135178,0.7094080462873551,nan,cold,4580,4.016231791581504e-14,32;0;0;0
66.60000000000049,22.899680460346605,0.7201982904118418,nan,cold,4586,4.043987367197133e-14,32;0;0;0
66.70000000000049,22.345762946610286,0.711616099559346,nan,cold,4591,4.013456234019941e-14,32;0;0;0
66.80000000000048,23.154486307890235,0.739758166389206,nan,cold,4600,3.835820550079916e-14,32;0;0;0
66.90000000000047,23.401279312664627,0.7539462645819819,nan,cold,4606,3.988476215965875e-14,32;0;0;0
67.00000000000047,22.856824422534437,0.7318533113029122,nan,cold,4610,4.0023540037736893e-14,32;0;0;0
67.10000000000046,20.810279038236505,0.666419852352385,nan,cold,4616,3.963496197911809e-14,32;0;0;0
67.20000000000046,21.242427229266223,0.673499929836624,nan,cold,4619,4.110600748674642e-14,32;0;0;0
67.30000000000045,21.026871800696007,0.6615039464693989,nan,cold,4625,4.826694599557868e-14,32;0;0;0
67.40000000000045,23.88057716049018,0.7654594272164453,nan,cold,4628,4.851674617611934e-14,32;0;0;0
67.50000000000044,25.218392305600457,0.801739950503186,nan,cold,4632,4.243827511629661e-14,32;0;0;0
67.60000000000043,25.177260660589656,0.8092185142980572,nan,cold,4638,4.73232564246473e-14,32;0;0;0
67.70000000000043,25.08751582054409,0.8033713919377202,nan,cold,4643,3.8719027983802334e-14,32;0;0;0
67.80000000000042,23.225601873633057,0.7212849250050717,nan,cold,4648,3.9718228705964975e-14,32;0;0;0
67.90000000000042,20.12599918777257,0.6324315937848752,nan,cold,4656,4.143907439413397e-14,32;0;0;0
68.00000000000041,22.7679788489522,0.7307255285711597,nan,cold,4668,4.3270942384765476e-14,32;0;0;0
68.1000000000004,23.48266834793651,0.7469173718001476,nan,cold,4674,4.2049697057677804e-14,32;0;0;0
68.2000000000004,22.168079568150123,0.7075433643743619,nan,cold,4680,4.52138326778595e-14,32;0;0;0
68.3000000000004,24.83904768849313,0.7898005471924425,nan,cold,4689,4.96269692007445e-14,32;0;0;0
68.40000000000039,25.771285563516212,0.7950081413847782,nan,cold,4695,4.7600812180803587e-14,32;0;0;0
68.50000000000038,27.926432086426917,0.8440397766843106,nan,cold,4699,4.599098879509711e-14,32;0;0;0
68.60000000000038,26.186480397764214,0.8221007048773592,nan,cold,4706,5.112577028398846e-14,32;0;0;0
68.70000000000037,23.567322188425383,0.7355747834829193,nan,cold,4715,5.259681579161679e-14,32;0;0;0
68.80000000000037,24.211791766875823,0.7592695418561677,nan,cold,4721,5.109801470837283e-14,32;0;0;0
68.90000000000036,24.211776057572546,0.7592695418561676,nan,cold,4726,4.668487818548783e-14,32;0;0;0
69.00000000000036,23.43909674232546,0.7474635076783512,nan,cold,4734,4.4020342926387457e-14,32;0;0;0
69.10000000000035,23.1706429009291,0.7401138890099866,nan,cold,4737,4.3770542745846797e-14,32;0;0;0
69.20000000000034,21.339246056984525,0.6783458296795859,nan,cold,4740,4.2743586448068527e-14,32;0;0;0
69.30000000000034,22.272266391626076,0.710746679095249,nan,cold,4746,4.471423231677818e-14,32;0;0;0
69.40000000000033,21.86551594267611,0.6833177318959495,nan,cold,4755,4.6407322429331543e-14,32;0;0;0
69.50000000000033,21.35623244681066,0.6485450505517967,nan,cold,4758,5.1708637371916666e-14,32;0;0;0
69.60000000000032,23.91776236495425,0.7217905756239593,nan,cold,4763,5.051514762044462e-14,32;0;0;0
69.70000000000032,24.579476322952146,0.7507733064619373,nan,cold,4768,5.520583989948591e-14,32;0;0;0
69.80000000000031,25.58769405177159,0.8141770518464886,nan,cold,4777,5.109801470837283e-14,32;0;0;0
69.9000000000003,24.166149758812168,0.7721140230900144,nan,cold,4784,5.670464098272987e-14,32;0;0;0
70.0000000000003,24.849208530129548,0.7997626703723728,nan,cold,4789,5.948019854429276e-14,32;0;0;0
70.10000000000029,28.091571983079472,0.90208257708789,nan,cold,4801,5.5094817597023393e-14,32;0;0;0
70.20000000000029,27.674734786639675,0.8921357187218987,nan,cold,4803,5.409561687486075e-14,32;0;0;0
70.30000000000028,26.298905049688333,0.8464040986216956,nan,cold,4805,5.5871973714261e-14,32;0;0;0
70.40000000000028,25.241001309524272,0.8040442449739948,nan,cold,4810,5.714873019257993e-14,32;0;0;0
70.50000000000027,21.839057877808642,0.7030853463034041,nan,cold,4815,5.3013149425851225e-14,32;0;0;0
70.60000000000026,21.830138965898048,0.7029772562254817,nan,cold,4818,5.4067861299245124e-14,32;0;0;0
70.70000000000026,23.016121023029065,0.712505977957671,nan,cold,4826,5.576095141179849e-14,32;0;0;0
70.80000000000025,21.51201524839226,0.5954983642625007,nan,cold,4834,5.589972928987663e-14,32;0;0;0
70.90000000000025,22.287105309807895,0.6435501480723989,nan,cold,4839,5.612177389480166e-14,32;0;0;0
71.00000000000024,23.206842344101364,0.7065169265195822,nan,cold,4843,5.5844218138645374e-14,32;0;0;0
71.10000000000024,25.759003400157695,0.7877710889034996,nan,cold,4850,5.542788450441094e-14,32;0;0;0
71.20000000000023,23.993725544716913,0.7279158605444415,nan,cold,4858,6.156186671546493e-14,32;0;0;0
71.30000000000022,23.512087797124323,0.7445011413984735,nan,cold,4864,5.889733145636455e-14,32;0;0;0
71.40000000000022,23.79616913045528,0.7627562091895725,nan,cold,4868,5.601075159233915e-14,32;0;0;0
71.50000000000021,23.6782003876006,0.7549941132153835,nan,cold,4876,5.3235194030776256e-14,32;0;0;0
71.60000000000021,22.608137910422688,0.7084043836447125,nan,cold,4885,5.800915303666443e-14,32;0;0;0
71.7000000000002,21.348076974878225,0.6512194987197574,nan,cold,4890,5.723199691942682e-14,32;0;0;0
71.8000000000002,20.779525295129773,0.6173280527087566,nan,cold,4895,6.269984531570572e-14,32;0;0;0
71.90000000000019,21.151491502864666,0.6412786259615547,nan,cold,4900,5.828670879282072e-14,32;0;0;0
72.00000000000018,21.583540431316482,0.6867369579791205,nan,cold,4905,5.959122084675528e-14,32;0;0;0
72.10000000000018,20.051983316129782,0.6394940692116223,nan,cold,4912,6.228351168147128e-14,32;0;0;0
72.20000000000017,19.742653086171327,0.6142034486922725,nan,cold,4917,6.306066779870889e-14,32;0;0;0
72.30000000000017,19.53064514700408,0.6208857857671548,nan,cold,4922,6.131206653492427e-14,32;0;0;0
72.40000000000016,20.334227715231286,0.6445129376866493,nan,cold,4928,6.319944567678704e-14,32;0;0;0
72.50000000000016,19.4857932143481,0.627741973211493,nan,cold,4934,6.256106743762757e-14,32;0;0;0
72.60000000000015,21.182967804176204,0.673049405766539,nan,cold,4937,6.616929226765933e-14,32;0;0;0
72.70000000000014,23.36292777145253,0.7438828914198324,nan,cold,4947,6.356026815979021e-14,32;0;0;0
72.80000000000014,23.37855132168239,0.7216250729357047,nan,cold,4954,6.600275881396556e-14,32;0;0;0
72.90000000000013,23.86996171291861,0.7497609782593936,nan,cold,4961,6.369904603786836e-14,32;0;0;0
73.00000000000013,23.882389606163212,0.7629977010287605,nan,cold,4970,6.711298183859071e-14,32;0;0;0
73.10000000000012,25.451725322284855,0.8007835879266989,nan,cold,4972,6.636358129696873e-14,32;0;0;0
73.20000000000012,25.59641687753029,0.7875401050811504,nan,cold,4977,6.639133687258436e-14,32;0;0;0
73.30000000000011,24.14879236586355,0.7701731359172502,nan,cold,4990,7.363554210826351e-14,32;0;0;0
73.4000000000001,24.597144122018676,0.7882737337261934,nan,cold,4994,7.474576513288866e-14,32;0;0;0
73.5000000000001,22.484882516296846,0.7194612572143365,nan,cold,5003,7.466249840604178e-14,32;0;0;0
73.6000000000001,21.605907527417337,0.6957299753803949,nan,cold,5010,6.847300504375653e-14,32;0;0;0
73.70000000000009,23.255454186071837,0.7490240168112119,nan,cold,5016,6.572520305780927e-14,32;0;0;0
73.80000000000008,23.88283459847173,0.7601076835099111,nan,cold,5019,6.866729407306593e-14,32;0;0;0
73.90000000000008,23.339306583667877,0.752521807988551,nan,cold,5026,6.802891583390647e-14,32;0;0;0
74.00000000000007,23.355523907072218,0.7250133064989615,nan,cold,5032,7.471800955727304e-14,32;0;0;0
74.10000000000007,26.508468746894426,0.8349449445827263,nan,cold,5040,7.30526750203353e-14,32;0;0;0
74.20000000000006,25.857458691574585,0.8202669665729954,nan,cold,5044,7.366329768387914e-14,32;0;0;0
74.30000000000005,24.77441109215461,0.7737185368841505,nan,cold,5054,6.694644838489694e-14,32;0;0;0
74.40000000000005,24.33916726814707,0.7645903008900976,nan,cold,5058,6.530886942357483e-14,32;0;0;0
74.50000000000004,21.77662354199023,0.6956916278733772,nan,cold,5067,6.170064459354307e-14,32;0;0;0
74.60000000000004,23.14782205146426,0.7448421681187404,nan,cold,5075,6.836198274129401e-14,32;0;0;0
74.70000000000003,25.12640159335707,0.8042265547648145,nan,cold,5082,6.233902283270254e-14,32;0;0;0
74.80000000000003,24.24224117987255,0.7805963792879548,nan,cold,5086,6.306066779870889e-14,32;0;0;0
74.90000000000002,24.254391426516854,0.7808166466948244,nan,cold,5095,6.619704784327496e-14,32;0;0;0
75.00000000000001,22.73170270066177,0.7193224758787602,nan,cold,5105,6.997180612700049e-14,32;0;0;0
75.10000000000001,22.981288771510624,0.7365599288401624,nan,cold,5112,6.88338275267597e-14,32;0;0;0
75.2,23.609384967620983,0.7391127931800157,nan,cold,5117,7.39130978644198e-14,32;0;0;0
75.3,23.948950021491964,0.7514092082313647,nan,cold,5123,6.789013795582832e-14,32;0;0;0
75.39999999999999,23.375866492941423,0.7340773260494758,nan,cold,5126,6.850076061937216e-14,32;0;0;0
75.49999999999999,22.374647228354508,0.7081624334868081,nan,cold,5130,6.783462680459706e-14,32;0;0;0
75.59999999999998,24.850941321194384,0.7289835427854583,nan,cold,5138,6.761258219967203e-14,32;0;0;0
75.69999999999997,23.84758734519817,0.6962184614251209,nan,cold,5143,6.82509604388315e-14,32;0;0;0
75.79999999999997,23.84757277847003,0.6962184614251209,nan,cold,5146,6.858402734621905e-14,32;0;0;0
75.89999999999996,22.59921510339152,0.6921218592748039,nan,cold,5155,6.913913885853162e-14,32;0;0;0
75.99999999999996,21.827223498795693,0.6369947973933686,nan,cold,5159,6.855627177060342e-14,32;0;0;0
76.09999999999995,21.686153570192307,0.6530806600525685,nan,cold,5166,7.738254481637341e-14,32;0;0;0
76.19999999999995,22.69425200859706,0.6861491914640634,nan,cold,5175,7.904787935331115e-14,32;0;0;0
76.29999999999994,23.58630125823706,0.6736733005708379,nan,cold,5182,7.213674102501955e-14,32;0;0;0
76.39999999999993,22.648708075266224,0.6936238246365177,nan,cold,5188,7.568945470382005e-14,32;0;0;0
76.49999999999993,22.580028689029547,0.6907569892446994,nan,cold,5193,7.16093850883226e-14,32;0;0;0
76.59999999999992,22.584202698078446,0.699914970659688,nan,cold,5198,7.283063041541027e-14,32;0;0;0
76.69999999999992,21.80589742035659,0.6628481818071524,nan,cold,5202,7.510658761589184e-14,32;0;0;0
76.79999999999991,21.29544486539737,0.6700152200509605,nan,cold,5209,6.986078382453798e-14,32;0;0;0
76.8999999999999,21.623169747867735,0.6748600907736473,nan,cold,5213,6.802891583390647e-14,32;0;0;0
76.9999999999999,22.37967024898923,0.71586712579827,nan,cold,5222,6.900036098045348e-14,32;0;0;0
77.0999999999999,22.379657871498463,0.7158671257982703,nan,cold,5228,6.900036098045348e-14,32;0;0;0
77.19999999999989,22.34218156749097,0.720151776629,nan,cold,5233,7.549516567451064e-14,32;0;0;0
77.29999999999988,23.01782912409377,0.7249448639708993,nan,cold,5240,7.760458942129844e-14,32;0;0;0
77.39999999999988,27.64156514847242,0.874297475355805,nan,cold,5248,6.974976152207546e-14,32;0;0;0
77.49999999999987,28.145743347797683,0.907354698792282,nan,cold,5261,7.208122987378829e-14,32;0;0;0
77.59999999999987,31.32551472317133,0.9809160491020473,nan,cold,5270,7.710498906021712e-14,32;0;0;0
77.69999999999986,32.44447461915281,1.0235584619115548,nan,adiabatic_expansion,5276,7.380207556195728e-14,32;0;0;0
77.79999999999986,32.444463641175396,1.0293524051419447,nan,adiabatic_expansion,5285,7.110978472724128e-14,32;0;0;0
77.89999999999985,32.444452863284084,1.0396267572338245,nan,adiabatic_expansion,5293,6.98885394001536e-14,32;0;0;0
77.99999999999984,32.44444228539278,1.0158255947159658,nan,adiabatic_expansion,5299,7.799316747991725e-14,32;0;0;0
78.09999999999984,32.4444319138029,1.0001098901529701,nan,adiabatic_expansion,5312,7.768785614814533e-14,32;0;0;0
78.19999999999983,32.444421743705774,0.9746581691098997,nan,adiabatic_expansion,5320,7.849276784099857e-14,32;0;0;0
78.29999999999983,32.44441178970708,0.9835347471164869,nan,adiabatic_expansion,5326,6.98885394001536e-14,32;0;0;0
78.39999999999982,32.444402069093194,1.0152878703286758,nan,adiabatic_expansion,5332,7.144285163462882e-14,32;0;0;0
78.49999999999982,32.44439254847931,1.0443332730942214,nan,adiabatic_expansion,5338,7.330247520087596e-14,32;0;0;0
78.59999999999981,32.44438322786542,1.0465372238077055,nan,adiabatic_expansion,5344,7.474576513288866e-14,32;0;0;0
78.6999999999998,32.44437410725154,1.0049387668412215,nan,adiabatic_expansion,5354,7.505107646466058e-14,32;0;0;0
78.7999999999998,32.444365273419784,0.9602575336456941,nan,adiabatic_expansion,5360,7.857603456784545e-14,32;0;0;0
78.89999999999979,32.44435670138002,0.9936024774519068,nan,adiabatic_expansion,5364,7.685518887967646e-14,32;0;0;0
78.99999999999979,32.44434832934028,1.0416036946818688,nan,adiabatic_expansion,5375,8.598677325721837e-14,32;0;0;0
79.09999999999978,32.44434015730053,0.9944371034022896,nan,adiabatic_expansion,5383,8.393286066166183e-14,32;0;0;0
79.19999999999978,32.44433222215847,1.0375985149130886,nan,adiabatic_expansion,5390,7.352451980580099e-14,32;0;0;0
79.29999999999977,32.44432462587589,1.030954222879959,nan,adiabatic_expansion,5396,8.137934770502397e-14,32;0;0;0
79.39999999999976,32.44431722959332,1.006402021997848,nan,adiabatic_expansion,5400,8.376632720796806e-14,32;0;0;0
79.49999999999976,32.444310250316164,1.0272072197982385,nan,adiabatic_expansion,5406,8.248957072964913e-14,32;0;0;0
79.59999999999975,32.44430363649038,1.0354726796553275,nan,adiabatic_expansion,5413,8.715250743307479e-14,32;0;0;0
79.69999999999975,32.4442972226646,1.0458565369458532,nan,adiabatic_expansion,5418,8.720801858430605e-14,32;0;0;0
79.79999999999974,32.444291008838825,1.0422670145025634,nan,adiabatic_expansion,5425,8.293365993949919e-14,32;0;0;0
79.89999999999974,32.44428532302228,1.0465167484893854,nan,adiabatic_expansion,5431,8.443246102274315e-14,32;0;0;0
79.99999999999973,32.44428001058724,1.0417983068208074,nan,adiabatic_expansion,5436,8.745781876484671e-14,32;0;0;0
80.09999999999972,32.44427512601837,1.038680782395941,nan,adiabatic_expansion,5448,8.365530490550555e-14,32;0;0;0
80.19999999999972,32.4442704414495,1.044922568897398,nan,adiabatic_expansion,5454,8.118505867571457e-14,32;0;0;0
80.29999999999971,32.44426604892505,1.0454061365436726,nan,adiabatic_expansion,5460,8.734679646238419e-14,32;0;0;0
80.39999999999971,32.44426186777434,1.006581728224098,nan,adiabatic_expansion,5467,8.440470544712753e-14,32;0;0;0
80.4999999999997,32.44425816806583,0.9651997956271164,nan,adiabatic_expansion,5477,7.452372052796363e-14,32;0;0;0
80.5999999999997,32.44425483401167,0.974228131753899,nan,adiabatic_expansion,5484,7.591149930874508e-14,32;0;0;0
80.69999999999969,32.444252013874646,1.0284462235237017,nan,adiabatic_expansion,5493,8.354428260304303e-14,32;0;0;0
80.79999999999968,32.44424939373761,1.038438031393309,nan,adiabatic_expansion,5497,8.862355294070312e-14,32;0;0;0
80.89999999999968,32.44424697360054,1.0088985560443147,nan,adiabatic_expansion,5503,7.807643420676413e-14,32;0;0;0
80.99999999999967,32.4442450718667,1.0085795382909393,nan,adiabatic_expansion,5509,7.638334409421077e-14,32;0;0;0
81.09999999999967,32.444243620222714,1.0018674057262973,nan,adiabatic_expansion,5519,8.41826608422025e-14,32;0;0;0
81.19999999999966,32.444242479626155,1.0244606457507606,nan,adiabatic_expansion,5521,8.465450562766819e-14,32;0;0;0
81.29999999999966,32.444241539029576,1.039330417635694,nan,adiabatic_expansion,5529,8.162914788556463e-14,32;0;0;0
81.39999999999965,32.44424103995565,1.0219416681365845,nan,adiabatic_expansion,5535,7.802092305553288e-14,32;0;0;0
81.49999999999964,32.444240517072416,0.9852736796964277,nan,adiabatic_expansion,5545,7.480127628411992e-14,32;0;0;0
81.59999999999964,32.4442398950965,1.026894551349906,nan,adiabatic_expansion,5553,6.980527267330672e-14,32;0;0;0
81.69999999999963,32.444239473120575,1.0241486484167133,nan,adiabatic_expansion,5563,6.944445019030354e-14,32;0;0;0
81.79999999999963,32.44423922048615,1.02756756289165,nan,adiabatic_expansion,5568,7.507883204027621e-14,32;0;0;0
81.89999999999962,32.44423910242549,1.0440544964803962,nan,adiabatic_expansion,5580,7.396860901565105e-14,32;0;0;0
81.99999999999962,32.44423910161002,0.9740477316098601,nan,adiabatic_expansion,5590,7.485678743535118e-14,32;0;0;0
82.09999999999961,32.44423910161002,0.9976863654370536,nan,adiabatic_expansion,5596,7.485678743535118e-14,32;0;0;0
82.1999999999996,32.44423910161002,1.0207468099887766,nan,adiabatic_expansion,5599,7.485678743535118e-14,32;0;0;0
82.2999999999996,32.44423910161002,1.0238161290784824,nan,adiabatic_expansion,5607,7.485678743535118e-14,32;0;0;0
82.3999999999996,32.44423910161002,1.033426613352449,nan,adiabatic_expansion,5614,7.485678743535118e-14,32;0;0;0
82.49999999999959,32.44423910161002,1.0157628259029567,nan,adiabatic_expansion,5620,7.485678743535118e-14,32;0;0;0
82.59999999999958,32.44423910161002,0.9958946331096806,nan,adiabatic_expansion,5628,7.485678743535118e-14,32;0;0;0
82.69999999999958,32.44423848224057,1.0190233784792417,nan,adiabatic_expansion,5638,7.815970093361102e-14,32;0;0;0
82.79999999999957,32.44423726248686,0.9892653752897566,nan,adiabatic_expansion,5648,6.875056079991282e-14,32;0;0;0
82.89999999999957,32.44423576348704,1.0370248393645525,nan,adiabatic_expansion,5657,7.194245199571014e-14,32;0;0;0
82.99999999999956,32.44423446448722,1.0418735264873047,nan,adiabatic_expansion,5666,7.974176874370187e-14,32;0;0;0
83.09999999999955,32.44423336548736,1.0425672076174828,nan,adiabatic_expansion,5676,7.016609515630989e-14,32;0;0;0
83.19999999999955,32.44423246648749,1.0387837273509064,nan,adiabatic_expansion,5678,7.110978472724128e-14,32;0;0;0
83.29999999999954,32.444231572355065,0.9416681208442301,nan,adiabatic_expansion,5687,7.796541190430162e-14,32;0;0;0
83.39999999999954,32.44422995979753,0.978595164300482,nan,adiabatic_expansion,5692,7.543965452327939e-14,32;0;0;0
83.49999999999953,32.44422854723999,0.9391711260091623,nan,adiabatic_expansion,5695,7.6216810640517e-14,32;0;0;0
83.59999999999953,32.444227334682424,0.9490736519649426,nan,adiabatic_expansion,5702,7.246980793240709e-14,32;0;0;0
83.69999999999952,32.444226322124855,1.043156897794608,nan,adiabatic_expansion,5709,7.782663402622347e-14,32;0;0;0
83.79999999999951,32.44422550956727,1.0388952846302453,nan,adiabatic_expansion,5721,7.763234499691407e-14,32;0;0;0
83.89999999999951,32.444224897009676,1.0048129977502762,nan,adiabatic_expansion,5728,8.568146192544646e-14,32;0;0;0
83.9999999999995,32.44422448445206,0.9927913416824686,nan,adiabatic_expansion,5732,8.040790255847696e-14,32;0;0;0
84.0999999999995,32.444224271894434,0.978523958978495,nan,adiabatic_expansion,5738,8.293365993949919e-14,32;0;0;0
84.19999999999949,32.444224240221374,1.0019664788440283,nan,adiabatic_expansion,5741,7.549516567451064e-14,32;0;0;0
84.29999999999949,32.44422409209837,1.037885164314074,nan,adiabatic_expansion,5752,7.76601005725297e-14,32;0;0;0
84.39999999999948,32.44422338961048,1.0409090743952347,nan,adiabatic_expansion,5757,9.345302309782255e-14,32;0;0;0
84.49999999999947,32.44422218591135,1.0440825647452694,nan,adiabatic_expansion,5766,8.057443601217074e-14,32;0;0;0
84.59999999999947,32.44422118221223,1.0451513828437404,nan,adiabatic_expansion,5776,8.984479826779079e-14,32;0;0;0
84.69999999999946,32.444220378513094,1.0154337761231513,nan,adiabatic_expansion,5782,9.23428000731974e-14,32;0;0;0
84.79999999999946,32.44421977481394,1.0440061599067516,nan,adiabatic_expansion,5787,8.7735374521003e-14,32;0;0;0
84.89999999999945,32.44421937111478,1.0447804020944491,nan,adiabatic_expansion,5797,9.001133172148457e-14,32;0;0;0
84.99999999999945,32.44421910125423,1.038785119370571,nan,adiabatic_expansion,5803,9.309220061481938e-14,32;0;0;0
85.09999999999944,32.444218662270316,1.0068173094908093,nan,adiabatic_expansion,5815,9.497957975668214e-14,32;0;0;0
85.19999999999943,32.44421799503753,1.007691353975012,nan,adiabatic_expansion,5820,9.961476088449217e-14,32;0;0;0
85.29999999999943,32.44421747657018,1.0125015876583754,nan,adiabatic_expansion,5826,9.697798120100742e-14,32;0;0;0
85.39999999999942,32.44421714470967,1.0403199887637562,nan,adiabatic_expansion,5836,1.0033640585049852e-13,32;0;0;0
85.49999999999942,32.44421701284913,1.037923595299863,nan,adiabatic_expansion,5843,8.856804178947186e-14,32;0;0;0
85.59999999999941,32.44421672811817,1.0002672010668574,nan,adiabatic_expansion,5852,9.353628982466944e-14,32;0;0;0
85.6999999999994,32.444216416152635,0.9994053817408042,nan,adiabatic_expansion,5858,9.284240043427872e-14,32;0;0;0
85.7999999999994,32.44421630418709,1.0417453720307417,nan,adiabatic_expansion,5868,9.106604359487847e-14,32;0;0;0
85.8999999999994,32.44421630382915,1.045780804957174,nan,adiabatic_expansion,5875,9.123257704857224e-14,32;0;0;0
85.99999999999939,32.4442161583133,1.044211289382112,nan,adiabatic_expansion,5882,9.248157795127554e-14,32;0;0;0
86.09999999999938,32.444215852108414,1.0409721500159523,nan,adiabatic_expansion,5886,9.259260025373806e-14,32;0;0;0
86.19999999999938,32.44421574590351,1.006320508283801,nan,adiabatic_expansion,5896,9.153788838034416e-14,32;0;0;0
86.29999999999937,32.44421574580726,1.0133905078231924,nan,adiabatic_expansion,5902,9.353628982466944e-14,32;0;0;0
86.39999999999937,32.44421574580726,1.0150597915125783,nan,adiabatic_expansion,5907,9.353628982466944e-14,32;0;0;0
86.49999999999936,32.444215658546206,1.02882170582885,nan,adiabatic_expansion,5916,9.295342273674123e-14,32;0;0;0
86.59999999999935,32.44421548307126,1.029584402047603,nan,adiabatic_expansion,5922,9.284240043427872e-14,32;0;0;0
86.69999999999935,32.4442153171904,0.9750770595749375,nan,adiabatic_expansion,5926,8.83182416089312e-14,32;0;0;0
86.79999999999934,32.44421530633968,1.0021098516749585,nan,adiabatic_expansion,5939,8.995582057025331e-14,32;0;0;0
86.89999999999934,32.44421530633968,1.0358877949335836,nan,adiabatic_expansion,5944,8.995582057025331e-14,32;0;0;0
86.99999999999933,32.44421530633968,0.9763667544777445,nan,adiabatic_expansion,5954,8.995582057025331e-14,32;0;0;0
87.09999999999933,32.444214877512564,0.988437494723389,nan,adiabatic_expansion,5962,8.865130851631875e-14,32;0;0;0
87.19999999999932,32.44421408464989,0.9862156139979376,nan,adiabatic_expansion,5965,9.076073226310655e-14,32;0;0;0
87.29999999999932,32.444213361585426,0.9891090244023201,nan,adiabatic_expansion,5967,9.373057885397884e-14,32;0;0;0
87.39999999999931,32.44421240023341,1.0382769685392481,nan,adiabatic_expansion,5976,8.79296635503124e-14,32;0;0;0
87.4999999999993,32.4442115822736,1.0294106809692998,nan,adiabatic_expansion,5984,9.198197759019422e-14,32;0;0;0
87.5999999999993,32.44421096431378,1.0412922488509535,nan,adiabatic_expansion,5993,9.425793479067579e-14,32;0;0;0
87.69999999999929,32.4442105328814,1.0375448042324467,nan,adiabatic_expansion,6003,9.173217740965356e-14,32;0;0;0
87.79999999999929,32.44420979211694,1.0371880700482023,nan,adiabatic_expansion,6007,9.675593659608239e-14,32;0;0;0
87.89999999999928,32.444209251352476,1.0414328730722406,nan,adiabatic_expansion,6015,9.958700530887654e-14,32;0;0;0
87.99999999999928,32.444208910587996,1.0349506921366158,nan,adiabatic_expansion,6021,1.0008660566995786e-13,32;0;0;0
88.09999999999927,32.44420872601602,1.0346850516442856,nan,adiabatic_expansion,6028,1.0455525334407412e-13,32;0;0;0
88.19999999999926,32.44420820273381,1.0093062799905805,nan,adiabatic_expansion,6035,9.175993298526919e-14,32;0;0;0
88.29999999999926,32.44420779181528,1.015170153125131,nan,adiabatic_expansion,6038,9.794942634755444e-14,32;0;0;0
88.39999999999925,32.44420758089674,1.0219891181222858,nan,adiabatic_expansion,6049,1.0147438445073931e-13,32;0;0;0
88.49999999999925,32.444207550139424,0.9994419431803482,nan,adiabatic_expansion,6054,1.0219602941674566e-13,32;0;0;0
88.59999999999924,32.44420755013942,1.0196128797532422,nan,adiabatic_expansion,6060,9.509060205914466e-14,32;0;0;0
88.69999999999924,32.444207550139424,1.0230472771996995,nan,adiabatic_expansion,6071,1.0219602941674566e-13,32;0;0;0
88.79999999999923,32.44420750208257,1.0317165395231187,nan,adiabatic_expansion,6079,9.670042544485113e-14,32;0;0;0
88.89999999999922,32.44420745106335,0.9858508596610399,nan,adiabatic_expansion,6085,1.0361156377314273e-13,32;0;0;0
88.99999999999922,32.44420731180524,0.9966900365422342,nan,adiabatic_expansion,6086,9.239831122442865e-14,32;0;0;0
89.09999999999921,32.444207178538534,1.0410828420054934,nan,adiabatic_expansion,6091,9.192646643896296e-14,32;0;0;0
89.1999999999992,32.44420717577185,0.950672069501194,nan,adiabatic_expansion,6097,9.478529072737274e-14,32;0;0;0
89.2999999999992,32.44420717577185,1.0051120152812896,nan,adiabatic_expansion,6106,9.478529072737274e-14,32;0;0;0
89.3999999999992,32.44420717577185,1.011002984056556,nan,adiabatic_expansion,6112,9.478529072737274e-14,32;0;0;0
89.49999999999919,32.44420717577185,1.0271528275035247,nan,adiabatic_expansion,6121,9.478529072737274e-14,32;0;0;0
89.59999999999918,32.44420716459091,1.0370321098245001,nan,adiabatic_expansion,6131,9.731104810839497e-14,32;0;0;0
89.69999999999918,32.4442069591397,0.954691656700784,nan,adiabatic_expansion,6141,1.0205725153866751e-13,32;0;0;0
89.79999999999917,32.44420691123425,0.9973781402446765,nan,adiabatic_expansion,6149,1.0180745135812685e-13,32;0;0;0
89.89999999999917,32.44420660748085,1.0271695936430922,nan,adiabatic_expansion,6155,9.439671266875393e-14,32;0;0;0
89.99999999999916,32.444206490692494,0.9964035980127177,nan,adiabatic_expansion,6159,9.672818102046676e-14,32;0;0;0
90.09999999999916,32.44420624941615,1.0423094445831473,nan,adiabatic_expansion,6169,9.4840801878604e-14,32;0;0;0
90.19999999999915,32.44420605744837,1.0331955803148138,nan,adiabatic_expansion,6178,9.064970996064403e-14,32;0;0;0
90.29999999999914,32.44420568341021,1.0433018379395804,nan,adiabatic_expansion,6187,9.361955655151633e-14,32;0;0;0
90.39999999999914,32.44420538181262,1.0465309139734147,nan,adiabatic_expansion,6192,9.245382237565991e-14,32;0;0;0
90.49999999999913,32.44420528021502,1.0438957585807558,nan,adiabatic_expansion,6198,8.817946373085306e-14,32;0;0;0
90.59999999999913,32.44420528020865,1.0165913308500887,nan,adiabatic_expansion,6209,9.54236689665322e-14,32;0;0;0
90.69999999999912,32.44420528020865,0.8695912325519516,nan,adiabatic_expansion,6219,9.54236689665322e-14,32;0;0;0
90.79999999999912,32.44420528020865,1.0285013188864076,nan,adiabatic_expansion,6228,9.54236689665322e-14,32;0;0;0
90.89999999999911,32.444205142595116,1.0174293955376736,nan,adiabatic_expansion,6238,9.101053244364721e-14,32;0;0;0
90.9999999999991,32.44420501474047,1.0266357221906421,nan,adiabatic_expansion,6244,8.809619700400617e-14,32;0;0;0
91.0999999999991,32.444205012800765,0.9799375964374342,nan,adiabatic_expansion,6249,8.837375276016246e-14,32;0;0;0
91.1999999999991,32.444204737009464,1.016113216193933,nan,adiabatic_expansion,6253,8.765210779415611e-14,32;0;0;0
91.29999999999909,32.44420436006888,1.0262092271819885,nan,adiabatic_expansion,6260,9.320322291728189e-14,32;0;0;0
91.39999999999908,32.444204183128285,0.9665654442541388,nan,adiabatic_expansion,6268,9.547918011776346e-14,32;0;0;0
91.49999999999908,32.44420416832864,1.0220828141383662,nan,adiabatic_expansion,6275,9.076073226310655e-14,32;0;0;0
91.59999999999907,32.444204168328646,1.0149079563611556,nan,adiabatic_expansion,6284,9.786615962070755e-14,32;0;0;0
91.69999999999906,32.444203953684045,1.0332066236469335,nan,adiabatic_expansion,6293,9.967027203572343e-14,32;0;0;0
91.79999999999906,32.4442038068871,1.0369764186222863,nan,adiabatic_expansion,6299,9.334200079536004e-14,32;0;0;0
91.89999999999905,32.44420380141223,1.0181827971290693,nan,adiabatic_expansion,6308,1.0377809722683651e-13,32;0;0;0
91.99999999999905,32.44420380141223,1.0170681543374853,nan,adiabatic_expansion,6315,1.0377809722683651e-13,32;0;0;0
92.09999999999904,32.44420368349932,1.024576116652329,nan,adiabatic_expansion,6320,1.0563772079308364e-13,32;0;0;0
92.19999999999904,32.44420338954747,1.04224293902401,nan,adiabatic_expansion,6326,1.0560996521746802e-13,32;0;0;0
92.29999999999903,32.44420327135613,1.0392571636220265,nan,adiabatic_expansion,6329,9.953149415764528e-14,32;0;0;0
92.39999999999903,32.444202659212735,1.040178063596407,nan,adiabatic_expansion,6342,9.303668946358812e-14,32;0;0;0
92.49999999999902,32.444201930267276,1.011687242289718,nan,adiabatic_expansion,6347,1.0522138715884921e-13,32;0;0;0
92.59999999999901,32.44420140132179,1.0035319568015135,nan,adiabatic_expansion,6356,9.967027203572343e-14,32;0;0;0
92.69999999999901,32.44420107237631,1.0302142370651757,nan,adiabatic_expansion,6361,1.0461076449530538e-13,32;0;0;0
92.799999999999,32.44420045366414,0.9972833255302278,nan,adiabatic_expansion,6370,9.475753515175711e-14,32;0;0;0
92.899999999999,32.44419962082825,0.9829459992102297,nan,adiabatic_expansion,6379,1.0286216323152075e-13,32;0;0;0
92.99999999999899,32.44419873877797,1.0199454778064099,nan,adiabatic_expansion,6391,1.0377809722683651e-13,32;0;0;0
93.09999999999899,32.44419802648798,0.9512140991331338,nan,adiabatic_expansion,6397,1.0094702851404236e-13,32;0;0;0
93.19999999999898,32.444197315822656,0.9794957838023459,nan,adiabatic_expansion,6406,1.0333400801698644e-13,32;0;0;0
93.29999999999897,32.44419654784856,1.0120204236846575,nan,adiabatic_expansion,6413,1.0394463068053028e-13,32;0;0;0
93.39999999999897,32.44419596653039,1.0056900674184945,nan,adiabatic_expansion,6422,1.094402346524248e-13,32;0;0;0
93.49999999999896,32.44419558521219,1.0148718862465087,nan,adiabatic_expansion,6429,1.0327849686575519e-13,32;0;0;0
93.59999999999896,32.44419540389399,1.005669500882737,nan,adiabatic_expansion,6444,9.955924973326091e-14,32;0;0;0
93.69999999999895,32.44419538736237,1.040509822604422,nan,adiabatic_expansion,6450,1.017519402068956e-13,32;0;0;0
93.79999999999895,32.44419538736237,1.0063879786897842,nan,adiabatic_expansion,6458,1.017519402068956e-13,32;0;0;0
93.89999999999894,32.44419538736238,0.9810734968871124,nan,adiabatic_expansion,6462,1.088573675644966e-13,32;0;0;0
93.99999999999893,32.444195386320835,0.976556726061634,nan,adiabatic_expansion,6468,1.0455525334407412e-13,32;0;0;0
94.09999999999893,32.444195175034196,1.0251151731950057,nan,adiabatic_expansion,6478,1.0391687510491465e-13,32;0;0;0
94.19999999999892,32.4441951440724,1.035951737632751,nan,adiabatic_expansion,6487,1.0397238625614591e-13,32;0;0;0
94.29999999999892,32.4441951440724,1.0138758492577795,nan,adiabatic_expansion,6495,1.0397238625614591e-13,32;0;0;0
94.39999999999891,32.444195080768466,1.012433623209937,nan,adiabatic_expansion,6498,1.0164091790443308e-13,32;0;0;0
94.4999999999989,32.44419499809951,0.9773760587961028,nan,adiabatic_expansion,6505,9.986456106503283e-14,32;0;0;0
94.5999999999989,32.44419483614979,0.9582570665836829,nan,adiabatic_expansion,6514,1.0708101072509635e-13,32;0;0;0
94.6999999999989,32.44419467589195,1.0337987009711005,nan,adiabatic_expansion,6520,1.0327849686575519e-13,32;0;0;0
94.79999999999889,32.44419466681443,1.0366087518251703,nan,adiabatic_expansion,6527,1.0452749776845849e-13,32;0;0;0
94.89999999999888,32.44419466681443,1.046346764413068,nan,adiabatic_expansion,6535,1.0452749776845849e-13,32;0;0;0
94.99999999999888,32.44419466681443,1.0413616257234097,nan,adiabatic_expansion,6541,1.0452749776845849e-13,32;0;0;0
95.09999999999887,32.4441945637231,1.0213160834021116,nan,adiabatic_expansion,6553,1.1085576900882188e-13,32;0;0;0
95.19999999999887,32.44419438694864,1.0193813004285266,nan,adiabatic_expansion,6565,1.079969447204121e-13,32;0;0;0
95.29999999999886,32.44419428110606,0.9962901625058466,nan,adiabatic_expansion,6568,1.076083666617933e-13,32;0;0;0
95.39999999999885,32.44419387542653,1.0139687657998142,nan,adiabatic_expansion,6575,1.10772502281975e-13,32;0;0;0
95.49999999999885,32.4441932182101,1.0226127850446605,nan,adiabatic_expansion,6583,1.0433320873914909e-13,32;0;0;0
95.59999999999884,32.444192685754835,1.0218339794418423,nan,adiabatic_expansion,6588,1.0466627564653663e-13,32;0;0;0
95.69999999999884,32.44419235329956,1.0451988481019483,nan,adiabatic_expansion,6597,1.0708101072509635e-13,32;0;0;0
95.79999999999883,32.44419208921865,1.0114363271456641,nan,adiabatic_expansion,6604,1.0519363158323358e-13,32;0;0;0
95.89999999999883,32.44419193982327,0.9468551513923136,nan,adiabatic_expansion,6610,1.0585976539800868e-13,32;0;0;0
95.99999999999882,32.4441919337235,0.9468551513923134,nan,adiabatic_expansion,6614,9.894862706971708e-14,32;0;0;0
96.09999999999881,32.44419193372351,0.9194382034495966,nan,adiabatic_expansion,6620,1.0605405442731808e-13,32;0;0;0
96.19999999999881,32.44419193372351,1.0160642477478512,nan,adiabatic_expansion,6629,1.0605405442731808e-13,32;0;0;0
96.2999999999988,32.44419193372351,1.0453149537641997,nan,adiabatic_expansion,6636,1.0605405442731808e-13,32;0;0;0
96.3999999999988,32.44419192074712,1.0361875209691969,nan,adiabatic_expansion,6641,1.0255685189974884e-13,32;0;0;0
96.49999999999879,32.44419182441901,1.0215871464790565,nan,adiabatic_expansion,6646,1.0461076449530538e-13,32;0;0;0
96.59999999999879,32.444191790237426,1.0239116166667352,nan,adiabatic_expansion,6654,1.1177170300413763e-13,32;0;0;0
96.69999999999878,32.444191594038095,1.0332324858374495,nan,adiabatic_expansion,6662,1.067479438177088e-13,32;0;0;0
96.79999999999878,32.444191570902305,1.0301985289468476,nan,adiabatic_expansion,6665,9.450773497121645e-14,32;0;0;0
96.89999999999877,32.44419142555164,1.026599886140112,nan,adiabatic_expansion,6674,1.0008660566995786e-13,32;0;0;0
96.99999999999876,32.44419137832358,1.0294672237880473,nan,adiabatic_expansion,6681,1.069422328470182e-13,32;0;0;0
97.09999999999876,32.44419137832358,1.034547156806514,nan,adiabatic_expansion,6688,1.069422328470182e-13,32;0;0;0
97.19999999999875,32.44419137832357,1.041580065693915,nan,adiabatic_expansion,6694,9.98368054894172e-14,32;0;0;0
97.29999999999875,32.44419110103458,1.0297981978061292,nan,adiabatic_expansion,6699,9.892087149410145e-14,32;0;0;0
97.39999999999874,32.44419060601981,1.04628382833169,nan,adiabatic_expansion,6711,1.006972283335017e-13,32;0;0;0
97.49999999999874,32.44419012070883,1.0434946983450828,nan,adiabatic_expansion,6717,9.545142454214783e-14,32;0;0;0
97.59999999999873,32.444189747779426,1.0389959814883025,nan,adiabatic_expansion,6728,1.0011436124557349e-13,32;0;0;0
97.69999999999872,32.44418925633727,1.026477353225815,nan,adiabatic_expansion,6738,1.051103648563867e-13,32;0;0;0
97.79999999999872,32.44418886571579,1.0019281221648584,nan,adiabatic_expansion,6744,1.0566547636869927e-13,32;0;0;0
97.89999999999871,32.444188675094296,0.9951958273212951,nan,adiabatic_expansion,6749,1.0064171718227044e-13,32;0;0;0
97.9999999999987,32.44418865456366,1.01826433036493,nan,adiabatic_expansion,6755,1.0244582959728632e-13,32;0;0;0
98.0999999999987,32.44418865456366,1.0170687439735377,nan,adiabatic_expansion,6760,1.0244582959728632e-13,32;0;0;0
98.1999999999987,32.44418865456365,1.0172744730117482,nan,adiabatic_expansion,6764,9.534040223968532e-14,32;0;0;0
98.29999999999869,32.44418865456365,1.0369830313535189,nan,adiabatic_expansion,6776,9.534040223968532e-14,32;0;0;0
98.39999999999868,32.44418865456365,1.0283101135974444,nan,adiabatic_expansion,6781,9.534040223968532e-14,32;0;0;0
98.49999999999868,32.44418840460945,1.0404861682290638,nan,adiabatic_expansion,6792,9.445222381998519e-14,32;0;0;0
98.59999999999867,32.44418810162627,1.043198519454037,nan,adiabatic_expansion,6800,9.02333763264096e-14,32;0;0;0
98.69999999999867,32.44418799864309,1.023270240080939,nan,adiabatic_expansion,6806,9.453549054683208e-14,32;0;0;0
98.79999999999866,32.44418799862084,1.0075642807755378,nan,adiabatic_expansion,6816,9.592326932761353e-14,32;0;0;0
98.89999999999866,32.44418799862084,1.037323510128666,nan,adiabatic_expansion,6821,9.592326932761353e-14,32;0;0;0
98.99999999999865,32.44418799862084,1.0218805698858087,nan,adiabatic_expansion,6827,9.592326932761353e-14,32;0;0;0
99.09999999999864,32.44418799862084,0.9738154369818528,nan,adiabatic_expansion,6833,9.592326932761353e-14,32;0;0;0
99.19999999999864,32.44418799862084,0.9448881371963253,nan,adiabatic_expansion,6838,9.592326932761353e-14,32;0;0;0
99.29999999999863,32.44418796237919,0.9858314860007545,nan,adiabatic_expansion,6849,9.739431483524186e-14,32;0;0;0
99.39999999999863,32.44418783947605,0.9858314860007544,nan,adiabatic_expansion,6852,9.486855745421963e-14,32;0;0;0
99.49999999999862,32.444187838164666,0.9854003090115179,nan,adiabatic_expansion,6861,9.456324612244771e-14,32;0;0;0
99.59999999999862,32.444187838164666,0.9616397990301613,nan,adiabatic_expansion,6867,9.456324612244771e-14,32;0;0;0
99.69999999999861,32.44418777048303,0.8749920564073086,nan,adiabatic_expansion,6873,9.4840801878604e-14,32;0;0;0
99.7999999999986,32.44418757672356,0.9853150442427023,nan,adiabatic_expansion,6878,9.428569036629142e-14,32;0;0;0
99.8999999999986,32.444187554746456,0.9606920390222002,nan,adiabatic_expansion,6886,9.348077867343818e-14,32;0;0;0
99.9999999999986,32.44418735079294,1.001003798748685,nan,adiabatic_expansion,6896,9.539591339091658e-14,32;0;0;0
100.09999999999859,32.44418730527151,1.0000978798803586,nan,adiabatic_expansion,6903,9.470202400052585e-14,32;0;0;0
100.19999999999858,32.44418703398533,1.024384576780212,nan,adiabatic_expansion,6907,9.803269307440132e-14,32;0;0;0
100.29999999999858,32.4441867172575,1.0338302676192095,nan,adiabatic_expansion,6920,1.0244582959728632e-13,32;0;0;0
100.39999999999857,32.44418587472117,1.0433230990295357,nan,adiabatic_expansion,6927,1.0294542995836764e-13,32;0;0;0
100.49999999999856,32.44418523218483,1.0383975179044878,nan,adiabatic_expansion,6936,9.756084828893563e-14,32;0;0;0
100.59999999999856,32.44418478964849,1.038397517904488,nan,adiabatic_expansion,6940,1.0039191700172978e-13,32;0;0;0
100.69999999999855,32.444184319304085,1.0080462713481204,nan,adiabatic_expansion,6950,9.373057885397884e-14,32;0;0;0
100.79999999999855,32.444184005797275,1.041663796992665,nan,adiabatic_expansion,6959,1.0044742815296104e-13,32;0;0;0
100.89999999999854,32.44418389229045,1.0286531957723006,nan,adiabatic_expansion,6968,9.381384558082573e-14,32;0;0;0
100.99999999999854,32.44418389183436,0.9553923279978446,nan,adiabatic_expansion,6980,9.645062526431047e-14,32;0;0;0
101.09999999999853,32.44418369937075,0.9340325748761016,nan,adiabatic_expansion,6985,9.856004901109827e-14,32;0;0;0
101.19999999999852,32.44418349979422,0.9368661062063721,nan,adiabatic_expansion,6991,8.737455203799982e-14,32;0;0;0
101.29999999999852,32.44418347500552,1.0125935199154268,nan,adiabatic_expansion,6997,9.073297668749092e-14,32;0;0;0
101.39999999999851,32.44418347500553,0.9853832518545842,nan,adiabatic_expansion,7001,1.0494383140269292e-13,32;0;0;0
101.49999999999851,32.44418347500553,0.8885481143080541,nan,adiabatic_expansion,7007,1.0494383140269292e-13,32;0;0;0
101.5999999999985,32.44418341259167,0.9843476343598547,nan,adiabatic_expansion,7014,1.0536016503692736e-13,32;0;0;0
101.6999999999985,32.44418340926023,1.012155249863468,nan,adiabatic_expansion,7019,9.495182418106651e-14,32;0;0;0
101.79999999999849,32.44418340926023,1.0428382496723434,nan,adiabatic_expansion,7026,9.495182418106651e-14,32;0;0;0
101.89999999999849,32.44418340926024,1.0383818223061025,nan,adiabatic_expansion,7031,1.0205725153866751e-13,32;0;0;0
101.99999999999848,32.44418340926023,1.0355122454726173,nan,adiabatic_expansion,7036,9.495182418106651e-14,32;0;0;0
102.09999999999847,32.44418340926023,1.00045001063365,nan,adiabatic_expansion,7044,9.495182418106651e-14,32;0;0;0
102.19999999999847,32.44418333350436,0.971472291312666,nan,adiabatic_expansion,7052,1.0072498390911733e-13,32;0;0;0
102.29999999999846,32.4441832287318,1.0200896349775956,nan,adiabatic_expansion,7058,9.833800440617324e-14,32;0;0;0
102.39999999999846,32.4441831840885,0.9714726283860137,nan,adiabatic_expansion,7066,9.164891068280667e-14,32;0;0;0
102.49999999999845,32.4441831840885,1.0102936698652267,nan,adiabatic_expansion,7070,9.164891068280667e-14,32;0;0;0
102.59999999999845,32.44418318408851,1.039906307181373,nan,adiabatic_expansion,7078,9.875433804040767e-14,32;0;0;0
102.69999999999844,32.44418318408851,1.0404702670156845,nan,adiabatic_expansion,7085,9.875433804040767e-14,32;0;0;0
102.79999999999843,32.44418318408851,1.0386470195328987,nan,adiabatic_expansion,7092,9.875433804040767e-14,32;0;0;0
102.89999999999843,32.4441829752905,1.0019372347402502,nan,adiabatic_expansion,7100,9.220402219511925e-14,32;0;0;0
102.99999999999842,32.4441828981899,0.9349007923710212,nan,adiabatic_expansion,7111,9.828249325494198e-14,32;0;0;0
103.09999999999842,32.44418286764012,0.8963759081973861,nan,adiabatic_expansion,7116,9.958700530887654e-14,32;0;0;0
103.19999999999841,32.44418286764012,0.8638914674137911,nan,adiabatic_expansion,7122,9.958700530887654e-14,32;0;0;0
103.2999999999984,32.44418286764012,0.9838020249252588,nan,adiabatic_expansion,7130,9.958700530887654e-14,32;0;0;0
103.3999999999984,32.44418270326584,1.0454593393495062,nan,adiabatic_expansion,7142,9.930944955272025e-14,32;0;0;0
103.4999999999984,32.44418190232462,1.0225695221063893,nan,adiabatic_expansion,7147,1.0114131754335176e-13,32;0;0;0
103.59999999999839,32.444181301383395,1.0225695221063893,nan,adiabatic_expansion,7150,9.658940314238862e-14,32;0;0;0
103.69999999999838,32.44418090044217,1.0452151307498065,nan,adiabatic_expansion,7158,9.975353876257032e-14,32;0;0;0
103.79999999999838,32.44418058653899,1.0429535917161556,nan,adiabatic_expansion,7166,1.0266787420221135e-13,32;0;0;0
103.89999999999837,32.4441804126436,1.0427706732961386,nan,adiabatic_expansion,7178,9.472977957614148e-14,32;0;0;0
103.99999999999837,32.44418037167423,1.0433993002351307,nan,adiabatic_expansion,7181,9.686695889854491e-14,32;0;0;0
104.09999999999836,32.44418035645802,1.0443657189867668,nan,adiabatic_expansion,7189,9.550693569337909e-14,32;0;0;0
104.19999999999835,32.44418035017594,1.043362576529217,nan,adiabatic_expansion,7195,9.314771176605063e-14,32;0;0;0
104.29999999999835,32.44418035017594,1.0404251967215452,nan,adiabatic_expansion,7201,9.314771176605063e-14,32;0;0;0
104.39999999999834,32.44418035017594,1.044523391959865,nan,adiabatic_expansion,7208,9.314771176605063e-14,32;0;0;0
104.49999999999834,32.44418028754024,1.0360514070941267,nan,adiabatic_expansion,7214,1.0100253966527362e-13,32;0;0;0
104.59999999999833,32.44418020155021,1.0376120553161792,nan,adiabatic_expansion,7217,1.005029393041923e-13,32;0;0;0
104.69999999999833,32.4441800503052,0.9939273782774317,nan,adiabatic_expansion,7222,1.0030865027488289e-13,32;0;0;0
104.79999999999832,32.44417968510839,1.0252713069581076,nan,adiabatic_expansion,7230,9.731104810839497e-14,32;0;0;0
104.89999999999831,32.444179451166335,1.0266591075247178,nan,adiabatic_expansion,7241,9.597878047884478e-14,32;0;0;0
104.99999999999831,32.444178875506616,1.0074619436469228,nan,adiabatic_expansion,7249,9.869882688917642e-14,32;0;0;0
105.0999999999983,32.44417849984689,1.026372415328779,nan,adiabatic_expansion,7257,1.0169642905566434e-13,32;0;0;0
105.1999999999983,32.44417832418716,1.0232240631961809,nan,adiabatic_expansion,7264,1.0494383140269292e-13,32;0;0;0
105.29999999999829,32.44417830987617,1.0375790769135376,nan,adiabatic_expansion,7271,1.0225154056797692e-13,32;0;0;0
105.39999999999829,32.44417830987617,1.0372053126387324,nan,adiabatic_expansion,7277,1.0225154056797692e-13,32;0;0;0
105.49999999999828,32.44417824751606,1.0187936188615185,nan,adiabatic_expansion,7283,9.336975637097567e-14,32;0;0;0
105.59999999999827,32.444178172179086,1.0363227056264572,nan,adiabatic_expansion,7289,9.992007221626409e-14,32;0;0;0
105.69999999999827,32.444178117954905,1.0394985476016763,nan,adiabatic_expansion,7295,1.0344503031944896e-13,32;0;0;0
105.79999999999826,32.444178117954905,1.0403888108415582,nan,adiabatic_expansion,7305,1.0344503031944896e-13,32;0;0;0
105.89999999999826,32.444178117954905,1.035931389945675,nan,adiabatic_expansion,7309,1.0344503031944896e-13,32;0;0;0
105.99999999999825,32.444178117954905,1.0063560445736326,nan,adiabatic_expansion,7316,1.0344503031944896e-13,32;0;0;0
106.09999999999825,32.444178117954905,0.9256224836466003,nan,adiabatic_expansion,7325,1.0344503031944896e-13,32;0;0;0
106.19999999999824,32.44417801060132,1.0115902538451653,nan,adiabatic_expansion,7336,1.0388911952929902e-13,32;0;0;0
106.29999999999824,32.444177992312596,1.0267365421733299,nan,adiabatic_expansion,7343,1.0505485370515544e-13,32;0;0;0
106.39999999999823,32.44417796545308,1.043979412867064,nan,adiabatic_expansion,7350,1.0416667528545531e-13,32;0;0;0
106.49999999999822,32.44417796545308,1.0433695943856056,nan,adiabatic_expansion,7356,1.0416667528545531e-13,32;0;0;0
106.59999999999822,32.44417796545308,1.042990491413396,nan,adiabatic_expansion,7360,1.0416667528545531e-13,32;0;0;0
106.69999999999821,32.44417781101185,1.0458829936833733,nan,adiabatic_expansion,7370,1.0111356196773613e-13,32;0;0;0
106.7999999999982,32.44417772610983,1.0461505852452102,nan,adiabatic_expansion,7374,1.1082801343320625e-13,32;0;0;0
106.8999999999982,32.44417772610982,0.9915859327671391,nan,adiabatic_expansion,7381,1.0372258607560525e-13,32;0;0;0
106.9999999999982,32.44417772610983,0.993226454143022,nan,adiabatic_expansion,7386,1.1082801343320625e-13,32;0;0;0
107.09999999999819,32.44417772610982,0.9151185922161662,nan,adiabatic_expansion,7393,1.0372258607560525e-13,32;0;0;0
107.19999999999818,32.44417772610982,0.9562390263555731,nan,adiabatic_expansion,7397,1.0372258607560525e-13,32;0;0;0
107.29999999999818,32.44417765150111,1.0430322842441682,nan,adiabatic_expansion,7408,1.0833001162779965e-13,32;0;0;0
107.39999999999817,32.44417747349518,1.039423283179409,nan,adiabatic_expansion,7413,1.0977330155981235e-13,32;0;0;0
107.49999999999817,32.444177113945145,1.0417060763464365,nan,adiabatic_expansion,7418,1.0560996521746802e-13,32;0;0;0
107.59999999999816,32.44417682739093,1.014196717231018,nan,adiabatic_expansion,7427,1.0771938896425581e-13,32;0;0;0
107.69999999999816,32.44417660386237,1.0397452215253238,nan,adiabatic_expansion,7435,1.1687872891741335e-13,32;0;0;0
107.79999999999815,32.44417656442485,1.0131628697731851,nan,adiabatic_expansion,7439,1.0857981180834031e-13,32;0;0;0
107.89999999999814,32.44417656442486,1.036905312707589,nan,adiabatic_expansion,7448,1.156852391659413e-13,32;0;0;0
107.99999999999814,32.44417653561687,1.0385568757442696,nan,adiabatic_expansion,7457,1.1457501614131615e-13,32;0;0;0
108.09999999999813,32.444176461312125,0.9797372289293593,nan,adiabatic_expansion,7462,1.1321499293615034e-13,32;0;0;0
108.19999999999813,32.444176461312125,1.0152307996898073,nan,adiabatic_expansion,7470,1.1321499293615034e-13,32;0;0;0
108.29999999999812,32.444176461312125,1.024986018061927,nan,adiabatic_expansion,7474,1.1321499293615034e-13,32;0;0;0
108.39999999999812,32.44417640792808,1.0446582396687145,nan,adiabatic_expansion,7482,1.1507461650239748e-13,32;0;0;0
108.49999999999811,32.444176356937795,1.0170432739665938,nan,adiabatic_expansion,7486,1.145195049900849e-13,32;0;0;0
108.5999999999981,32.444176304558745,1.0155284917630305,nan,adiabatic_expansion,7491,1.1504686092678185e-13,32;0;0;0
108.6999999999981,32.44417615129545,0.9044579104063117,nan,adiabatic_expansion,7497,1.0907941216942163e-13,32;0;0;0
108.7999999999981,32.444176144203006,0.9931227359649409,nan,adiabatic_expansion,7501,1.0863532295957157e-13,32;0;0;0
108.89999999999809,32.44417593062192,1.0374652995391487,nan,adiabatic_expansion,7507,1.109667913112844e-13,32;0;0;0
108.99999999999808,32.44417589704689,1.0312776917503366,nan,adiabatic_expansion,7514,1.1377010444846292e-13,32;0;0;0
109.09999999999808,32.44417589704689,1.0398575322288324,nan,adiabatic_expansion,7519,1.1377010444846292e-13,32;0;0;0
109.19999999999807,32.44417589704688,1.0305279853425313,nan,adiabatic_expansion,7527,1.0666467709086191e-13,32;0;0;0
109.29999999999806,32.44417589704688,1.0323528136712126,nan,adiabatic_expansion,7533,1.0666467709086191e-13,32;0;0;0
109.39999999999806,32.44417589704689,1.0345384451932549,nan,adiabatic_expansion,7540,1.1377010444846292e-13,32;0;0;0
109.49999999999805,32.44417589704688,1.0144409340994665,nan,adiabatic_expansion,7547,1.0666467709086191e-13,32;0;0;0
109.59999999999805,32.44417589704689,1.0060993924697768,nan,adiabatic_expansion,7552,1.1377010444846292e-13,32;0;0;0
109.69999999999804,32.44417589704689,0.9999397033445957,nan,adiabatic_expansion,7555,1.1377010444846292e-13,32;0;0;0
109.79999999999804,32.44417567833123,0.9966918800205491,nan,adiabatic_expansion,7565,1.0810796702287462e-13,32;0;0;0
109.89999999999803,32.44417538727209,1.0171479464208075,nan,adiabatic_expansion,7577,1.0899614544257474e-13,32;0;0;0
109.99999999999802,32.4441752960131,1.0198938643472928,nan,adiabatic_expansion,7583,1.097177904085811e-13,32;0;0;0
110.09999999999802,32.44417528122756,1.0353934035658099,nan,adiabatic_expansion,7590,1.1618483952702263e-13,32;0;0;0
110.19999999999801,32.44417512038603,1.044560681217608,nan,adiabatic_expansion,7595,1.127986593019159e-13,32;0;0;0
110.29999999999801,32.444175000370436,1.0309497225117854,nan,adiabatic_expansion,7602,1.1338152638984411e-13,32;0;0;0
110.399999999998,32.44417495612832,1.0318462031863551,nan,adiabatic_expansion,7607,1.1238232566768147e-13,32;0;0;0
110.499999999998,32.444174953081294,1.043087522960774,nan,adiabatic_expansion,7614,1.0794143356918084e-13,32;0;0;0
110.59999999999799,32.4441749222585,1.0409712699434401,nan,adiabatic_expansion,7619,1.0749734435933078e-13,32;0;0;0
110.69999999999798,32.44417473125475,1.04208050445958,nan,adiabatic_expansion,7630,1.1188272530660015e-13,32;0;0;0
110.79999999999798,32.44417422182068,1.0373762192590972,nan,adiabatic_expansion,7636,1.1057821325266559e-13,32;0;0;0
110.89999999999797,32.44417383652775,1.0452707918034585,nan,adiabatic_expansion,7642,1.0658141036401503e-13,32;0;0;0
110.99999999999797,32.44417354336274,1.0322568145908761,nan,adiabatic_expansion,7648,1.0749734435933078e-13,32;0;0;0
111.09999999999796,32.444173450080925,1.0359502405296777,nan,adiabatic_expansion,7652,1.0844103393026217e-13,32;0;0;0
111.19999999999796,32.44417344232706,1.0240416606089897,nan,adiabatic_expansion,7655,1.1257661469699087e-13,32;0;0;0
111.29999999999795,32.44417320217709,1.0226389390886679,nan,adiabatic_expansion,7658,1.0497158697830855e-13,32;0;0;0
111.39999999999795,32.444172625888676,1.0434171543701618,nan,adiabatic_expansion,7667,1.0869083411080283e-13,32;0;0;0
111.49999999999794,32.44417224960026,1.0434171543701616,nan,adiabatic_expansion,7671,1.1204925876029392e-13,32;0;0;0
111.59999999999793,32.44417207331183,1.0175352161177507,nan,adiabatic_expansion,7678,1.1496359419993496e-13,32;0;0;0
111.69999999999793,32.44417205876202,1.0396672883432247,nan,adiabatic_expansion,7683,1.1421419365831298e-13,32;0;0;0
111.79999999999792,32.44417186043096,1.043299340389523,nan,adiabatic_expansion,7687,1.0827450047656839e-13,32;0;0;0
111.89999999999792,32.44417173456254,1.0134951648845094,nan,adiabatic_expansion,7695,1.0649814363716814e-13,32;0;0;0
111.99999999999791,32.4441717328896,1.0145851768692022,nan,adiabatic_expansion,7704,1.0774714453987144e-13,32;0;0;0
112.0999999999979,32.4441717328896,1.0145851768692022,nan,adiabatic_expansion,7709,1.0774714453987144e-13,32;0;0;0
112.1999999999979,32.4441717328896,1.0397889568500924,nan,adiabatic_expansion,7719,1.0774714453987144e-13,32;0;0;0
112.2999999999979,32.44417173288961,1.0349196176559021,nan,adiabatic_expansion,7724,1.1485257189747244e-13,32;0;0;0
112.39999999999789,32.4441717328896,1.017243644160981,nan,adiabatic_expansion,7734,1.0774714453987144e-13,32;0;0;0
112.49999999999788,32.4441717328896,1.02775956689102,nan,adiabatic_expansion,7741,1.0774714453987144e-13,32;0;0;0
112.59999999999788,32.4441717328896,1.0036880567807416,nan,adiabatic_expansion,7749,1.0774714453987144e-13,32;0;0;0
112.69999999999787,32.444171540277765,1.0436646265983212,nan,adiabatic_expansion,7760,1.0538792061254298e-13,32;0;0;0
112.79999999999787,32.44417127202732,1.015047473736534,nan,adiabatic_expansion,7765,1.1313172620930345e-13,32;0;0;0
112.89999999999786,32.44417120125678,1.013011844254022,nan,adiabatic_expansion,7772,1.1457501614131615e-13,32;0;0;0
112.99999999999785,32.4441711166988,0.9925397729198507,nan,adiabatic_expansion,7781,1.0949574580365606e-13,32;0;0;0
113.09999999999785,32.44417098394942,1.006603203612976,nan,adiabatic_expansion,7789,1.0974554598419672e-13,32;0;0;0
113.19999999999784,32.444170981268115,0.9546693256412699,nan,adiabatic_expansion,7795,1.1046719095020308e-13,32;0;0;0
113.29999999999784,32.444170981268115,0.9938778467922992,nan,adiabatic_expansion,7800,1.1046719095020308e-13,32;0;0;0
113.39999999999783,32.444170981268115,0.9835663086893758,nan,adiabatic_expansion,7809,1.1046719095020308e-13,32;0;0;0
113.49999999999783,32.44417089203217,0.9893542749413848,nan,adiabatic_expansion,7818,1.0880185641326534e-13,32;0;0;0
113.59999999999782,32.44417088514972,0.9798904840574489,nan,adiabatic_expansion,7823,1.1038392422335619e-13,32;0;0;0
113.69999999999781,32.44417077496177,0.9598164651045832,nan,adiabatic_expansion,7829,1.0577649867116179e-13,32;0;0;0
113.79999999999781,32.44417061918926,0.9894434364287247,nan,adiabatic_expansion,7835,1.0683121054455569e-13,32;0;0;0
113.8999999999978,32.444170530488705,1.0425954938943165,nan,adiabatic_expansion,7842,9.892087149410145e-14,32;0;0;0
113.9999999999978,32.44417046036895,1.0261686831987147,nan,adiabatic_expansion,7854,1.1113332476497817e-13,32;0;0;0
114.09999999999779,32.444170322579566,1.0315266765308275,nan,adiabatic_expansion,7863,1.1035616864774056e-13,32;0;0;0
114.19999999999779,32.444170319009466,1.026384447901018,nan,adiabatic_expansion,7870,1.0408340855860843e-13,32;0;0;0
114.29999999999778,32.44417027266195,1.0226743364727724,nan,adiabatic_expansion,7884,1.0649814363716814e-13,32;0;0;0
114.39999999999777,32.444170271790846,1.0139527608884653,nan,adiabatic_expansion,7889,1.0436096431476471e-13,32;0;0;0
114.49999999999777,32.444170271790846,1.040762285277461,nan,adiabatic_expansion,7892,1.0436096431476471e-13,32;0;0;0
114.59999999999776,32.44417022757808,1.0454062369411758,nan,adiabatic_expansion,7899,1.0158540675320182e-13,32;0;0;0
114.69999999999776,32.44416972973734,1.0229399524800835,nan,adiabatic_expansion,7907,1.0935696792557792e-13,32;0;0;0
114.79999999999775,32.444169063000835,0.9903240610532525,nan,adiabatic_expansion,7917,1.0400014183176154e-13,32;0;0;0
114.89999999999775,32.4441684477099,0.9677400702502393,nan,adiabatic_expansion,7922,1.0408340855860843e-13,32;0;0;0
114.99999999999774,32.44416803241896,0.9876953662126617,nan,adiabatic_expansion,7925,1.033895191682177e-13,32;0;0;0
115.09999999999773,32.44416781712802,1.0017155584958557,nan,adiabatic_expansion,7929,1.0894063429134349e-13,32;0;0;0
115.19999999999773,32.44416778389801,1.0023539304674556,nan,adiabatic_expansion,7936,1.0638712133470563e-13,32;0;0;0
115.29999999999772,32.44416778389801,0.9962840753689064,nan,adiabatic_expansion,7942,1.0638712133470563e-13,32;0;0;0
115.39999999999772,32.44416777267694,1.0002538276246848,nan,adiabatic_expansion,7951,1.0882961198888097e-13,32;0;0;0
115.49999999999771,32.44416753343349,0.9960437682934329,nan,adiabatic_expansion,7961,1.0966227925734984e-13,32;0;0;0
115.5999999999977,32.44416744555167,1.040210353895349,nan,adiabatic_expansion,7970,1.061650767297806e-13,32;0;0;0
115.6999999999977,32.44416744555167,1.039269135268298,nan,adiabatic_expansion,7978,1.061650767297806e-13,32;0;0;0
115.7999999999977,32.44416744555168,1.0229557316170332,nan,adiabatic_expansion,7986,1.132705040873816e-13,32;0;0;0
115.89999999999769,32.44416744555168,1.0207739941046596,nan,adiabatic_expansion,7989,1.132705040873816e-13,32;0;0;0
115.99999999999768,32.444167314912015,1.0287716442243076,nan,adiabatic_expansion,8000,1.1379786002407855e-13,32;0;0;0
116.09999999999768,32.44416731227228,1.0245031197224812,nan,adiabatic_expansion,8008,1.1182721415536889e-13,32;0;0;0
116.19999999999767,32.44416731227228,1.0325554319169097,nan,adiabatic_expansion,8013,1.1182721415536889e-13,32;0;0;0
116.29999999999767,32.44416731227227,1.034801870762262,nan,adiabatic_expansion,8016,1.0472178679776789e-13,32;0;0;0
116.39999999999766,32.44416731227227,1.0341438901672133,nan,adiabatic_expansion,8025,1.0472178679776789e-13,32;0;0;0
116.49999999999766,32.44416731227227,1.039494421783325,nan,adiabatic_expansion,8030,1.0472178679776789e-13,32;0;0;0
116.59999999999765,32.44416730108196,1.0393484907301476,nan,adiabatic_expansion,8037,1.1290968160437842e-13,32;0;0;0
116.69999999999764,32.44416726849523,1.0288777548393175,nan,adiabatic_expansion,8047,1.138533711753098e-13,32;0;0;0
116.79999999999764,32.444166969146664,0.9719904279154663,nan,adiabatic_expansion,8055,1.0860756738395594e-13,32;0;0;0
116.89999999999763,32.44416686979704,0.9692983253922621,nan,adiabatic_expansion,8063,1.0461076449530538e-13,32;0;0;0
116.99999999999763,32.44416686023467,0.9650939558301581,nan,adiabatic_expansion,8069,1.0705325514948072e-13,32;0;0;0
117.09999999999762,32.44416684962292,1.0247254387860365,nan,adiabatic_expansion,8077,1.0830225605218402e-13,32;0;0;0
117.19999999999762,32.44416676418816,1.0221473538074615,nan,adiabatic_expansion,8084,1.0749734435933078e-13,32;0;0;0
117.29999999999761,32.44416676115741,0.986892856602148,nan,adiabatic_expansion,8092,1.0844103393026217e-13,32;0;0;0
117.3999999999976,32.44416675700914,0.9747896836461102,nan,adiabatic_expansion,8099,1.0907941216942163e-13,32;0;0;0
117.4999999999976,32.44416675700914,1.0195883498214406,nan,adiabatic_expansion,8108,1.0907941216942163e-13,32;0;0;0
117.59999999999759,32.444166586449114,1.0178720646607924,nan,adiabatic_expansion,8117,1.058875209736243e-13,32;0;0;0
117.69999999999759,32.44416646715613,1.0113144183801053,nan,adiabatic_expansion,8128,1.0333400801698644e-13,32;0;0;0
117.79999999999758,32.44416646622558,1.0287804080106349,nan,adiabatic_expansion,8136,1.0333400801698644e-13,32;0;0;0
117.89999999999758,32.444166457767665,1.0408677567003366,nan,adiabatic_expansion,8140,1.0133560657266116e-13,32;0;0;0
117.99999999999757,32.444166457767665,1.0357866566380967,nan,adiabatic_expansion,8148,1.0133560657266116e-13,32;0;0;0
118.09999999999756,32.44416645776767,1.0167992689941452,nan,adiabatic_expansion,8153,1.0844103393026217e-13,32;0;0;0
118.19999999999756,32.444166457767665,1.0397046216368653,nan,adiabatic_expansion,8163,1.0133560657266116e-13,32;0;0;0
118.29999999999755,32.44416628301524,1.0440279857120685,nan,adiabatic_expansion,8173,1.1152190282359697e-13,32;0;0;0
118.39999999999755,32.444166240672445,1.042434089011788,nan,adiabatic_expansion,8180,1.0935696792557792e-13,32;0;0;0
118.49999999999754,32.444166240672445,1.0444007806210607,nan,adiabatic_expansion,8189,1.0935696792557792e-13,32;0;0;0
118.59999999999754,32.444166240672445,1.0451012189499749,nan,adiabatic_expansion,8198,1.0935696792557792e-13,32;0;0;0
118.69999999999753,32.44416599089322,1.0228143374305927,nan,adiabatic_expansion,8204,1.145195049900849e-13,32;0;0;0
118.79999999999752,32.44416593393105,0.9465757870647072,nan,adiabatic_expansion,8215,1.1535217225855376e-13,32;0;0;0
118.89999999999752,32.44416593393105,1.0214527478268893,nan,adiabatic_expansion,8225,1.1535217225855376e-13,32;0;0;0
118.99999999999751,32.44416593393105,1.0254045545645345,nan,adiabatic_expansion,8228,1.1535217225855376e-13,32;0;0;0
119.09999999999751,32.44416593393106,1.0309847992376961,nan,adiabatic_expansion,8236,1.2245759961615477e-13,32;0;0;0
119.1999999999975,32.44416593393106,1.0148403726446777,nan,adiabatic_expansion,8238,1.2245759961615477e-13,32;0;0;0
119.2999999999975,32.44416593393105,1.0298396943361023,nan,adiabatic_expansion,8245,1.1535217225855376e-13,32;0;0;0
119.39999999999749,32.44416593393105,0.9952513681583706,nan,adiabatic_expansion,8252,1.1535217225855376e-13,32;0;0;0
119.49999999999748,32.444165933931046,0.9852451236873988,nan,adiabatic_expansion,8258,1.0824674490095276e-13,32;0;0;0
119.59999999999748,32.444165933931046,0.9072485120473248,nan,adiabatic_expansion,8267,1.0824674490095276e-13,32;0;0;0
119.69999999999747,32.44416586555564,0.914244886283877,nan,adiabatic_expansion,8276,1.1621259510263826e-13,32;0;0;0
119.79999999999747,32.444165641202034,0.9765575511010884,nan,adiabatic_expansion,8281,1.1657341758564144e-13,32;0;0;0
119.89999999999746,32.44416548362467,0.9711184025181309,nan,adiabatic_expansion,8285,1.1718404024918527e-13,32;0;0;0
119.99999999999746,32.44416547533679,0.9482892496560373,nan,adiabatic_expansion,8291,1.1513012765362873e-13,32;0;0;0
120.0,32.44416547533679,0.9482892496560373,nan,adiabatic_expansion,8291,1.1513012765362873e-13,32;0;0;0
