time,energy,temperature_trans,temperature_rot,branch,events,energy_residual,occupancy
0.1,30.38011231339878,0.9426098068514153,nan,hot,18,4.676163969929981e-16,32;0;0;0
0.2,28.27270462531932,0.8764229350878467,nan,hot,33,1.1693120430256165e-15,32;0;0;0
0.30000000000000004,28.344246979715344,0.8991262739520012,nan,hot,44,-5.824767751461124e-15,32;0;0;0
0.4,28.343944895459707,0.9003237944222808,nan,hot,53,-2.824563499759236e-15,32;0;0;0
0.5,28.43664929457898,0.9065739222737951,nan,hot,64,-3.6038880213418167e-16,32;0;0;0
0.6,30.115535386752384,0.9614638392555213,nan,hot,78,1.9114484300919443e-15,32;0;0;0
0.7,30.20619822049519,0.9618342063843276,nan,hot,90,3.105588702867479e-15,32;0;0;0
0.7999999999999999,31.031363414197582,0.9849038376813334,nan,hot,101,9.979430476425577e-15,32;0;0;0
0.8999999999999999,32.10124025038051,1.013249541589383,nan,hot,117,2.2122061127394232e-15,32;0;0;0
0.9999999999999999,34.22215063540558,1.0799267819660459,nan,hot,134,7.162239551439242e-15,32;0;0;0
1.0999999999999999,33.84279985250003,1.0342834828234377,nan,hot,147,6.19383017097519e-15,32;0;0;0
1.2,34.9824228788403,1.071150849988493,nan,hot,167,4.682018661661402e-15,32;0;0;0
1.3,34.98174430256723,1.0823321355811233,nan,hot,184,1.7120853346153098e-14,32;0;0;0
1.4000000000000001,31.54636402885676,0.9353093998557294,nan,hot,194,2.064581144933797e-14,32;0;0;0
1.5000000000000002,35.83668957210651,1.0126403935729653,nan,hot,211,2.8048743883068994e-14,32;0;0;0
1.6000000000000003,39.73438925105268,1.053657066118154,nan,hot,230,1.851123421214851e-14,32;0;0;0
1.7000000000000004,39.73287733330414,1.0673512901436422,nan,hot,238,2.564441714536514e-14,32;0;0;0
1.8000000000000005,39.42934750378454,1.0489974682634882,nan,hot,249,2.570339774354835e-14,32;0;0;0
1.9000000000000006,41.136388712749664,1.0505124622814885,nan,hot,261,1.3777173846207802e-14,32;0;0;0
2.0000000000000004,41.67043772223144,1.0313247166740445,nan,hot,272,1.0998146837692957e-15,32;0;0;0
2.1000000000000005,41.66879874222386,1.0367074613369274,nan,hot,280,1.2774503677093207e-14,32;0;0;0
2.2000000000000006,37.94573090679333,0.8327436459122345,nan,hot,294,-2.796374243274613e-15,32;0;0;0
2.3000000000000007,37.944002872443406,0.819039694784916,nan,hot,305,1.2222861611732583e-14,32;0;0;0
2.400000000000001,37.441634449992236,0.7223687965957815,nan,hot,310,6.331740687315346e-15,32;0;0;0
2.500000000000001,37.60336461064985,0.6526713803178781,nan,hot,314,1.7208456881689926e-15,32;0;0;0
2.600000000000001,37.60152953645801,0.6489998408140563,nan,hot,320,6.168676680573526e-15,32;0;0;0
2.700000000000001,37.5995265754314,0.6534333944291228,nan,hot,326,3.1502578323738817e-15,32;0;0;0
2.800000000000001,39.87034336306384,0.7430305720611263,nan,hot,334,9.832412661836543e-15,32;0;0;0
2.9000000000000012,39.86825045902922,0.747906934173667,nan,hot,339,1.240327285323417e-14,32;0;0;0
3.0000000000000013,41.41724189357653,0.8004958605602477,nan,adiabatic_expansion,351,1.930400284066991e-14,32;0;0;0
3.1000000000000014,41.41514772328252,0.7857638955790298,nan,adiabatic_expansion,358,1.4634127243340345e-14,32;0;0;0
3.2000000000000015,41.413011580854096,0.8228457626411998,nan,adiabatic_expansion,367,2.408490074046199e-14,32;0;0;0
3.3000000000000016,41.410873528909775,0.8010511005863088,nan,adiabatic_expansion,372,9.235667786100521e-15,32;0;0;0
3.4000000000000017,41.40862704727547,0.7879297136187897,nan,adiabatic_expansion,379,2.0608514894604468e-14,32;0;0;0
3.5000000000000018,41.406327716896556,0.7695864761159875,nan,adiabatic_expansion,386,2.998989945268704e-14,32;0;0;0
3.600000000000002,41.40393252978422,0.7754678485747094,nan,adiabatic_expansion,396,2.3564483697668948e-14,32;0;0;0
3.700000000000002,41.40153887905679,0.7531704968521173,nan,adiabatic_expansion,401,2.929601006229632e-14,32;0;0;0
3.800000000000002,41.399141221926946,0.7589328079639528,nan,adiabatic_expansion,405,2.911559882079473e-14,32;0;0;0
3.900000000000002,41.39669668811634,0.7218621815542369,nan,adiabatic_expansion,410,2.2475077354755513e-14,32;0;0;0
4.000000000000002,41.39412757986198,0.7345202137849914,nan,adiabatic_expansion,412,2.6506574712925612e-15,32;0;0;0
4.100000000000001,41.39154056168651,0.7336972186058945,nan,adiabatic_expansion,418,1.441902153231922e-14,32;0;0;0
4.200000000000001,41.38885933499722,0.7316755113376486,nan,adiabatic_expansion,427,1.0845491171806998e-14,32;0;0;0
4.300000000000001,37.2391634511278,0.566406309105393,nan,cold,435,-1.339206523454095e-14,32;0;0;0
4.4,33.20889878701084,0.4631567025379974,nan,cold,445,-3.1086244689504383e-15,32;0;0;0
4.5,32.81853263334872,0.7846707849627068,nan,cold,453,4.8155923693116165e-15,32;0;0;0
4.6,32.81728416563615,0.8450274261980966,nan,cold,459,-4.232725281383409e-15,32;0;0;0
4.699999999999999,33.778837181861185,0.8749470591558527,nan,cold,467,-1.0963452368173421e-14,32;0;0;0
4.799999999999999,33.79572061940991,0.8848290579911856,nan,cold,475,-4.121702978920894e-15,32;0;0;0
4.899999999999999,29.81557819795098,0.732174429312789,nan,cold,488,-1.1921019726912618e-14,32;0;0;0
4.999999999999998,32.100885596240964,0.792398045340316,nan,cold,493,-1.6681100944992977e-14,32;0;0;0
5.099999999999998,31.800899576744175,0.8299291036621013,nan,cold,499,-1.772193503057906e-14,32;0;0;0
5.1999999999999975,34.86002339307715,0.9774179732377759,nan,cold,501,-1.4363510381087963e-14,32;0;0;0
5.299999999999997,35.76176359940711,1.0129845016033607,nan,cold,505,-1.7943979635504093e-14,32;0;0;0
5.399999999999997,33.76882629741225,0.9466596835016579,nan,cold,513,-1.625088952295073e-14,32;0;0;0
5.4999999999999964,28.394050543177734,0.8573672066740015,nan,cold,518,-1.4155343563970746e-14,32;0;0;0
5.599999999999996,25.568020250913943,0.7521934301979781,nan,cold,525,-1.1657341758564144e-14,32;0;0;0
5.699999999999996,27.59230246963151,0.8185106119990851,nan,cold,533,-8.909539772616881e-15,32;0;0;0
5.799999999999995,26.4322941623548,0.8457677337179164,nan,cold,543,-7.771561172376096e-15,32;0;0;0
5.899999999999995,23.532576756704277,0.7577527114320856,nan,cold,550,-1.3697376566312869e-14,32;0;0;0
5.999999999999995,21.0382402981719,0.6703568172947183,nan,cold,556,-1.6583956430338276e-14,32;0;0;0
6.099999999999994,21.54451228942366,0.6858853062426772,nan,cold,561,-1.4904744105592727e-14,32;0;0;0
6.199999999999994,18.23968208535467,0.5798617670611274,nan,cold,568,-1.965094753586527e-14,32;0;0;0
6.299999999999994,19.229948793931186,0.6031254918865604,nan,cold,572,-1.9512169657787126e-14,32;0;0;0
6.399999999999993,21.128578633283027,0.6641268673262121,nan,cold,577,-2.1621593404574924e-14,32;0;0;0
6.499999999999993,22.237310514732112,0.694219954091887,nan,cold,586,-1.6653345369377348e-14,32;0;0;0
6.5999999999999925,23.100037455216746,0.7243131898186442,nan,cold,592,-1.85268467234323e-14,32;0;0;0
6.699999999999992,22.909161137676364,0.7100462499143145,nan,cold,597,-2.185751579730777e-14,32;0;0;0
6.799999999999992,23.311977938486088,0.7016147170124793,nan,cold,603,-1.9331758416285538e-14,32;0;0;0
6.8999999999999915,26.368797651986668,0.8175935621297624,nan,cold,605,-1.7139067942650854e-14,32;0;0;0
6.999999999999991,27.290604618736634,0.839917062863083,nan,cold,610,-1.6459056340067946e-14,32;0;0;0
7.099999999999991,26.89960126398742,0.8222737119604164,nan,cold,617,-1.4654943925052066e-14,32;0;0;0
7.19999999999999,28.801775192222053,0.8551342550502956,nan,cold,626,-1.777744618181032e-14,32;0;0;0
7.29999999999999,27.04852821192303,0.8080014456740374,nan,cold,634,-1.594557819117881e-14,32;0;0;0
7.39999999999999,28.628967247032246,0.8303096206727224,nan,cold,646,-1.802724636235098e-14,32;0;0;0
7.499999999999989,28.25934200798347,0.7970888494990934,nan,cold,651,-1.7166823518266483e-14,32;0;0;0
7.599999999999989,27.72579214141926,0.7962692156093347,nan,cold,656,-2.341182803178299e-14,32;0;0;0
7.699999999999989,29.01568505226209,0.8110403266636663,nan,cold,662,-1.7041923427996153e-14,32;0;0;0
7.799999999999988,29.307098170467164,0.822730075242667,nan,cold,668,-1.3003487175922146e-14,32;0;0;0
7.899999999999988,29.102520025102677,0.8457446259494567,nan,cold,676,-1.4016565685892601e-14,32;0;0;0
7.999999999999988,29.392742649868968,0.8763786259452162,nan,cold,683,-1.3933298959045715e-14,32;0;0;0
8.099999999999987,29.694096202110405,0.8851133273010208,nan,adiabatic_expansion,690,-1.2406742300186124e-14,32;0;0;0
8.199999999999987,29.69316511742026,0.8868466124955278,nan,adiabatic_expansion,697,-1.239286451237831e-14,32;0;0;0
8.299999999999986,29.6922343672049,0.8784762969106954,nan,adiabatic_expansion,705,-1.3489209749195652e-14,32;0;0;0
8.399999999999986,29.6913187582716,0.8911138533028214,nan,adiabatic_expansion,715,-1.1005085731596864e-14,32;0;0;0
8.499999999999986,29.69043499122478,0.8931567845345845,nan,adiabatic_expansion,723,-1.3600232051658168e-14,32;0;0;0
8.599999999999985,29.689551846535064,0.8822238797956344,nan,adiabatic_expansion,732,-1.4363510381087963e-14,32;0;0;0
8.699999999999985,29.68866951317796,0.89396383362234,nan,adiabatic_expansion,737,-1.534883331544279e-14,32;0;0;0
8.799999999999985,29.68778818276253,0.8891220754004886,nan,adiabatic_expansion,742,-2.263467191454538e-14,32;0;0;0
8.899999999999984,29.686941097739485,0.904448422860213,nan,adiabatic_expansion,747,-1.7319479184152442e-14,32;0;0;0
8.999999999999984,29.686222588436042,0.9141593844806102,nan,adiabatic_expansion,752,-1.7194579093882112e-14,32;0;0;0
9.099999999999984,29.685529026885003,0.9257492659181253,nan,adiabatic_expansion,761,-1.5126788710517758e-14,32;0;0;0
9.199999999999983,29.68508550104859,0.926200865049935,nan,adiabatic_expansion,766,-1.4432899320127035e-14,32;0;0;0
9.299999999999983,29.684642492107077,0.9199684734796213,nan,adiabatic_expansion,773,-1.071365218763276e-14,32;0;0;0
9.399999999999983,29.684199997361254,0.9363463762020335,nan,adiabatic_expansion,781,-1.4654943925052066e-14,32;0;0;0
9.499999999999982,29.683790610614096,0.9417838951994028,nan,adiabatic_expansion,786,-1.1227130336521896e-14,32;0;0;0
9.599999999999982,29.683501728742947,0.9337916867324336,nan,adiabatic_expansion,791,-1.469657728847551e-14,32;0;0;0
9.699999999999982,29.683370681131343,0.9281695104681876,nan,adiabatic_expansion,799,-1.4752088439706768e-14,32;0;0;0
9.799999999999981,29.683339443663627,0.945066161677837,nan,adiabatic_expansion,804,-1.1046719095020308e-14,32;0;0;0
9.89999999999998,29.683308403698447,0.9445993490943055,nan,adiabatic_expansion,809,-1.584843367652411e-14,32;0;0;0
9.99999999999998,29.683263154949262,0.9287858685012592,nan,adiabatic_expansion,817,-9.783840404509192e-15,32;0;0;0
10.09999999999998,29.683187979166323,0.9481184725751102,nan,adiabatic_expansion,823,-1.7916224059888464e-14,32;0;0;0
10.19999999999998,29.68311299113645,0.916731422940018,nan,adiabatic_expansion,827,-1.765254609153999e-14,32;0;0;0
10.29999999999998,29.682873006882573,0.941772353700589,nan,adiabatic_expansion,839,-1.2947976024690888e-14,32;0;0;0
10.399999999999979,29.68258821195825,0.9466492260722594,nan,adiabatic_expansion,843,-1.2961853812498703e-14,32;0;0;0
10.499999999999979,29.68230348634463,0.9310882345269736,nan,adiabatic_expansion,852,-1.7708057242771247e-14,32;0;0;0
10.599999999999978,29.681999886660577,0.8726428712096322,nan,adiabatic_expansion,858,-1.6292522886374172e-14,32;0;0;0
10.699999999999978,29.681664009414792,0.8974981303143599,nan,adiabatic_expansion,862,-1.569577801063815e-14,32;0;0;0
10.799999999999978,29.681328145652845,0.8686172008091914,nan,adiabatic_expansion,868,-1.4904744105592727e-14,32;0;0;0
10.899999999999977,29.680969238629814,0.8951995217037266,nan,adiabatic_expansion,877,-1.6112111644872584e-14,32;0;0;0
10.999999999999977,29.680458787602372,0.8848658068308591,nan,adiabatic_expansion,888,-1.6306400674181987e-14,32;0;0;0
11.099999999999977,29.679845597978698,0.9082202543111978,nan,adiabatic_expansion,896,-1.1379786002407855e-14,32;0;0;0
11.199999999999976,29.679205074493556,0.8827639356348402,nan,adiabatic_expansion,903,-1.3503087537003466e-14,32;0;0;0
11.299999999999976,29.678529435145244,0.8827639356348402,nan,adiabatic_expansion,906,-1.3447576385772209e-14,32;0;0;0
11.399999999999975,29.677853446601198,0.9038309694868892,nan,adiabatic_expansion,911,-1.1976530878143876e-14,32;0;0;0
11.499999999999975,29.67710323093799,0.890228074711945,nan,adiabatic_expansion,919,-1.479372180313021e-14,32;0;0;0
11.599999999999975,29.67632694497913,0.901814624904749,nan,adiabatic_expansion,930,-1.4349632593280148e-14,32;0;0;0
11.699999999999974,29.67555050247196,0.8997527579320348,nan,adiabatic_expansion,934,-1.444677710793485e-14,32;0;0;0
11.799999999999974,29.674727695902742,0.8939144462582774,nan,adiabatic_expansion,942,-1.7166823518266483e-14,32;0;0;0
11.899999999999974,29.673880734844204,0.8752533180845368,nan,adiabatic_expansion,947,-2.0608514894604468e-14,32;0;0;0
11.999999999999973,29.673016452787337,0.8757699563624707,nan,adiabatic_expansion,956,-2.310651670001107e-14,32;0;0;0
12.099999999999973,29.67215235150344,0.8515355392746816,nan,adiabatic_expansion,963,-1.9470536294363683e-14,32;0;0;0
12.199999999999973,29.62915791502796,0.8689312231960705,nan,cold,971,-1.554312234475219e-14,32;0;0;0
12.299999999999972,28.804799329306967,0.8397514848777554,nan,cold,981,-1.9914625504213745e-14,32;0;0;0
12.399999999999972,28.55264927922307,0.8181533913593095,nan,cold,985,-1.659783421814609e-14,32;0;0;0
12.499999999999972,28.101621039379083,0.8157630532398964,nan,cold,988,-1.4085954624931674e-14,32;0;0;0
12.599999999999971,27.915914233550332,0.8250820757556231,nan,cold,991,-1.6930901125533637e-14,32;0;0;0
12.69999999999997,30.74661409265743,0.9253310456627244,nan,cold,1000,-1.8790524691780774e-14,32;0;0;0
12.79999999999997,30.608464574997164,0.94552881196827,nan,cold,1007,-2.260691633892975e-14,32;0;0;0
12.89999999999997,28.880438976413508,0.9126297938128061,nan,cold,1010,-2.142730437526552e-14,32;0;0;0
12.99999999999997,31.332166637439375,0.983818882634936,nan,cold,1019,-2.1566082253343666e-14,32;0;0;0
13.09999999999997,33.195456517982365,1.053310690252384,nan,cold,1025,-1.9192980538207394e-14,32;0;0;0
13.199999999999969,31.32852276918059,0.9891961223700547,nan,cold,1031,-2.1760371282653068e-14,32;0;0;0
13.299999999999969,26.62858719949143,0.8115970413624463,nan,cold,1041,-1.930400284066991e-14,32;0;0;0
13.399999999999968,27.197845978058535,0.8443283853446938,nan,cold,1045,-1.61259894326804e-14,32;0;0;0
13.499999999999968,29.231579133312795,0.9090268013545848,nan,cold,1051,-1.6861512186494565e-14,32;0;0;0
13.599999999999968,28.0603425525941,0.8844841206761189,nan,cold,1055,-1.211530875622202e-14,32;0;0;0
13.699999999999967,30.93507228926361,0.9940961393762036,nan,cold,1061,-1.6042722705833512e-14,32;0;0;0
13.799999999999967,28.86561219661216,0.9280165238267334,nan,cold,1067,-1.482147737874584e-14,32;0;0;0
13.899999999999967,27.76942216831684,0.8929402556775805,nan,cold,1072,-1.5265566588595902e-14,32;0;0;0
13.999999999999966,28.657440256013295,0.8905100875758252,nan,cold,1080,-1.4058199049316045e-14,32;0;0;0
14.099999999999966,29.504805683883315,0.916482961108763,nan,cold,1087,-1.9567680809018384e-14,32;0;0;0
14.199999999999966,27.241006189650733,0.8454774571278288,nan,cold,1093,-2.1815882433884326e-14,32;0;0;0
14.299999999999965,24.572867122518012,0.7260358743998628,nan,cold,1099,-2.020605904817785e-14,32;0;0;0
14.399999999999965,24.80953802247886,0.7597237740141201,nan,cold,1105,-2.1524448889920222e-14,32;0;0;0
14.499999999999964,24.60030208393204,0.7546882026794945,nan,cold,1110,-2.052524816775758e-14,32;0;0;0
14.599999999999964,26.58886573631479,0.8149676870351701,nan,cold,1114,-2.0788926136106056e-14,32;0;0;0
14.699999999999964,27.079919490997412,0.8246352113390916,nan,cold,1118,-2.2246093855926574e-14,32;0;0;0
14.799999999999963,26.439413647744605,0.7938854955197123,nan,cold,1129,-2.609024107869118e-14,32;0;0;0
14.899999999999963,26.02397439350701,0.7740826198918319,nan,cold,1137,-2.7727820040013285e-14,32;0;0;0
14.999999999999963,26.715658883516582,0.8083245443496426,nan,cold,1147,-3.02396996332277e-14,32;0;0;0
15.099999999999962,24.82482208833582,0.7426192044406135,nan,adiabatic_expansion,1154,-3.0225821845419887e-14,32;0;0;0
15.199999999999962,24.82419037419433,0.7481157682930271,nan,adiabatic_expansion,1158,-3.096134459923405e-14,32;0;0;0
15.299999999999962,24.823563659297065,0.7661509632301207,nan,adiabatic_expansion,1166,-3.3958946765721976e-14,32;0;0;0
15.399999999999961,24.822937366614568,0.7549731568818009,nan,adiabatic_expansion,1171,-3.316791286067655e-14,32;0;0;0
15.499999999999961,24.822311311450157,0.7351517337111463,nan,adiabatic_expansion,1176,-3.4611202792689255e-14,32;0;0;0
15.59999999999996,24.821685528613553,0.7456257510003563,nan,adiabatic_expansion,1181,-3.232136780439987e-14,32;0;0;0
15.69999999999996,24.82112901144351,0.7780593096599279,nan,adiabatic_expansion,1189,-3.104461132608094e-14,32;0;0;0
15.79999999999996,24.820655511125032,0.7663526362611954,nan,adiabatic_expansion,1195,-3.4861002973229915e-14,32;0;0;0
15.89999999999996,24.82018233444695,0.7370035929781344,nan,adiabatic_expansion,1198,-3.277933480205775e-14,32;0;0;0
15.99999999999996,24.81970951017606,0.7392164224415613,nan,adiabatic_expansion,1207,-3.294586825575152e-14,32;0;0;0
16.09999999999996,24.81923706791011,0.7401466789677813,nan,adiabatic_expansion,1210,-3.289035710452026e-14,32;0;0;0
16.19999999999996,24.818765037189724,0.7642319650199542,nan,adiabatic_expansion,1221,-3.7386760354252146e-14,32;0;0;0
16.29999999999996,24.818294340812717,0.7741981256407772,nan,adiabatic_expansion,1228,-3.7969627442180354e-14,32;0;0;0
16.399999999999963,24.817861388094887,0.7794271620020409,nan,adiabatic_expansion,1234,-4.132805209167145e-14,32;0;0;0
16.499999999999964,24.817428879544078,0.7458688923909924,nan,adiabatic_expansion,1239,-3.5360603334311236e-14,32;0;0;0
16.599999999999966,24.816996831754114,0.7570547203148686,nan,adiabatic_expansion,1247,-3.6137759451548845e-14,32;0;0;0
16.699999999999967,24.816584531392042,0.7941927189381023,nan,adiabatic_expansion,1260,-3.783084956410221e-14,32;0;0;0
16.79999999999997,24.816434528471085,0.7867285044796557,nan,adiabatic_expansion,1267,-3.8191672047105385e-14,32;0;0;0
16.89999999999997,24.816341832498566,0.7891650070345023,nan,adiabatic_expansion,1274,-4.163336342344337e-14,32;0;0;0
16.99999999999997,24.81630283092702,0.7600503500517676,nan,adiabatic_expansion,1279,-3.927413949611491e-14,32;0;0;0
17.099999999999973,24.81626391607852,0.7996339774073519,nan,adiabatic_expansion,1287,-4.030109579389318e-14,32;0;0;0
17.199999999999974,24.81622519670872,0.7952257022437251,nan,adiabatic_expansion,1294,-3.733124920302089e-14,32;0;0;0
17.299999999999976,24.816186672871932,0.7860303648531567,nan,adiabatic_expansion,1299,-4.007905118896815e-14,32;0;0;0
17.399999999999977,24.816074644235968,0.7775858096530242,nan,adiabatic_expansion,1308,-3.788636071533347e-14,32;0;0;0
17.49999999999998,24.815874139601664,0.7846301419672479,nan,adiabatic_expansion,1309,-3.8746783559417963e-14,32;0;0;0
17.59999999999998,24.815673772269072,0.7965664079268648,nan,adiabatic_expansion,1313,-3.888556143749611e-14,32;0;0;0
17.69999999999998,24.815473543714713,0.7971357697889739,nan,adiabatic_expansion,1321,-4.085620730620576e-14,32;0;0;0
17.799999999999983,24.81527345554364,0.7821879240459654,nan,adiabatic_expansion,1328,-3.982925100842749e-14,32;0;0;0
17.899999999999984,24.815027633410992,0.7911434272844269,nan,adiabatic_expansion,1337,-3.3306690738754696e-14,32;0;0;0
17.999999999999986,24.81474064067343,0.7748250924105226,nan,adiabatic_expansion,1340,-3.655409308578328e-14,32;0;0;0
18.099999999999987,24.81441476878644,0.7800681887388982,nan,adiabatic_expansion,1351,-3.6359804056473877e-14,32;0;0;0
18.19999999999999,24.81404623032166,0.7783244746962389,nan,adiabatic_expansion,1355,-3.49442697000768e-14,32;0;0;0
18.29999999999999,24.81367773929539,0.7783244746962388,nan,adiabatic_expansion,1359,-3.524958103184872e-14,32;0;0;0
18.39999999999999,24.813309309586455,0.7647469175232051,nan,adiabatic_expansion,1363,-3.577693696854567e-14,32;0;0;0
18.499999999999993,24.812940955489562,0.7644026497914017,nan,adiabatic_expansion,1372,-3.0558888752807434e-14,32;0;0;0
18.599999999999994,24.812537088504243,0.7615855602562481,nan,adiabatic_expansion,1379,-3.1252778143198157e-14,32;0;0;0
18.699999999999996,24.812071045798014,0.7732043079689609,nan,adiabatic_expansion,1388,-2.6922908347160046e-14,32;0;0;0
18.799999999999997,24.811558303388264,0.7720010034679312,nan,adiabatic_expansion,1395,-3.0031532816110484e-14,32;0;0;0
18.9,24.81104564742247,0.7720684061435564,nan,adiabatic_expansion,1402,-2.525757381022231e-14,32;0;0;0
19.0,24.810478332177308,0.7713356822966849,nan,adiabatic_expansion,1411,-2.4369395390522186e-14,32;0;0;0
19.1,24.80990634297772,0.76538069287653,nan,adiabatic_expansion,1416,-2.3953061756287752e-14,32;0;0;0
19.200000000000003,24.809334516312486,0.7703587500566839,nan,adiabatic_expansion,1421,-2.4619195571062846e-14,32;0;0;0
19.300000000000004,24.808762872098217,0.7671486513537054,nan,adiabatic_expansion,1427,-2.6117996654306808e-14,32;0;0;0
19.400000000000006,24.808190901829608,0.7731245876825495,nan,adiabatic_expansion,1437,-2.5590640717609858e-14,32;0;0;0
19.500000000000007,24.807618349295307,0.7737812128057738,nan,cold,1443,-2.944866572818228e-14,32;0;0;0
19.60000000000001,20.037944646660286,0.616336144161412,nan,cold,1450,-3.1835645231126364e-14,32;0;0;0
19.70000000000001,20.859099116049656,0.6171790834946648,nan,cold,1454,-2.708944180085382e-14,32;0;0;0
19.80000000000001,21.177995589029567,0.6487716568331618,nan,cold,1460,-2.6978419498391304e-14,32;0;0;0
19.900000000000013,17.390652213381163,0.5141432946947473,nan,cold,1468,-3.5360603334311236e-14,32;0;0;0
20.000000000000014,17.164661728479214,0.5089346741028831,nan,cold,1476,-3.175237850427948e-14,32;0;0;0
20.100000000000016,17.164105453742987,0.5089346741028831,nan,cold,1480,-3.0531133177191805e-14,32;0;0;0
20.200000000000017,17.974192375370926,0.5440627663966175,nan,cold,1485,-3.066991105526995e-14,32;0;0;0
20.30000000000002,18.873230182178176,0.5801513561040832,nan,cold,1492,-3.2585045772748344e-14,32;0;0;0
20.40000000000002,20.55058426701004,0.6413270864589875,nan,cold,1508,-3.708144902248023e-14,32;0;0;0
20.50000000000002,24.428452144754516,0.7714203149370009,nan,cold,1516,-4.6629367034256575e-14,32;0;0;0
20.600000000000023,24.707794566581605,0.7561871635648373,nan,cold,1527,-3.888556143749611e-14,32;0;0;0
20.700000000000024,26.44199494263899,0.8318509463243238,nan,cold,1534,-3.683164884193957e-14,32;0;0;0
20.800000000000026,25.60582022721784,0.8068960496756376,nan,cold,1541,-3.710920459809586e-14,32;0;0;0
20.900000000000027,21.288358737032905,0.6715675482856667,nan,cold,1551,-3.519406988061746e-14,32;0;0;0
21.00000000000003,20.422132382357056,0.6436409050722804,nan,cold,1557,-3.175237850427948e-14,32;0;0;0
21.10000000000003,20.272718053494106,0.637129032647969,nan,cold,1561,-3.2279734440976426e-14,32;0;0;0
21.20000000000003,21.682490173772262,0.6842547962546643,nan,cold,1565,-3.008704396734174e-14,32;0;0;0
21.300000000000033,21.365474915735895,0.6718320183877887,nan,cold,1572,-3.1558089474970075e-14,32;0;0;0
21.400000000000034,21.130166688844778,0.6549138144931924,nan,cold,1579,-2.9504176879413535e-14,32;0;0;0
21.500000000000036,22.938316901601194,0.7022381764786074,nan,cold,1584,-3.316791286067655e-14,32;0;0;0
21.600000000000037,23.13432026815791,0.7180401532181623,nan,cold,1588,-3.0031532816110484e-14,32;0;0;0
21.70000000000004,22.432819383987262,0.6937510215177375,nan,cold,1599,-3.624878175401136e-14,32;0;0;0
21.80000000000004,22.65622920796545,0.6988574654695664,nan,cold,1604,-3.9440672949808686e-14,32;0;0;0
21.90000000000004,19.87359624384063,0.6149712296743327,nan,cold,1608,-3.5110803153770576e-14,32;0;0;0
22.000000000000043,20.966294011075423,0.6478901571943112,nan,cold,1614,-3.59989815734707e-14,32;0;0;0
22.100000000000044,21.655039629237244,0.6628705623165817,nan,cold,1623,-3.22519788653608e-14,32;0;0;0
22.200000000000045,25.342500377872515,0.7946130060156177,nan,cold,1629,-3.555489236362064e-14,32;0;0;0
22.300000000000047,25.923664629785613,0.8030926184645379,nan,cold,1633,-3.347322419244847e-14,32;0;0;0
22.40000000000005,26.054972945480607,0.7968556822175014,nan,cold,1641,-3.391731340229853e-14,32;0;0;0
22.50000000000005,25.648898584726798,0.7834737711672902,nan,cold,1645,-3.469446951953614e-14,32;0;0;0
22.60000000000005,23.163560120487492,0.6854849033175108,nan,cold,1653,-3.660960423701454e-14,32;0;0;0
22.700000000000053,24.062790418958766,0.7416621622852217,nan,cold,1661,-3.683164884193957e-14,32;0;0;0
22.800000000000054,24.062333593347628,0.7447895744475879,nan,adiabatic_expansion,1665,-3.8719027983802334e-14,32;0;0;0
22.900000000000055,24.061876967895536,0.7452768135023571,nan,adiabatic_expansion,1671,-3.9718228705964975e-14,32;0;0;0
23.000000000000057,24.061420543763287,0.7385680729903829,nan,adiabatic_expansion,1675,-4.010680676458378e-14,32;0;0;0
23.10000000000006,24.06096432422904,0.723484172531344,nan,adiabatic_expansion,1681,-3.6942671144402084e-14,32;0;0;0
23.20000000000006,24.06050831546754,0.75115505422823,nan,adiabatic_expansion,1687,-3.855249453010856e-14,32;0;0;0
23.30000000000006,24.060061662133794,0.7502002435630033,nan,adiabatic_expansion,1700,-3.838596107641479e-14,32;0;0;0
23.400000000000063,24.05963040149507,0.7460286330149891,nan,adiabatic_expansion,1707,-3.7692071686024065e-14,32;0;0;0
23.500000000000064,24.05920572364959,0.7549887475577554,nan,adiabatic_expansion,1709,-3.502753642692369e-14,32;0;0;0
23.600000000000065,24.05878130328748,0.7569261913026027,nan,adiabatic_expansion,1717,-3.7247982476174e-14,32;0;0;0
23.700000000000067,24.05836893819397,0.7469849336203657,nan,adiabatic_expansion,1723,-3.502753642692369e-14,32;0;0;0
23.800000000000068,24.058005077247312,0.7225873097876132,nan,adiabatic_expansion,1729,-3.472222509515177e-14,32;0;0;0
23.90000000000007,24.057641498018953,0.7643323059269993,nan,adiabatic_expansion,1738,-3.469446951953614e-14,32;0;0;0
24.00000000000007,24.057278213714135,0.7512014244094894,nan,adiabatic_expansion,1742,-2.8310687127941492e-14,32;0;0;0
24.100000000000072,24.05691523771612,0.7310387617417065,nan,adiabatic_expansion,1755,-3.247402347028583e-14,32;0;0;0
24.200000000000074,24.05655258334912,0.6914193953336472,nan,adiabatic_expansion,1758,-3.505529200253932e-14,32;0;0;0
24.300000000000075,24.056190263640328,0.7425932186248522,nan,adiabatic_expansion,1765,-3.749778265671466e-14,32;0;0;0
24.400000000000077,24.055828291094485,0.7564501131653094,nan,adiabatic_expansion,1775,-3.622102617839573e-14,32;0;0;0
24.500000000000078,24.055466677476367,0.7456898932571636,nan,adiabatic_expansion,1782,-3.6110003875933216e-14,32;0;0;0
24.60000000000008,24.055105433609985,0.7092803932490231,nan,adiabatic_expansion,1792,-3.7164715749327115e-14,32;0;0;0
24.70000000000008,24.054744569196274,0.6927922786675809,nan,adiabatic_expansion,1797,-3.630429290524262e-14,32;0;0;0
24.800000000000082,24.054384092650118,0.6588442337035568,nan,adiabatic_expansion,1806,-3.6137759451548845e-14,32;0;0;0
24.900000000000084,24.054024010960923,0.6855893869827057,nan,adiabatic_expansion,1808,-3.708144902248023e-14,32;0;0;0
25.000000000000085,24.053705453613258,0.7328060318822357,nan,adiabatic_expansion,1814,-3.7414515929867775e-14,32;0;0;0
25.100000000000087,24.05355473003115,0.7571997228570478,nan,adiabatic_expansion,1824,-3.722022690055837e-14,32;0;0;0
25.200000000000088,24.05349742377574,0.7238339132745738,nan,adiabatic_expansion,1830,-3.5416114485542494e-14,32;0;0;0
25.30000000000009,24.053313799385112,0.7608428121941375,nan,adiabatic_expansion,1834,-3.4139358007223564e-14,32;0;0;0
25.40000000000009,24.053091160209245,0.7605033217960437,nan,adiabatic_expansion,1839,-3.450018049022674e-14,32;0;0;0
25.500000000000092,24.05278959087753,0.7627241977953624,nan,adiabatic_expansion,1841,-3.302913498259841e-14,32;0;0;0
25.600000000000094,24.05248807928258,0.7510173548682672,nan,adiabatic_expansion,1845,-3.294586825575152e-14,32;0;0;0
25.700000000000095,24.052007040848554,0.745314879668033,nan,adiabatic_expansion,1852,-3.752553823233029e-14,32;0;0;0
25.800000000000097,24.05142026373223,0.7446789473821219,nan,adiabatic_expansion,1859,-3.752553823233029e-14,32;0;0;0
25.900000000000098,24.05083324282526,0.7458059481379159,nan,adiabatic_expansion,1866,-4.116151863797768e-14,32;0;0;0
26.0000000000001,24.0502460287266,0.7418155285858958,nan,adiabatic_expansion,1870,-4.0523140398818214e-14,32;0;0;0
26.1000000000001,24.04965867680343,0.7418155285858958,nan,adiabatic_expansion,1874,-4.723998969780041e-14,32;0;0;0
26.200000000000102,24.048997065960904,0.7242197709408315,nan,adiabatic_expansion,1883,-4.260480856999038e-14,32;0;0;0
26.300000000000104,24.048306257936208,0.7260554974735807,nan,adiabatic_expansion,1888,-4.232725281383409e-14,32;0;0;0
26.400000000000105,24.04761207426789,0.7270202354770541,nan,adiabatic_expansion,1892,-4.6324055702484657e-14,32;0;0;0
26.500000000000107,24.046913796851833,0.7339231747473736,nan,adiabatic_expansion,1899,-4.50195436485501e-14,32;0;0;0
26.600000000000108,24.04621153966907,0.6978518589729119,nan,adiabatic_expansion,1909,-4.596323321948148e-14,32;0;0;0
26.70000000000011,24.045494567079295,0.7148716634436019,nan,adiabatic_expansion,1912,-4.318767565791859e-14,32;0;0;0
26.80000000000011,24.044777784056755,0.7145310598613189,nan,adiabatic_expansion,1917,-4.546363285840016e-14,32;0;0;0
26.900000000000112,24.49954214824969,0.7415834516483467,nan,cold,1923,-5.206945985491984e-14,32;0;0;0
27.000000000000114,23.63350541690651,0.7160435379700448,nan,cold,1930,-4.8877568659122517e-14,32;0;0;0
27.100000000000115,25.765279134300748,0.7883677463935792,nan,cold,1942,-4.959921362512887e-14,32;0;0;0
27.200000000000117,25.493278950368357,0.7808408792751061,nan,cold,1946,-4.851674617611934e-14,32;0;0;0
27.300000000000118,24.88805095819264,0.7532378727535184,nan,cold,1954,-4.5852210917018965e-14,32;0;0;0
27.40000000000012,27.136963289395773,0.8354214341690558,nan,cold,1958,-4.1661118999059e-14,32;0;0;0
27.50000000000012,21.399584237279146,0.6435067262451448,nan,cold,1967,-4.596323321948148e-14,32;0;0;0
27.600000000000122,23.713901942276056,0.7122765428883306,nan,cold,1972,-3.799738301779598e-14,32;0;0;0
27.700000000000124,23.713220243263493,0.7122765428883306,nan,cold,1974,-4.188316360398403e-14,32;0;0;0
27.800000000000125,23.569267396971,0.7262285483693038,nan,cold,1979,-4.554689958524705e-14,32;0;0;0
27.900000000000126,26.333115504153387,0.8357780431285131,nan,cold,1987,-3.910760604242114e-14,32;0;0;0
28.000000000000128,27.90386376428966,0.8859968950378801,nan,cold,1999,-2.7533531010703882e-14,32;0;0;0
28.10000000000013,26.34475329689821,0.8051927799508241,nan,cold,2003,-3.1308289294429414e-14,32;0;0;0
28.20000000000013,26.104146617574504,0.8292857892642226,nan,cold,2007,-3.297362383136715e-14,32;0;0;0
28.300000000000132,26.18956019140509,0.8337226633070765,nan,cold,2012,-3.5638159090467525e-14,32;0;0;0
28.400000000000134,26.18954999472846,0.8337226633070765,nan,cold,2014,-3.108624468950438e-14,32;0;0;0
28.500000000000135,26.387959705713474,0.8507916124944611,nan,cold,2021,-3.372302437298913e-14,32;0;0;0
28.600000000000136,26.027115814104967,0.7954937269367321,nan,cold,2027,-3.064215547965432e-14,32;0;0;0
28.700000000000138,26.182105576392093,0.7723300988518697,nan,cold,2032,-3.191891195797325e-14,32;0;0;0
28.80000000000014,26.719916366862922,0.8245030667351235,nan,cold,2035,-3.1336044870045043e-14,32;0;0;0
28.90000000000014,27.122381383628667,0.8440174785360945,nan,cold,2042,-2.500777362968165e-14,32;0;0;0
29.000000000000142,26.52780792910513,0.8227058977043955,nan,cold,2048,-2.656208586415687e-14,32;0;0;0
29.100000000000144,27.785503154583402,0.8396912244705044,nan,cold,2054,-2.731148640577885e-14,32;0;0;0
29.200000000000145,26.953299247063384,0.8412229847762336,nan,cold,2062,-2.6506574712925612e-14,32;0;0;0
29.300000000000146,25.768926949204626,0.8051099922530931,nan,cold,2075,-1.9984014443252818e-14,32;0;0;0
29.400000000000148,22.810432164071187,0.7161949101533006,nan,cold,2081,-2.300937218535637e-14,32;0;0;0
29.50000000000015,25.126978397736682,0.7798679860674447,nan,cold,2083,-2.6978419498391304e-14,32;0;0;0
29.60000000000015,28.33016683078484,0.8876447142221633,nan,cold,2091,-2.1344037648418634e-14,32;0;0;0
29.700000000000152,28.861159792191522,0.9026238751394634,nan,cold,2099,-1.7069679003611782e-14,32;0;0;0
29.800000000000153,28.85263032955326,0.8919360189181436,nan,cold,2103,-1.7763568394002505e-14,32;0;0;0
29.900000000000155,26.57619306646434,0.7834326475976249,nan,cold,2112,-1.992850329202156e-14,32;0;0;0
30.000000000000156,31.493551293876568,0.8162592262915046,nan,cold,2122,-1.5126788710517758e-14,32;0;0;0
30.100000000000158,32.75240314644974,0.997329101402818,nan,adiabatic_expansion,2132,-1.3822276656583199e-14,32;0;0;0
30.20000000000016,32.75189686602581,1.0211685670064679,nan,adiabatic_expansion,2138,-1.3905543383430086e-14,32;0;0;0
30.30000000000016,32.751391078089746,1.0115480127555296,nan,adiabatic_expansion,2146,-1.27675647831893e-14,32;0;0;0
30.400000000000162,32.7508937339171,1.0189359874252875,nan,adiabatic_expansion,2150,-1.3572476476042539e-14,32;0;0;0
30.500000000000163,32.750396601860125,1.023290127836255,nan,adiabatic_expansion,2161,-1.5709655798445965e-14,32;0;0;0
30.600000000000165,32.749911033791435,1.0300777623219302,nan,adiabatic_expansion,2169,-2.1344037648418634e-14,32;0;0;0
30.700000000000166,32.74942652010346,1.0342341197949956,nan,adiabatic_expansion,2178,-1.587618925213974e-14,32;0;0;0
30.800000000000168,32.74894226540157,1.0277976950232328,nan,adiabatic_expansion,2184,-1.2850831510036187e-14,32;0;0;0
30.90000000000017,32.74846460776733,1.0174405123048047,nan,adiabatic_expansion,2194,-1.2739809207573671e-14,32;0;0;0
31.00000000000017,32.74801109977092,0.9775157391767839,nan,adiabatic_expansion,2200,-1.354472090042691e-14,32;0;0;0
31.100000000000172,32.747591013407316,1.0072933443483814,nan,adiabatic_expansion,2209,-1.426636586643326e-14,32;0;0;0
31.200000000000173,32.74723661726137,0.9904498341542705,nan,adiabatic_expansion,2214,-1.3572476476042539e-14,32;0;0;0
31.300000000000175,32.74688252179139,1.045554937361958,nan,adiabatic_expansion,2225,-1.404432126150823e-14,32;0;0;0
31.400000000000176,32.746528739378824,1.0128693847110073,nan,adiabatic_expansion,2229,-1.0824674490095276e-14,32;0;0;0
31.500000000000178,32.74617528217824,1.0007487514630833,nan,adiabatic_expansion,2232,-1.1601830607332886e-14,32;0;0;0
31.60000000000018,32.74582216191546,1.0335727431496053,nan,adiabatic_expansion,2235,-1.4016565685892601e-14,32;0;0;0
31.70000000000018,32.74550735752539,1.0478464350983967,nan,adiabatic_expansion,2243,-1.4988010832439613e-14,32;0;0;0
31.800000000000182,32.74524854964827,1.044447481500927,nan,adiabatic_expansion,2245,-1.5765166949677223e-14,32;0;0;0
31.900000000000183,32.74499002969239,1.0436663354322822,nan,adiabatic_expansion,2252,-8.465450562766819e-15,32;0;0;0
32.000000000000185,32.74490566805346,1.0495862110423888,nan,adiabatic_expansion,2260,-1.1157741397482823e-14,32;0;0;0
32.100000000000186,32.744848349657865,1.0525034249633862,nan,adiabatic_expansion,2268,-9.159339953157541e-15,32;0;0;0
32.20000000000019,32.74484479935409,1.0495593700412706,nan,adiabatic_expansion,2275,-6.800116025829084e-15,32;0;0;0
32.30000000000019,32.74464711911217,0.9998447168115847,nan,adiabatic_expansion,2281,-1.532107773982716e-14,32;0;0;0
32.40000000000019,32.74427014858567,1.0331347393368988,nan,adiabatic_expansion,2286,-1.1629586182948515e-14,32;0;0;0
32.50000000000019,32.74389319266688,1.034193497352802,nan,adiabatic_expansion,2295,-1.1518563880485999e-14,32;0;0;0
32.60000000000019,32.743516264608886,1.0431151887845023,nan,adiabatic_expansion,2298,-1.6819878823071122e-14,32;0;0;0
32.700000000000195,32.74313937862003,1.0422954252831584,nan,adiabatic_expansion,2303,-1.5626389071599078e-14,32;0;0;0
32.800000000000196,32.7427625496044,1.0419492746821402,nan,adiabatic_expansion,2310,-1.2045919817182948e-14,32;0;0;0
32.9000000000002,32.74235888459489,1.0335055800315862,nan,adiabatic_expansion,2319,-1.2684298056342413e-14,32;0;0;0
33.0000000000002,32.74190014735013,1.035747693983187,nan,adiabatic_expansion,2330,-1.504352198367087e-14,32;0;0;0
33.1000000000002,32.74144147292425,1.0351052899038549,nan,adiabatic_expansion,2341,-1.2573275753879898e-14,32;0;0;0
33.2000000000002,32.74098288764145,1.0292399048514767,nan,adiabatic_expansion,2344,-1.709743457922741e-14,32;0;0;0
33.3000000000002,32.740524416029935,1.0161607353596578,nan,adiabatic_expansion,2350,-1.965094753586527e-14,32;0;0;0
33.400000000000205,32.740061496629174,1.0257144397315372,nan,adiabatic_expansion,2357,-6.63358257213531e-15,32;0;0;0
33.500000000000206,32.73957969660639,1.0150986636930222,nan,adiabatic_expansion,2370,-1.5515366769136563e-14,32;0;0;0
33.60000000000021,32.739073542592564,1.0149097346385803,nan,adiabatic_expansion,2375,-1.2545520178264269e-14,32;0;0;0
33.70000000000021,32.73856597263174,1.026619025473455,nan,adiabatic_expansion,2379,-1.8957058145474548e-14,32;0;0;0
33.80000000000021,32.738042844126355,1.028318287536303,nan,adiabatic_expansion,2389,-1.1074474670635936e-14,32;0;0;0
33.90000000000021,32.73751885198325,1.028318287536303,nan,adiabatic_expansion,2393,-1.5792922525292852e-14,32;0;0;0
34.00000000000021,32.95200351849865,1.0302838618654373,nan,cold,2402,-1.124100812432971e-14,32;0;0;0
34.100000000000215,28.461068233533446,0.8773782841080225,nan,cold,2409,-2.195466031196247e-14,32;0;0;0
34.200000000000216,24.635125676695537,0.7189584826260611,nan,cold,2416,-2.1621593404574924e-14,32;0;0;0
34.30000000000022,24.63460251326344,0.7189584826260612,nan,cold,2418,-2.2121193765656244e-14,32;0;0;0
34.40000000000022,20.317577343182563,0.6228084088527658,nan,cold,2425,-2.1121993043493603e-14,32;0;0;0
34.50000000000022,20.317054756535875,0.6228084088527657,nan,cold,2428,-2.042810365310288e-14,32;0;0;0
34.60000000000022,21.448816983877116,0.6630055762147756,nan,cold,2434,-2.040034807748725e-14,32;0;0;0
34.70000000000022,25.420478564733475,0.7829713911240992,nan,cold,2442,-1.8735013540549517e-14,32;0;0;0
34.800000000000225,26.462583493530296,0.8298702725011001,nan,cold,2449,-1.8762769116165146e-14,32;0;0;0
34.900000000000226,25.926087326423495,0.8129255694139866,nan,cold,2455,-1.8318679906315083e-14,32;0;0;0
35.00000000000023,26.70051701078498,0.8360627506569158,nan,cold,2460,-2.0122792321330962e-14,32;0;0;0
35.10000000000023,26.598113624285222,0.8118345010949034,nan,cold,2470,-1.9817480989559044e-14,32;0;0;0
35.20000000000023,22.828469058726476,0.6859093780326249,nan,cold,2478,-2.1371793224034263e-14,32;0;0;0
35.30000000000023,23.462745850686936,0.7304490236644311,nan,cold,2484,-2.09277040141842e-14,32;0;0;0
35.40000000000023,24.42050377862877,0.7693436711736876,nan,cold,2487,-2.2426505097428162e-14,32;0;0;0
35.500000000000234,24.420177023181655,0.76294956105146,nan,cold,2491,-1.5792922525292852e-14,32;0;0;0
35.600000000000236,24.4053446220666,0.7628535292147582,nan,cold,2495,-2.070565940925917e-14,32;0;0;0
35.70000000000024,21.7544191661148,0.6691417282186097,nan,cold,2498,-1.5737411374061594e-14,32;0;0;0
35.80000000000024,22.17932452607732,0.6781057297737793,nan,cold,2507,-1.4210854715202004e-14,32;0;0;0
35.90000000000024,25.22277395152329,0.7824231184010204,nan,cold,2515,-1.8013368574543165e-14,32;0;0;0
36.00000000000024,27.6924738152224,0.8783070767325483,nan,cold,2523,-1.6764367671839864e-14,32;0;0;0
36.10000000000024,27.794859435859976,0.87576591415185,nan,cold,2528,-1.6153745008296028e-14,32;0;0;0
36.200000000000244,28.108244745703495,0.8909327680383721,nan,cold,2534,-1.7486012637846216e-14,32;0;0;0
36.300000000000246,28.636928814897285,0.9101699688337089,nan,cold,2536,-2.2842838731662596e-14,32;0;0;0
36.40000000000025,25.128549039324373,0.790548944907608,nan,cold,2542,-2.3592239273284576e-14,32;0;0;0
36.50000000000025,24.659230876758098,0.7398679301446695,nan,cold,2548,-2.3148150063434514e-14,32;0;0;0
36.60000000000025,25.087451423591933,0.7378150880392146,nan,adiabatic_expansion,2556,-2.067790383364354e-14,32;0;0;0
36.70000000000025,25.087076793637824,0.7631248741309598,nan,adiabatic_expansion,2559,-1.7069679003611782e-14,32;0;0;0
36.80000000000025,25.086702623643976,0.7077364317269103,nan,adiabatic_expansion,2567,-1.7430501486614958e-14,32;0;0;0
36.900000000000254,25.086328654692622,0.7075933151260293,nan,adiabatic_expansion,2572,-2.3647750424515834e-14,32;0;0;0
37.000000000000256,25.085955584771042,0.7467235476424269,nan,adiabatic_expansion,2577,-2.017830347256222e-14,32;0;0;0
37.10000000000026,25.085586872990092,0.7837107764595161,nan,adiabatic_expansion,2583,-2.0761170560490427e-14,32;0;0;0
37.20000000000026,25.08523345898602,0.7986095153173844,nan,adiabatic_expansion,2590,-1.7208456881689926e-14,32;0;0;0
37.30000000000026,25.084898624479116,0.7571274417909566,nan,adiabatic_expansion,2602,-2.273181642920008e-14,32;0;0;0
37.40000000000026,25.08456696167337,0.7577433371457394,nan,adiabatic_expansion,2611,-2.0761170560490427e-14,32;0;0;0
37.50000000000026,25.084255314632358,0.7557887098749642,nan,adiabatic_expansion,2620,-1.84297022087776e-14,32;0;0;0
37.600000000000264,25.083967919131094,0.796842757944436,nan,adiabatic_expansion,2627,-2.3897550605056495e-14,32;0;0;0
37.700000000000266,25.083725964634734,0.7908307095748001,nan,adiabatic_expansion,2632,-2.5368596112684827e-14,32;0;0;0
37.80000000000027,25.083528733290784,0.7870623921107872,nan,adiabatic_expansion,2635,-2.528532938583794e-14,32;0;0;0
37.90000000000027,25.083343605388052,0.7699771148884497,nan,adiabatic_expansion,2641,-2.7922109069322687e-14,32;0;0;0
38.00000000000027,25.08315869431973,0.7784207816783651,nan,adiabatic_expansion,2648,-2.6201263381153694e-14,32;0;0;0
38.10000000000027,25.082974001670667,0.7713452361572527,nan,adiabatic_expansion,2658,-2.378652830259398e-14,32;0;0;0
38.20000000000027,25.08278952905522,0.7970959129018376,nan,adiabatic_expansion,2662,-2.325917236589703e-14,32;0;0;0
38.300000000000274,25.0826052781092,0.7983037110736345,nan,adiabatic_expansion,2667,-1.9012569296705806e-14,32;0;0;0
38.400000000000276,25.082421250481804,0.7933668505535029,nan,adiabatic_expansion,2673,-2.1621593404574924e-14,32;0;0;0
38.50000000000028,25.082237447827595,0.7935444492416859,nan,adiabatic_expansion,2681,-2.098321516541546e-14,32;0;0;0
38.60000000000028,25.08205387179839,0.8044665371061116,nan,adiabatic_expansion,2687,-1.7957857423311907e-14,32;0;0;0
38.70000000000028,25.08195638018549,0.7752654903061419,nan,adiabatic_expansion,2701,-1.7180701306074297e-14,32;0;0;0
38.80000000000028,25.081954936007012,0.781416551706625,nan,adiabatic_expansion,2706,-1.432187701766452e-14,32;0;0;0
38.90000000000028,25.08195369120209,0.793568884888004,nan,adiabatic_expansion,2715,-1.7486012637846216e-14,32;0;0;0
39.000000000000284,25.081908444608835,0.797604853760211,nan,adiabatic_expansion,2720,-1.8735013540549517e-14,32;0;0;0
39.100000000000286,25.081841028356,0.795083896536154,nan,adiabatic_expansion,2726,-1.6903145549918008e-14,32;0;0;0
39.20000000000029,25.081684219414058,0.7932214676202157,nan,adiabatic_expansion,2739,-1.4960255256823984e-14,32;0;0;0
39.30000000000029,25.081475746523726,0.7993133039826299,nan,adiabatic_expansion,2741,-1.7541523789077473e-14,32;0;0;0
39.40000000000029,25.081267440603842,0.7977651377482097,nan,adiabatic_expansion,2744,-1.4960255256823984e-14,32;0;0;0
39.50000000000029,25.08105930432536,0.7826538383274374,nan,adiabatic_expansion,2749,-1.5737411374061594e-14,32;0;0;0
39.60000000000029,25.08085134030957,0.8016306329985151,nan,adiabatic_expansion,2756,-1.6764367671839864e-14,32;0;0;0
39.700000000000294,25.080643551114157,0.7995052227075163,nan,adiabatic_expansion,2767,-2.1899149160731213e-14,32;0;0;0
39.800000000000296,25.080435939219853,0.8047699892363399,nan,adiabatic_expansion,2774,-1.6514567491299204e-14,32;0;0;0
39.9000000000003,25.080228507017583,0.8022738122899639,nan,adiabatic_expansion,2783,-1.8263168755083825e-14,32;0;0;0
40.0000000000003,25.079973982339407,0.8028360976797614,nan,adiabatic_expansion,2791,-1.5903944827755367e-14,32;0;0;0
40.1000000000003,25.079710279199432,0.80092723580869,nan,adiabatic_expansion,2795,-1.532107773982716e-14,32;0;0;0
40.2000000000003,25.07944675532569,0.8032685279378691,nan,adiabatic_expansion,2799,-1.5903944827755367e-14,32;0;0;0
40.3000000000003,25.07917004167571,0.7910399720437883,nan,adiabatic_expansion,2807,-2.017830347256222e-14,32;0;0;0
40.400000000000304,25.078856369171923,0.789395493821119,nan,adiabatic_expansion,2811,-1.8790524691780774e-14,32;0;0;0
40.500000000000306,25.078540121419515,0.8001879270446232,nan,adiabatic_expansion,2815,-1.5709655798445965e-14,32;0;0;0
40.60000000000031,25.07822406360727,0.7994487652834087,nan,adiabatic_expansion,2819,-1.6237011735142914e-14,32;0;0;0
40.70000000000031,25.077908199180143,0.7933212372199615,nan,adiabatic_expansion,2829,-2.0733414984874798e-14,32;0;0;0
40.80000000000031,25.077592530771003,0.7916930975051996,nan,adiabatic_expansion,2830,-2.1066481892262345e-14,32;0;0;0
40.90000000000031,25.077277060251326,0.7693840188821908,nan,adiabatic_expansion,2836,-1.9872992140790302e-14,32;0;0;0
41.00000000000031,25.076961788815233,0.7394474021328928,nan,adiabatic_expansion,2841,-2.1010970741031088e-14,32;0;0;0
41.100000000000314,25.07664671709945,0.7897224218334662,nan,adiabatic_expansion,2848,-2.0844437287337314e-14,32;0;0;0
41.200000000000315,25.076331845771417,0.7892539015420571,nan,cold,2859,-1.9845236565174673e-14,32;0;0;0
41.30000000000032,25.70135147719461,0.7981756077690572,nan,cold,2864,-2.1510571102112408e-14,32;0;0;0
41.40000000000032,19.57790661939995,0.597326869935233,nan,cold,2872,-2.0844437287337314e-14,32;0;0;0
41.50000000000032,19.039261585866836,0.5814555367310495,nan,cold,2878,-2.7977620220553945e-14,32;0;0;0
41.60000000000032,18.77998264454199,0.582627706540353,nan,cold,2881,-2.5451862839531714e-14,32;0;0;0
41.70000000000032,18.311534179321644,0.5492396313927241,nan,cold,2885,-2.1344037648418634e-14,32;0;0;0
41.800000000000324,18.541579035412326,0.569855692058485,nan,cold,2891,-2.5479618415147343e-14,32;0;0;0
41.900000000000325,18.7028582118378,0.5760775802883542,nan,cold,2894,-2.858824288409778e-14,32;0;0;0
42.00000000000033,18.70258779398903,0.5960126910178862,nan,cold,2898,-2.8949065367100957e-14,32;0;0;0
42.10000000000033,23.454676777718586,0.7332299510611952,nan,cold,2904,-2.67841304690819e-14,32;0;0;0
42.20000000000033,20.978158952912832,0.6425681721624382,nan,cold,2914,-3.222422328974517e-14,32;0;0;0
42.30000000000033,21.3202351677949,0.6478988755278351,nan,cold,2920,-2.9282132274488504e-14,32;0;0;0
42.40000000000033,21.209963898298035,0.6481358464948939,nan,cold,2923,-3.3861802251067274e-14,32;0;0;0
42.500000000000334,21.468390697515737,0.6690736923226087,nan,cold,2927,-2.78388423424758e-14,32;0;0;0
42.600000000000335,20.863422670708196,0.6504625402665197,nan,cold,2932,-3.216871213851391e-14,32;0;0;0
42.70000000000034,19.964853064006384,0.6425497491164242,nan,cold,2938,-3.469446951953614e-14,32;0;0;0
42.80000000000034,17.90262893066952,0.5730276882782498,nan,cold,2941,-2.5701663020072374e-14,32;0;0;0
42.90000000000034,18.39396211172056,0.5904424573386192,nan,cold,2945,-3.072542220650121e-14,32;0;0;0
43.00000000000034,18.39393541786598,0.5904424573386192,nan,cold,2947,-2.7727820040013285e-14,32;0;0;0
43.10000000000034,18.20272001632802,0.5801997012184222,nan,cold,2953,-2.919886554764162e-14,32;0;0;0
43.200000000000344,18.202633009377973,0.5801997012184223,nan,cold,2955,-3.4333647036532966e-14,32;0;0;0
43.300000000000345,18.34883998211588,0.5840087499184985,nan,cold,2961,-3.161360062620133e-14,32;0;0;0
43.40000000000035,17.186139983966896,0.5483049149281775,nan,cold,2970,-3.577693696854567e-14,32;0;0;0
43.50000000000035,19.65399310035347,0.6122460781354407,nan,cold,2974,-3.11972669919669e-14,32;0;0;0
43.60000000000035,17.233555943128103,0.5363004981821231,nan,cold,2980,-3.24462678946702e-14,32;0;0;0
43.70000000000035,16.678958489816313,0.5186014857063924,nan,cold,2984,-3.347322419244847e-14,32;0;0;0
43.80000000000035,16.95283304925795,0.525483664969511,nan,cold,2986,-2.7033930649622562e-14,32;0;0;0
43.900000000000354,19.400792605834525,0.6031282371702454,nan,cold,2991,-3.275157922644212e-14,32;0;0;0
44.000000000000355,19.624430726621643,0.6212899701858914,nan,cold,2999,-3.5110803153770576e-14,32;0;0;0
44.10000000000036,17.80721201608992,0.558843867730413,nan,cold,3008,-3.3334446314370325e-14,32;0;0;0
44.20000000000036,17.369508910753083,0.5443599811393367,nan,cold,3011,-3.325117958752344e-14,32;0;0;0
44.30000000000036,16.816277387001495,0.5251646471277626,nan,cold,3015,-3.0253577421035516e-14,32;0;0;0
44.40000000000036,23.15680486361049,0.729728969066749,nan,cold,3017,-2.939315457695102e-14,32;0;0;0
44.50000000000036,23.62691441020877,0.7549862355123824,nan,cold,3027,-3.422262473407045e-14,32;0;0;0
44.600000000000364,24.292532970218353,0.7783536238468206,nan,cold,3031,-3.1807889655510735e-14,32;0;0;0
44.700000000000365,19.71985352877654,0.6285001060144741,nan,cold,3037,-2.7922109069322687e-14,32;0;0;0
44.80000000000037,20.649346474139755,0.6599742132909368,nan,cold,3041,-2.7672308888782027e-14,32;0;0;0
44.90000000000037,20.434568879786212,0.6506899663250582,nan,adiabatic_expansion,3046,-2.7394753132625738e-14,32;0;0;0
45.00000000000037,20.434319222816985,0.6537088249667575,nan,adiabatic_expansion,3053,-2.6451063561694355e-14,32;0;0;0
45.10000000000037,20.43407020003691,0.6461906617551914,nan,adiabatic_expansion,3059,-2.1926904736346842e-14,32;0;0;0
45.20000000000037,20.433823357424934,0.6380860110644754,nan,adiabatic_expansion,3064,-2.5229818234606682e-14,32;0;0;0
45.300000000000374,20.433578040326655,0.6384362772797882,nan,adiabatic_expansion,3070,-2.853273173286652e-14,32;0;0;0
45.400000000000375,20.433334501036697,0.6391863051036267,nan,adiabatic_expansion,3073,-2.5618396293225487e-14,32;0;0;0
45.50000000000038,20.433097679272493,0.6222336644066366,nan,adiabatic_expansion,3079,-1.965094753586527e-14,32;0;0;0
45.60000000000038,20.43286726408149,0.6258629740490481,nan,adiabatic_expansion,3086,-2.1260770921571748e-14,32;0;0;0
45.70000000000038,20.432639347646976,0.6008646368031901,nan,adiabatic_expansion,3090,-2.0816681711721685e-14,32;0;0;0
45.80000000000038,20.432411636055985,0.5879299681071304,nan,adiabatic_expansion,3098,-2.3869795029440866e-14,32;0;0;0
45.90000000000038,20.43218413078051,0.6096621695596324,nan,adiabatic_expansion,3103,-2.3897550605056495e-14,32;0;0;0
46.000000000000384,20.43197724962286,0.6107437457761689,nan,adiabatic_expansion,3107,-2.2898349882893854e-14,32;0;0;0
46.100000000000385,20.431775661149388,0.6427351425537904,nan,adiabatic_expansion,3114,-2.2037927038809357e-14,32;0;0;0
46.20000000000039,20.43157428173418,0.6420363254608004,nan,adiabatic_expansion,3124,-2.400857290751901e-14,32;0;0;0
46.30000000000039,20.431373112916756,0.6286930811791707,nan,adiabatic_expansion,3131,-2.3203661214665772e-14,32;0;0;0
46.40000000000039,20.431172156341248,0.6309996206887198,nan,adiabatic_expansion,3138,-2.3203661214665772e-14,32;0;0;0
46.50000000000039,20.43097141374782,0.6340724895340426,nan,adiabatic_expansion,3142,-1.8984813721090177e-14,32;0;0;0
46.60000000000039,20.430782091264955,0.6407159827645328,nan,adiabatic_expansion,3149,-2.3370194668359545e-14,32;0;0;0
46.700000000000394,20.430612535772255,0.652155366839352,nan,adiabatic_expansion,3152,-2.1649348980190553e-14,32;0;0;0
46.800000000000395,20.430443194004216,0.6395807175477897,nan,adiabatic_expansion,3156,-2.2648549702353193e-14,32;0;0;0
46.9000000000004,20.430274067157583,0.638272121227463,nan,adiabatic_expansion,3162,-2.503552920529728e-14,32;0;0;0
47.0000000000004,20.430105156450107,0.638272121227463,nan,adiabatic_expansion,3165,-2.123301534595612e-14,32;0;0;0
47.1000000000004,20.4299671058468,0.6435026066723574,nan,adiabatic_expansion,3179,-1.7985612998927536e-14,32;0;0;0
47.2000000000004,20.42990233282073,0.6517754690830131,nan,adiabatic_expansion,3182,-1.787459069646502e-14,32;0;0;0
47.3000000000004,20.42983776223081,0.6550398165706127,nan,adiabatic_expansion,3184,-1.759703494030873e-14,32;0;0;0
47.400000000000404,20.42977339411713,0.6586455118699467,nan,adiabatic_expansion,3189,-1.7930101847696278e-14,32;0;0;0
47.500000000000405,20.429709228518554,0.6483467547096448,nan,adiabatic_expansion,3194,-1.8984813721090177e-14,32;0;0;0
47.600000000000406,20.429645265472676,0.6521021775348447,nan,adiabatic_expansion,3207,-1.4155343563970746e-14,32;0;0;0
47.70000000000041,20.429581505015772,0.6551516999407818,nan,adiabatic_expansion,3209,-1.5515366769136563e-14,32;0;0;0
47.80000000000041,20.42951794718279,0.6520343517307065,nan,adiabatic_expansion,3213,-1.812439087700568e-14,32;0;0;0
47.90000000000041,20.429454592007318,0.6424951417910739,nan,adiabatic_expansion,3219,-1.504352198367087e-14,32;0;0;0
48.00000000000041,20.429391439521513,0.6127009463558789,nan,adiabatic_expansion,3225,-1.7819079545233762e-14,32;0;0;0
48.10000000000041,20.42932848975614,0.6107677753754428,nan,adiabatic_expansion,3230,-1.4238610290817633e-14,32;0;0;0
48.200000000000415,20.429265742740487,0.597589740329158,nan,adiabatic_expansion,3242,-1.4654943925052066e-14,32;0;0;0
48.300000000000416,20.429210998782548,0.6085493885966601,nan,adiabatic_expansion,3243,-1.9567680809018384e-14,32;0;0;0
48.40000000000042,20.429178971178576,0.6524919473522282,nan,adiabatic_expansion,3247,-1.6986412276764895e-14,32;0;0;0
48.50000000000042,20.429147142097833,0.6471201180425132,nan,adiabatic_expansion,3252,-1.557087792036782e-14,32;0;0;0
48.60000000000042,20.429109278562635,0.6474761534685575,nan,adiabatic_expansion,3262,-1.1962653090336062e-14,32;0;0;0
48.70000000000042,20.429068799926085,0.6394793383999207,nan,adiabatic_expansion,3267,-1.3683498778505054e-14,32;0;0;0
48.80000000000042,20.42899296215425,0.6411614052625366,nan,adiabatic_expansion,3275,-1.1574075031717257e-14,32;0;0;0
48.900000000000425,20.428891244526195,0.634327223998573,nan,adiabatic_expansion,3283,-9.686695889854491e-15,32;0;0;0
49.000000000000426,20.42877051544266,0.6421987181640343,nan,adiabatic_expansion,3287,-1.7041923427996153e-14,32;0;0;0
49.10000000000043,20.428649975053546,0.6096466953962046,nan,adiabatic_expansion,3294,-1.7569279364693102e-14,32;0;0;0
49.20000000000043,20.428462780765834,0.6314566870462149,nan,adiabatic_expansion,3298,-1.1629586182948515e-14,32;0;0;0
49.30000000000043,20.428270807775675,0.626743667820962,nan,adiabatic_expansion,3303,-1.2934098236883074e-14,32;0;0;0
49.40000000000043,20.428079012184117,0.6314985923355286,nan,adiabatic_expansion,3310,-1.2073675392798577e-14,32;0;0;0
49.50000000000043,20.427811273590162,0.647592607897796,nan,adiabatic_expansion,3313,-1.429412144204889e-14,32;0;0;0
49.600000000000435,20.42752806646752,0.6203329768874492,nan,adiabatic_expansion,3321,-2.0122792321330962e-14,32;0;0;0
49.700000000000436,20.427245026141243,0.6154270293009207,nan,adiabatic_expansion,3326,-1.529332216421153e-14,32;0;0;0
49.80000000000044,20.426962158008,0.629319675298089,nan,adiabatic_expansion,3330,-1.5154544286133387e-14,32;0;0;0
49.90000000000044,20.426679467045403,0.6475409696559616,nan,adiabatic_expansion,3338,-1.479372180313021e-14,32;0;0;0
50.00000000000044,20.42639695777048,0.6475409696559616,nan,adiabatic_expansion,3342,-1.2628786905111156e-14,32;0;0;0
50.10000000000044,20.426114634206076,0.6474095242845002,nan,adiabatic_expansion,3346,-1.0380585280245214e-14,32;0;0;0
50.20000000000044,20.425825991004444,0.6502344455327979,nan,adiabatic_expansion,3350,-1.0685896612017132e-14,32;0;0;0
50.300000000000445,20.425516524666502,0.6440161262463342,nan,adiabatic_expansion,3353,-1.0408340855860843e-14,32;0;0;0
50.400000000000446,20.425205265922244,0.6491775168591304,nan,adiabatic_expansion,3356,-1.2434497875801753e-14,32;0;0;0
50.50000000000045,20.42488933721944,0.6454914146265482,nan,adiabatic_expansion,3364,-1.1851630787873546e-14,32;0;0;0
50.60000000000045,20.42457073937315,0.6461190160995975,nan,adiabatic_expansion,3369,-1.1435297153639112e-14,32;0;0;0
50.70000000000045,20.424250341585726,0.6432217987863679,nan,adiabatic_expansion,3371,-1.1685097334179773e-14,32;0;0;0
50.80000000000045,20.42393014353868,0.6460427927335286,nan,adiabatic_expansion,3376,-1.2378986724570495e-14,32;0;0;0
50.90000000000045,20.423610145458284,0.6500067130146112,nan,cold,3383,-1.1407541578023483e-14,32;0;0;0
51.000000000000455,18.724672460278892,0.5894548354837953,nan,cold,3389,-1.0241807402167069e-14,32;0;0;0
51.100000000000456,18.716558632569054,0.5749667185109566,nan,cold,3400,-1.2129186544029835e-14,32;0;0;0
51.20000000000046,20.497615156158936,0.6458143558708624,nan,cold,3402,-1.0935696792557792e-14,32;0;0;0
51.30000000000046,22.0660456963147,0.689366072516939,nan,cold,3411,-1.0130785099704553e-14,32;0;0;0
51.40000000000046,22.065726717517602,0.689366072516939,nan,cold,3412,-1.5987211554602254e-14,32;0;0;0
51.50000000000046,23.17944500156914,0.7097617637411053,nan,cold,3418,-1.074140776324839e-14,32;0;0;0
51.60000000000046,22.44787904265149,0.6642800492641918,nan,cold,3422,-1.2462253451417382e-14,32;0;0;0
51.700000000000465,22.21028965628679,0.7083401519299211,nan,cold,3426,-1.6819878823071122e-14,32;0;0;0
51.800000000000466,24.273535820819532,0.7709632493232158,nan,cold,3431,-1.8263168755083825e-14,32;0;0;0
51.90000000000047,28.354623785303016,0.8952861085931514,nan,cold,3441,-8.43769498715119e-15,32;0;0;0
52.00000000000047,27.60062516100819,0.8565145562077945,nan,cold,3445,-6.494804694057166e-15,32;0;0;0
52.10000000000047,25.62819480113883,0.81832497183912,nan,cold,3451,-1.6930901125533637e-15,32;0;0;0
52.20000000000047,24.363055813945664,0.7826591680553532,nan,cold,3456,-3.802513859341161e-15,32;0;0;0
52.30000000000047,23.336644612140432,0.7336673897604422,nan,cold,3464,-5.9119376061289586e-15,32;0;0;0
52.400000000000475,22.211839315142914,0.6906007215889604,nan,cold,3469,9.159339953157541e-16,32;0;0;0
52.500000000000476,22.44964304270496,0.6987337061079528,nan,cold,3473,1.3877787807814457e-15,32;0;0;0
52.60000000000048,22.2040110622873,0.7101096756093052,nan,cold,3478,-2.1094237467877974e-15,32;0;0;0
52.70000000000048,24.04408711895533,0.7520566977161646,nan,cold,3482,-9.159339953157541e-15,32;0;0;0
52.80000000000048,26.250197221733213,0.8404709313175123,nan,cold,3488,-8.326672684688674e-15,32;0;0;0
52.90000000000048,26.908099100143453,0.8642572941245389,nan,cold,3493,-7.993605777301127e-15,32;0;0;0
53.00000000000048,27.268362229996992,0.87826775868944,nan,cold,3495,-7.077671781985373e-15,32;0;0;0
53.100000000000485,26.773694276970584,0.8430387760032304,nan,cold,3506,-8.326672684688674e-16,32;0;0;0
53.200000000000486,26.773462195810737,0.8430387760032304,nan,cold,3506,-2.4702462297909733e-15,32;0;0;0
53.30000000000049,22.707732225390966,0.6856423760470713,nan,cold,3514,2.0539125955565396e-15,32;0;0;0
53.40000000000049,21.953322817970328,0.687847581266693,nan,cold,3524,1.9984014443252818e-15,32;0;0;0
53.50000000000049,21.263210772002708,0.6465795566089958,nan,cold,3530,1.1934897514720433e-15,32;0;0;0
53.60000000000049,23.207949417702075,0.7341693928089411,nan,cold,3534,2.7755575615628914e-16,32;0;0;0
53.70000000000049,21.720098421975305,0.6921868043758339,nan,cold,3540,-4.690692279041286e-15,32;0;0;0
53.800000000000495,22.3342093819705,0.7068677838156846,nan,cold,3543,-3.0253577421035516e-15,32;0;0;0
53.900000000000496,21.85265279254665,0.6837910125824245,nan,cold,3546,-8.382183835919932e-15,32;0;0;0
54.0000000000005,23.030548859912784,0.7311445776467971,nan,cold,3547,-1.8041124150158794e-15,32;0;0;0
54.1000000000005,23.030315055241363,0.7345497511771704,nan,cold,3552,-7.577272143066693e-15,32;0;0;0
54.2000000000005,20.74887647714601,0.6592062883328526,nan,cold,3557,-8.68749516769185e-15,32;0;0;0
54.3000000000005,23.719839046113467,0.7566989148975678,nan,cold,3563,-9.631184738623233e-15,32;0;0;0
54.4000000000005,22.91422186098833,0.7313311992435287,nan,cold,3567,-7.188694084447889e-15,32;0;0;0
54.500000000000504,24.020467827776166,0.7562380992899264,nan,cold,3578,-8.576472865229334e-15,32;0;0;0
54.600000000000506,22.78117447883168,0.696503313048576,nan,adiabatic_expansion,3585,-3.524958103184872e-15,32;0;0;0
54.70000000000051,22.780930934621978,0.6970386690124428,nan,adiabatic_expansion,3594,-1.2212453270876722e-15,32;0;0;0
54.80000000000051,22.78068792315446,0.7232377699771257,nan,adiabatic_expansion,3599,-2.525757381022231e-15,32;0;0;0
54.90000000000051,22.780446179671813,0.7041228841226037,nan,adiabatic_expansion,3604,-1.3600232051658168e-15,32;0;0;0
55.00000000000051,22.780206277120158,0.726048327369513,nan,adiabatic_expansion,3607,1.7208456881689926e-15,32;0;0;0
55.10000000000051,22.779972108422868,0.727005702579792,nan,adiabatic_expansion,3612,6.38378239159465e-16,32;0;0;0
55.200000000000514,22.779739146338695,0.7009253078257826,nan,adiabatic_expansion,3617,1.609823385706477e-15,32;0;0;0
55.300000000000516,22.779507797573352,0.7009253078257823,nan,adiabatic_expansion,3618,-1.7486012637846216e-15,32;0;0;0
55.40000000000052,22.7792766515615,0.7059596755742525,nan,adiabatic_expansion,3621,-1.4710455076283324e-15,32;0;0;0
55.50000000000052,22.779045709429674,0.7217039587487403,nan,adiabatic_expansion,3630,-4.468647674116255e-15,32;0;0;0
55.60000000000052,22.778823494319496,0.6852111001855825,nan,adiabatic_expansion,3636,-6.300515664747763e-15,32;0;0;0
55.70000000000052,22.77863457600572,0.7144772109614037,nan,adiabatic_expansion,3640,-7.382983113757291e-15,32;0;0;0
55.80000000000052,22.77844882433121,0.71608835846553,nan,adiabatic_expansion,3646,-8.854028621385623e-15,32;0;0;0
55.900000000000524,22.778272330430145,0.7160883584655299,nan,adiabatic_expansion,3648,-7.41073868937292e-15,32;0;0;0
56.000000000000526,22.778096043172372,0.7145929693421046,nan,adiabatic_expansion,3654,-6.744604874597826e-15,32;0;0;0
56.10000000000053,22.777919963559377,0.7048593032196768,nan,adiabatic_expansion,3662,-4.801714581503802e-15,32;0;0;0
56.20000000000053,22.7777440926538,0.6845238905517932,nan,adiabatic_expansion,3669,-7.743805596760467e-15,32;0;0;0
56.30000000000053,22.777568431575034,0.7000971967010216,nan,adiabatic_expansion,3673,-1.1823875212257917e-14,32;0;0;0
56.40000000000053,22.777392981494348,0.6971191071597765,nan,adiabatic_expansion,3676,-9.658940314238862e-15,32;0;0;0
56.50000000000053,22.77724439600277,0.717587697393899,nan,adiabatic_expansion,3683,-6.661338147750939e-15,32;0;0;0
56.600000000000534,22.7771300823539,0.7327732958183182,nan,adiabatic_expansion,3690,-6.772360450213455e-15,32;0;0;0
56.700000000000536,22.777015974588444,0.7061791267996329,nan,adiabatic_expansion,3696,-8.1601392309949e-15,32;0;0;0
56.80000000000054,22.776902073043374,0.7194197701740165,nan,adiabatic_expansion,3701,-6.411537967210279e-15,32;0;0;0
56.90000000000054,22.776788378058217,0.7258142838358179,nan,adiabatic_expansion,3707,-6.2727600891321345e-15,32;0;0;0
57.00000000000054,22.77667488997433,0.7276731590008271,nan,adiabatic_expansion,3711,-8.271161533457416e-15,32;0;0;0
57.10000000000054,22.77656160913413,0.7178862427006899,nan,adiabatic_expansion,3715,-6.827871601444713e-15,32;0;0;0
57.20000000000054,22.776448535880345,0.7221698373807429,nan,adiabatic_expansion,3726,-2.6645352591003757e-15,32;0;0;0
57.300000000000544,22.776335670555273,0.710595957751783,nan,adiabatic_expansion,3729,-6.716849298982197e-15,32;0;0;0
57.400000000000546,22.77622301350006,0.7073381833590131,nan,adiabatic_expansion,3735,-2.886579864025407e-15,32;0;0;0
57.50000000000055,22.77615936174768,0.7021853386357293,nan,adiabatic_expansion,3744,-3.7192471324942744e-15,32;0;0;0
57.60000000000055,22.776132112097482,0.7283577521137823,nan,adiabatic_expansion,3748,-1.6930901125533637e-15,32;0;0;0
57.70000000000055,22.776105062530018,0.7155757671815072,nan,adiabatic_expansion,3754,-1.8041124150158794e-15,32;0;0;0
57.80000000000055,22.77607821303485,0.7033983293935092,nan,adiabatic_expansion,3760,2.4147350785597155e-15,32;0;0;0
57.90000000000055,22.776052228006744,0.7118681188323843,nan,adiabatic_expansion,3766,8.604228440844963e-16,32;0;0;0
58.000000000000554,22.776030640483434,0.721743246457775,nan,adiabatic_expansion,3776,-1.1934897514720433e-15,32;0;0;0
58.100000000000556,22.775989918490023,0.7276897300801302,nan,adiabatic_expansion,3780,1.5265566588595902e-15,32;0;0;0
58.20000000000056,22.775949306549396,0.7212899659990001,nan,adiabatic_expansion,3791,1.0269562977782698e-15,32;0;0;0
58.30000000000056,22.775886836791464,0.7242589100935121,nan,adiabatic_expansion,3793,1.5543122344752192e-15,32;0;0;0
58.40000000000056,22.77574202840318,0.7233275429605865,nan,adiabatic_expansion,3797,2.7755575615628914e-16,32;0;0;0
58.50000000000056,22.775595567577025,0.7308560190265506,nan,adiabatic_expansion,3807,-2.220446049250313e-16,32;0;0;0
58.60000000000056,22.775449292846808,0.7127843372236586,nan,adiabatic_expansion,3821,-1.5265566588595902e-15,32;0;0;0
58.700000000000564,22.775303205142173,0.7188981098554065,nan,adiabatic_expansion,3830,-8.604228440844963e-16,32;0;0;0
58.800000000000566,22.775098927611772,0.7116043016307425,nan,adiabatic_expansion,3834,-3.774758283725532e-15,32;0;0;0
58.90000000000057,22.77485632757934,0.7238167198022001,nan,adiabatic_expansion,3840,-4.440892098500626e-16,32;0;0;0
59.00000000000057,22.77460126748017,0.7081160751859259,nan,adiabatic_expansion,3844,-1.7486012637846216e-15,32;0;0;0
59.10000000000057,22.774329476595256,0.6995353578182338,nan,adiabatic_expansion,3851,-8.881784197001252e-16,32;0;0;0
59.20000000000057,22.774002981788794,0.705117670969989,nan,adiabatic_expansion,3859,5.551115123125783e-17,32;0;0;0
59.30000000000057,22.77367025460877,0.7185124055552833,nan,adiabatic_expansion,3866,-3.3306690738754696e-16,32;0;0;0
59.400000000000574,22.7733377067016,0.7007072463843267,nan,adiabatic_expansion,3871,3.4416913763379853e-15,32;0;0;0
59.500000000000576,22.772985384291204,0.6923237505695828,nan,adiabatic_expansion,3876,-1.6653345369377348e-16,32;0;0;0
59.60000000000058,22.772626935884656,0.6405974527951357,nan,adiabatic_expansion,3885,2.3314683517128287e-15,32;0;0;0
59.70000000000058,22.772268680506006,0.6628772401779017,nan,adiabatic_expansion,3886,7.771561172376096e-16,32;0;0;0
59.80000000000058,22.771910621441382,0.6810558660056097,nan,adiabatic_expansion,3892,1.1102230246251565e-16,32;0;0;0
59.90000000000058,22.771551802309045,0.6787575844935757,nan,adiabatic_expansion,3898,-1.6653345369377348e-15,32;0;0;0
60.00000000000058,22.77119195734859,0.7004556733410229,nan,adiabatic_expansion,3906,1.1657341758564144e-15,32;0;0;0
60.100000000000584,22.770832145626933,0.6985006791925151,nan,cold,3915,2.220446049250313e-16,32;0;0;0
60.200000000000585,20.590233554497527,0.5837578703157209,nan,cold,3921,-1.6653345369377348e-16,32;0;0;0
60.30000000000059,20.640308545626596,0.5942032026249205,nan,cold,3925,1.7208456881689926e-15,32;0;0;0
60.40000000000059,22.94636958597378,0.705819645426407,nan,cold,3932,-3.941291737419306e-15,32;0;0;0
60.50000000000059,21.818381665225047,0.6701162562734414,nan,cold,3938,-3.3306690738754696e-15,32;0;0;0
60.60000000000059,21.673700830151752,0.6689291050728532,nan,cold,3942,-1.7763568394002505e-15,32;0;0;0
60.70000000000059,21.459202252602193,0.6615835187651375,nan,cold,3949,-2.7200464103316335e-15,32;0;0;0
60.800000000000594,27.860490778549973,0.8242326793259158,nan,cold,3961,1.7208456881689926e-15,32;0;0;0
60.900000000000595,26.0542458863018,0.7642226245285735,nan,cold,3968,-2.0539125955565396e-15,32;0;0;0
61.0000000000006,24.60476903882707,0.7231373403222464,nan,cold,3971,-1.2212453270876722e-15,32;0;0;0
61.1000000000006,24.74317594147941,0.7561658488241221,nan,cold,3980,-3.2751579226442118e-15,32;0;0;0
61.2000000000006,25.64243831346024,0.7945216663481787,nan,cold,3986,-9.992007221626409e-16,32;0;0;0
61.3000000000006,24.724019496802338,0.7853465637457895,nan,cold,3997,-2.831068712794149e-15,32;0;0;0
61.4000000000006,24.411923982074548,0.772357368389282,nan,cold,4002,9.992007221626409e-16,32;0;0;0
61.500000000000604,25.398953626041052,0.8128580615733835,nan,cold,4008,-2.1094237467877974e-15,32;0;0;0
61.600000000000605,24.514055845027187,0.7756172475358701,nan,cold,4013,3.219646771412954e-15,32;0;0;0
61.70000000000061,23.36323999280799,0.7487834974595922,nan,cold,4019,4.218847493575595e-15,32;0;0;0
61.80000000000061,22.24084155394146,0.7098244650566031,nan,cold,4023,5.9396931817445875e-15,32;0;0;0
61.90000000000061,21.748447590903986,0.6996379410214577,nan,cold,4026,6.217248937900877e-15,32;0;0;0
62.00000000000061,22.66403117143148,0.7287804224285209,nan,cold,4031,6.106226635438361e-15,32;0;0;0
62.10000000000061,25.11826312255369,0.8010667708270044,nan,cold,4040,3.941291737419306e-15,32;0;0;0
62.200000000000614,25.117986901947983,0.8010667708270044,nan,cold,4041,7.716050021144838e-15,32;0;0;0
62.300000000000615,26.19610666275561,0.8324169548871666,nan,cold,4046,8.271161533457416e-15,32;0;0;0
62.40000000000062,26.06659314592754,0.8160489181236862,nan,cold,4055,2.609024107869118e-15,32;0;0;0
62.50000000000062,26.06630298042539,0.8160489181236862,nan,cold,4057,2.6645352591003757e-15,32;0;0;0
62.60000000000062,26.173713775557907,0.8080400799869359,nan,cold,4061,8.604228440844963e-15,32;0;0;0
62.70000000000062,30.499246272658723,0.9682289535346172,nan,cold,4068,9.71445146547012e-15,32;0;0;0
62.80000000000062,29.12851021156619,0.8991828744321348,nan,cold,4074,4.9404924595819466e-15,32;0;0;0
62.900000000000624,28.931961090175413,0.8923327987918255,nan,cold,4083,1.2156942119645464e-14,32;0;0;0
63.000000000000625,31.38610594946027,0.9837917834683384,nan,cold,4088,1.1712852909795402e-14,32;0;0;0
63.10000000000063,30.30269803230944,0.9109460561017777,nan,cold,4096,1.0547118733938987e-14,32;0;0;0
63.20000000000063,30.689301569186842,0.9407503502750242,nan,cold,4101,6.6058269965196814e-15,32;0;0;0
63.30000000000063,26.668229667949042,0.814997703591565,nan,cold,4107,1.942890293094024e-15,32;0;0;0
63.40000000000063,26.719405182048387,0.8356888141686029,nan,adiabatic_expansion,4114,4.996003610813204e-16,32;0;0;0
63.50000000000063,26.719080012153324,0.8438877117428176,nan,adiabatic_expansion,4124,1.8318679906315083e-15,32;0;0;0
63.600000000000634,26.718755043947166,0.8116456362999765,nan,adiabatic_expansion,4131,-1.4988010832439613e-15,32;0;0;0
63.700000000000635,26.718430276335372,0.7896092439967738,nan,adiabatic_expansion,4136,6.661338147750939e-16,32;0;0;0
63.80000000000064,26.718105710323183,0.8134628664084337,nan,adiabatic_expansion,4145,-4.996003610813204e-16,32;0;0;0
63.90000000000064,26.717781347609463,0.8140249084317261,nan,adiabatic_expansion,4154,3.885780586188048e-16,32;0;0;0
64.00000000000064,26.717475260228625,0.8526249886585661,nan,adiabatic_expansion,4158,1.942890293094024e-15,32;0;0;0
64.10000000000063,26.71720234012564,0.8546501375896985,nan,adiabatic_expansion,4162,-7.216449660063518e-16,32;0;0;0
64.20000000000063,26.71692962880013,0.8524000636520555,nan,adiabatic_expansion,4167,-1.1657341758564144e-15,32;0;0;0
64.30000000000062,26.716657616188503,0.8540929128702955,nan,adiabatic_expansion,4177,-5.6066262743570405e-15,32;0;0;0
64.40000000000062,26.71638957454686,0.8513215973267473,nan,adiabatic_expansion,4179,7.216449660063518e-16,32;0;0;0
64.50000000000061,26.71614915230408,0.8174329204526937,nan,adiabatic_expansion,4189,-1.8318679906315083e-15,32;0;0;0
64.6000000000006,26.71592635592328,0.8310341573533084,nan,adiabatic_expansion,4190,-5.551115123125783e-17,32;0;0;0
64.7000000000006,26.715703776812987,0.8568795848176581,nan,adiabatic_expansion,4196,-1.3877787807814457e-15,32;0;0;0
64.8000000000006,26.715481417487073,0.8548831559800771,nan,adiabatic_expansion,4200,-2.220446049250313e-16,32;0;0;0
64.90000000000059,26.715301165680344,0.8496925681926712,nan,adiabatic_expansion,4205,-2.220446049250313e-16,32;0;0;0
65.00000000000058,26.71512316821272,0.8551668836244903,nan,adiabatic_expansion,4214,-1.3322676295501878e-15,32;0;0;0
65.10000000000058,26.714973037761848,0.8596446802885525,nan,adiabatic_expansion,4223,-3.3861802251067274e-15,32;0;0;0
65.20000000000057,26.71483557155071,0.8596446802885525,nan,adiabatic_expansion,4226,-2.942091015256665e-15,32;0;0;0
65.30000000000057,26.71469831686429,0.8439617607917292,nan,adiabatic_expansion,4234,-4.052314039881821e-15,32;0;0;0
65.40000000000056,26.71456307337029,0.8463123932821434,nan,adiabatic_expansion,4241,7.771561172376096e-16,32;0;0;0
65.50000000000055,26.714479983655607,0.8568182779925935,nan,adiabatic_expansion,4246,-5.551115123125783e-15,32;0;0;0
65.60000000000055,26.71439709851273,0.855494325333769,nan,adiabatic_expansion,4254,2.220446049250313e-16,32;0;0;0
65.70000000000054,26.714314418053956,0.846776652828034,nan,adiabatic_expansion,4262,-5.440092820663267e-15,32;0;0;0
65.80000000000054,26.714257288472563,0.8396188193878323,nan,adiabatic_expansion,4270,-2.3314683517128287e-15,32;0;0;0
65.90000000000053,26.71421659430214,0.8290906471244176,nan,adiabatic_expansion,4278,-7.105427357601002e-15,32;0;0;0
66.00000000000053,26.714132053730893,0.8525542198935904,nan,adiabatic_expansion,4285,-5.6066262743570405e-15,32;0;0;0
66.10000000000052,26.714047707104317,0.8493930969789009,nan,adiabatic_expansion,4293,-4.6074255521944e-15,32;0;0;0
66.20000000000051,26.71384329070014,0.812314089444553,nan,adiabatic_expansion,4299,-9.103828801926284e-15,32;0;0;0
66.30000000000051,26.713555820127656,0.812314089444553,nan,adiabatic_expansion,4301,-9.603429163007604e-15,32;0;0;0
66.4000000000005,26.713265637310624,0.8367818489765417,nan,adiabatic_expansion,4312,-5.218048215738236e-15,32;0;0;0
66.5000000000005,26.712936175854068,0.8228673743732905,nan,adiabatic_expansion,4318,-8.104628079763643e-15,32;0;0;0
66.60000000000049,26.712561997998293,0.809237915079034,nan,adiabatic_expansion,4324,-9.2148511043888e-15,32;0;0;0
66.70000000000049,26.712187969221702,0.7751797122577296,nan,adiabatic_expansion,4329,-8.604228440844963e-15,32;0;0;0
66.80000000000048,26.71181410105034,0.7433292301528271,nan,adiabatic_expansion,4337,-4.9960036108132044e-15,32;0;0;0
66.90000000000047,26.71144040362772,0.82285923001302,nan,adiabatic_expansion,4342,-3.7192471324942744e-15,32;0;0;0
67.00000000000047,26.71106688558231,0.8315506472956827,nan,adiabatic_expansion,4345,-9.2148511043888e-15,32;0;0;0
67.10000000000046,26.71069355394948,0.8303812370381961,nan,adiabatic_expansion,4351,-6.494804694057166e-15,32;0;0;0
67.20000000000046,26.7103204141563,0.8445066139115941,nan,adiabatic_expansion,4358,-6.050715484207103e-15,32;0;0;0
67.30000000000045,26.709947470079115,0.8446785372330318,nan,adiabatic_expansion,4363,-3.83026943495679e-15,32;0;0;0
67.40000000000045,26.70957472418451,0.8271658868413355,nan,adiabatic_expansion,4369,-5.717648576819556e-15,32;0;0;0
67.50000000000044,26.709202177764723,0.8255442868437352,nan,adiabatic_expansion,4377,-2.831068712794149e-15,32;0;0;0
67.60000000000043,26.274609159999525,0.8073245809813475,nan,cold,4383,-9.159339953157541e-15,32;0;0;0
67.70000000000043,26.332500651081563,0.8227173266254193,nan,cold,4385,-6.494804694057166e-15,32;0;0;0
67.80000000000042,27.525146210508623,0.8554463617835676,nan,cold,4389,-8.049116928532385e-15,32;0;0;0
67.90000000000042,28.42898077454018,0.8839952480973267,nan,cold,4395,-1.1324274851176597e-14,32;0;0;0
68.00000000000041,23.812681753273885,0.713087933605401,nan,cold,4404,-1.0935696792557792e-14,32;0;0;0
68.1000000000004,23.81234759392988,0.7495569755280758,nan,cold,4410,-7.216449660063518e-15,32;0;0;0
68.2000000000004,27.666723292300205,0.8245190530417962,nan,cold,4414,-7.605027718682322e-15,32;0;0;0
68.3000000000004,27.155485397205677,0.8382432723309389,nan,cold,4417,-6.6058269965196814e-15,32;0;0;0
68.40000000000039,25.873957149921214,0.7948334050930665,nan,cold,4428,-4.3298697960381105e-15,32;0;0;0
68.50000000000038,21.797893512561764,0.6893582936452979,nan,cold,4436,-1.609823385706477e-15,32;0;0;0
68.60000000000038,19.20823252013556,0.5847358570427101,nan,cold,4444,1.1657341758564144e-15,32;0;0;0
68.70000000000037,18.47094631983259,0.5626384364207785,nan,cold,4451,1.7208456881689926e-15,32;0;0;0
68.80000000000037,19.36828833964893,0.5727048611681967,nan,cold,4452,-4.440892098500626e-16,32;0;0;0
68.90000000000036,19.368083676255143,0.5727048611681967,nan,cold,4452,2.942091015256665e-15,32;0;0;0
69.00000000000036,20.380306045317354,0.5879102551486484,nan,cold,4457,-1.8318679906315083e-15,32;0;0;0
69.10000000000035,20.098717246217138,0.6184292777138037,nan,cold,4463,-3.497202527569243e-15,32;0;0;0
69.20000000000034,21.647791818493598,0.6862276840975745,nan,cold,4470,3.1086244689504383e-15,32;0;0;0
69.30000000000034,20.67026442617508,0.6542354744174176,nan,cold,4477,-5.551115123125783e-16,32;0;0;0
69.40000000000033,20.690959299039683,0.6448979128760858,nan,cold,4481,6.106226635438361e-15,32;0;0;0
69.50000000000033,20.857214023249487,0.6500110375899827,nan,cold,4489,5.9396931817445875e-15,32;0;0;0
69.60000000000032,26.09707692553318,0.8167143790366785,nan,cold,4498,2.609024107869118e-15,32;0;0;0
69.70000000000032,26.09700008662754,0.8167143790366787,nan,cold,4499,4.551914400963142e-15,32;0;0;0
69.80000000000031,24.98168030536415,0.7914649808531505,nan,cold,4509,3.9968028886505635e-15,32;0;0;0
69.9000000000003,22.37470087246726,0.7063915790098055,nan,cold,4517,3.0531133177191805e-15,32;0;0;0
70.0000000000003,25.769169347465162,0.8188861601833786,nan,cold,4525,4.218847493575595e-15,32;0;0;0
70.10000000000029,25.562335675512948,0.8125598636237694,nan,cold,4528,1.4988010832439613e-15,32;0;0;0
70.20000000000029,25.90197466323533,0.8173305439766742,nan,cold,4534,8.326672684688674e-16,32;0;0;0
70.30000000000028,25.61078881429353,0.8092601671649684,nan,cold,4542,-3.941291737419306e-15,32;0;0;0
70.40000000000028,24.360979636924583,0.7656780853806539,nan,cold,4548,-5.773159728050814e-15,32;0;0;0
70.50000000000027,25.35357595070075,0.7891857702498136,nan,cold,4556,-8.992806499463768e-15,32;0;0;0
70.60000000000026,26.608016823734566,0.8235007259301695,nan,cold,4563,-8.826273045769994e-15,32;0;0;0
70.70000000000026,27.205321985363312,0.8375431966800517,nan,cold,4570,-9.103828801926284e-15,32;0;0;0
70.80000000000025,27.491858212920125,0.8565015698415548,nan,cold,4575,-8.548717289613705e-15,32;0;0;0
70.90000000000025,28.830101488800047,0.902759020131843,nan,cold,4582,-5.717648576819556e-15,32;0;0;0
71.00000000000024,28.82957462111255,0.9035002228210314,nan,adiabatic_expansion,4591,-6.217248937900877e-15,32;0;0;0
71.10000000000024,28.829047953832212,0.89881151385558,nan,adiabatic_expansion,4603,-5.440092820663267e-15,32;0;0;0
71.20000000000023,28.828523023324884,0.895452081523154,nan,adiabatic_expansion,4607,-3.164135620181696e-15,32;0;0;0
71.30000000000022,28.828009658394087,0.8821586072224575,nan,adiabatic_expansion,4613,2.1649348980190553e-15,32;0;0;0
71.40000000000022,28.827503744810773,0.8731158367655708,nan,adiabatic_expansion,4621,2.275957200481571e-15,32;0;0;0
71.50000000000021,28.827001360152117,0.8863854344395851,nan,adiabatic_expansion,4629,-1.1657341758564144e-15,32;0;0;0
71.60000000000021,28.826499232478472,0.8834781343963732,nan,adiabatic_expansion,4637,-2.1649348980190553e-15,32;0;0;0
71.7000000000002,28.82599738743597,0.907952488070658,nan,adiabatic_expansion,4644,-6.8833827526759706e-15,32;0;0;0
71.8000000000002,28.825495854602234,0.8923477453745927,nan,adiabatic_expansion,4653,-2.831068712794149e-15,32;0;0;0
71.90000000000019,28.825006877381472,0.9019337685075469,nan,adiabatic_expansion,4658,-2.9976021664879227e-15,32;0;0;0
72.00000000000018,28.824524817462176,0.8741554237780824,nan,adiabatic_expansion,4665,-4.496403249731884e-15,32;0;0;0
72.10000000000018,28.82404315430961,0.8646658340927343,nan,adiabatic_expansion,4668,-5.995204332975845e-15,32;0;0;0
72.20000000000017,28.82364865372729,0.8516219553262089,nan,adiabatic_expansion,4674,-4.773959005888173e-15,32;0;0;0
72.30000000000017,28.823398961326653,0.9126191563459183,nan,adiabatic_expansion,4680,-3.4416913763379853e-15,32;0;0;0
72.40000000000016,28.823149540272162,0.9179401610769803,nan,adiabatic_expansion,4687,-1.4988010832439613e-15,32;0;0;0
72.50000000000016,28.822900394242776,0.9175586819779824,nan,adiabatic_expansion,4691,-5.10702591327572e-15,32;0;0;0
72.60000000000015,28.822657616396263,0.8856986423080145,nan,adiabatic_expansion,4698,-1.9984014443252818e-15,32;0;0;0
72.70000000000014,28.82256974147357,0.9119504973458882,nan,adiabatic_expansion,4707,-5.162537064506978e-15,32;0;0;0
72.80000000000014,28.82248205501517,0.9131922861222819,nan,adiabatic_expansion,4715,-3.941291737419306e-15,32;0;0;0
72.90000000000013,28.822394557264815,0.9036756787309734,nan,adiabatic_expansion,4723,6.106226635438361e-16,32;0;0;0
73.00000000000013,28.82230724846728,0.8910854856706977,nan,adiabatic_expansion,4734,-8.049116928532385e-15,32;0;0;0
73.10000000000012,28.822220128868185,0.8988948087892994,nan,adiabatic_expansion,4746,-7.216449660063518e-15,32;0;0;0
73.20000000000012,28.822133198713704,0.8766657300551297,nan,adiabatic_expansion,4755,-9.71445146547012e-15,32;0;0;0
73.30000000000011,28.822046458250384,0.9058612209886208,nan,adiabatic_expansion,4757,-1.2101430968414206e-14,32;0;0;0
73.4000000000001,28.82195990772491,0.9247549335425068,nan,adiabatic_expansion,4762,-8.271161533457416e-15,32;0;0;0
73.5000000000001,28.821873547383877,0.9196535949354344,nan,adiabatic_expansion,4771,-1.1435297153639112e-14,32;0;0;0
73.6000000000001,28.8216660588158,0.9164697440556322,nan,adiabatic_expansion,4780,-7.216449660063518e-15,32;0;0;0
73.70000000000009,28.821391336136987,0.9187787461354666,nan,adiabatic_expansion,4784,-8.1601392309949e-15,32;0;0;0
73.80000000000008,28.821116735818627,0.9203131303710975,nan,adiabatic_expansion,4791,-8.215650382226158e-15,32;0;0;0
73.90000000000008,28.820842263860165,0.902727861782521,nan,adiabatic_expansion,4799,-8.770761894538737e-15,32;0;0;0
74.00000000000007,28.820567926320535,0.9042196990649315,nan,adiabatic_expansion,4802,-6.827871601444713e-15,32;0;0;0
74.10000000000007,28.820293729259166,0.9046614745679972,nan,adiabatic_expansion,4809,-5.218048215738236e-15,32;0;0;0
74.20000000000006,28.820019678677735,0.8945219875371786,nan,adiabatic_expansion,4815,8.881784197001252e-16,32;0;0;0
74.30000000000005,28.819715575156998,0.9028885904256484,nan,adiabatic_expansion,4821,-5.10702591327572e-15,32;0;0;0
74.40000000000005,28.819382928427206,0.9125373080197614,nan,adiabatic_expansion,4822,-3.497202527569243e-15,32;0;0;0
74.50000000000004,28.819050430515347,0.9065814986415581,nan,adiabatic_expansion,4826,-2.831068712794149e-15,32;0;0;0
74.60000000000004,28.81871165181149,0.9046200975515,nan,adiabatic_expansion,4830,5.551115123125783e-17,32;0;0;0
74.70000000000003,28.81835286549379,0.9165386694465638,nan,adiabatic_expansion,4835,2.886579864025407e-15,32;0;0;0
74.80000000000003,28.817994249310907,0.9109844480277786,nan,adiabatic_expansion,4838,6.661338147750939e-16,32;0;0;0
74.90000000000002,28.817618141340063,0.9072448468774492,nan,adiabatic_expansion,4849,3.885780586188048e-16,32;0;0;0
75.00000000000001,28.8172310778379,0.9112226553154988,nan,adiabatic_expansion,4859,-1.1102230246251565e-16,32;0;0;0
75.10000000000001,28.81682944921802,0.8880792819290987,nan,adiabatic_expansion,4868,2.3869795029440866e-15,32;0;0;0
75.2,28.816421435150826,0.8982402848093237,nan,adiabatic_expansion,4873,2.3314683517128287e-15,32;0;0;0
75.3,28.816012805166274,0.9019882071799228,nan,adiabatic_expansion,4888,4.107825191113079e-15,32;0;0;0
75.39999999999999,28.815602387304192,0.9041592197127966,nan,adiabatic_expansion,4895,1.942890293094024e-15,32;0;0;0
75.49999999999999,28.964908517432715,0.9136014743851679,nan,cold,4900,6.827871601444713e-15,32;0;0;0
75.59999999999998,28.60765313413569,0.9018993035533973,nan,cold,4908,4.996003610813204e-16,32;0;0;0
75.69999999999997,26.535818816589085,0.8282390018402153,nan,cold,4913,-2.7755575615628914e-16,32;0;0;0
75.79999999999997,25.639705348954866,0.7931333924241658,nan,cold,4917,2.4980018054066022e-15,32;0;0;0
75.89999999999996,26.38333539845872,0.8102838968684722,nan,cold,4924,9.547918011776346e-15,32;0;0;0
75.99999999999996,27.13954603561577,0.8303247991011246,nan,cold,4928,7.049916206369744e-15,32;0;0;0
76.09999999999995,30.092378622367296,0.93772238696262,nan,cold,4935,1.3100631690576847e-14,32;0;0;0
76.19999999999995,29.968745264838486,0.9111091957454331,nan,cold,4941,1.2712053631958042e-14,32;0;0;0
76.29999999999994,28.90698024299919,0.8877849897398171,nan,cold,4951,1.2545520178264269e-14,32;0;0;0
76.39999999999993,29.556725551143966,0.9353731040362268,nan,cold,4958,7.771561172376096e-15,32;0;0;0
76.49999999999993,30.11649612750673,0.9528374974335292,nan,cold,4963,3.608224830031759e-15,32;0;0;0
76.59999999999992,28.12360193871898,0.8900862321883234,nan,cold,4973,4.052314039881821e-15,32;0;0;0
76.69999999999992,27.524684118814616,0.8748786073217998,nan,cold,4980,-2.4424906541753444e-15,32;0;0;0
76.79999999999991,30.018384176915266,0.9340162825284587,nan,cold,4989,-4.829470157119431e-15,32;0;0;0
76.8999999999999,29.798658380364795,0.922152821070519,nan,cold,4993,1.6653345369377348e-16,32;0;0;0
76.9999999999999,29.406760968723162,0.9239495704836636,nan,cold,5001,-3.497202527569243e-15,32;0;0;0
77.0999999999999,31.43810154462784,0.9739814236470705,nan,cold,5008,-8.1601392309949e-15,32;0;0;0
77.19999999999989,34.8338059920053,1.08721883194811,nan,cold,5017,-1.6653345369377348e-15,32;0;0;0
77.29999999999988,38.22530489393783,1.217953537452813,nan,cold,5027,-1.7763568394002505e-15,32;0;0;0
77.39999999999988,36.528382269082535,1.1757422011344214,nan,cold,5034,2.220446049250313e-15,32;0;0;0
77.49999999999987,39.469860527669795,1.2351142933639894,nan,cold,5041,5.662137425588298e-15,32;0;0;0
77.59999999999987,37.55973262927817,1.0784676407512326,nan,cold,5049,1.1379786002407855e-14,32;0;0;0
77.69999999999986,31.803261251160045,0.8841969097312152,nan,cold,5055,1.787459069646502e-14,32;0;0;0
77.79999999999986,31.369907671673165,0.8956983000376204,nan,cold,5062,2.0539125955565396e-14,32;0;0;0
77.89999999999985,31.281591557343898,0.9483901856243216,nan,cold,5071,1.8485213360008856e-14,32;0;0;0
77.99999999999984,29.265717359836486,0.9124012736167825,nan,cold,5079,1.4432899320127035e-14,32;0;0;0
78.09999999999984,31.240428830722596,0.9590166611964007,nan,cold,5090,1.6930901125533637e-14,32;0;0;0
78.19999999999983,28.597219203346903,0.8312907447417616,nan,cold,5095,2.3592239273284576e-14,32;0;0;0
78.29999999999983,27.95623747721173,0.7849688701367621,nan,cold,5101,2.1815882433884326e-14,32;0;0;0
78.39999999999982,26.07159553353363,0.7369603546195271,nan,cold,5108,2.4202861936828413e-14,32;0;0;0
78.49999999999982,26.114006332185355,0.7745451665904816,nan,cold,5112,2.731148640577885e-14,32;0;0;0
78.59999999999981,26.25240094391582,0.8130349601106182,nan,cold,5123,2.481348460037225e-14,32;0;0;0
78.6999999999998,23.313248150378104,0.7107531742161971,nan,cold,5131,1.8984813721090177e-14,32;0;0;0
78.7999999999998,23.835871079413376,0.7384594818119331,nan,adiabatic_expansion,5139,2.2370993946196904e-14,32;0;0;0
78.89999999999979,23.835266849556216,0.7375595589649664,nan,adiabatic_expansion,5144,1.73749903353837e-14,32;0;0;0
78.99999999999979,23.834662824983802,0.7330505052311951,nan,adiabatic_expansion,5149,1.687538997430238e-14,32;0;0;0
79.09999999999978,23.83405901817402,0.7331684264323646,nan,adiabatic_expansion,5156,1.482147737874584e-14,32;0;0;0
79.19999999999978,23.833455451653517,0.7330969037654566,nan,adiabatic_expansion,5161,1.3378187446733136e-14,32;0;0;0
79.29999999999977,23.832852158583695,0.7180534854513139,nan,adiabatic_expansion,5168,1.2934098236883074e-14,32;0;0;0
79.39999999999976,23.8322491820881,0.7141451457750078,nan,adiabatic_expansion,5177,1.2545520178264269e-14,32;0;0;0
79.49999999999976,23.83166631651774,0.7035504926011806,nan,adiabatic_expansion,5186,1.6708856520608606e-14,32;0;0;0
79.59999999999975,23.831168306478272,0.7320831762102245,nan,adiabatic_expansion,5193,1.5765166949677223e-14,32;0;0;0
79.69999999999975,23.830724391440544,0.7449779879458885,nan,adiabatic_expansion,5199,1.8207657603852567e-14,32;0;0;0
79.79999999999974,23.830351968649477,0.7471327425445307,nan,adiabatic_expansion,5205,1.992850329202156e-14,32;0;0;0
79.89999999999974,23.829995812392788,0.7340216215315692,nan,adiabatic_expansion,5210,2.3092638912203256e-14,32;0;0;0
79.99999999999973,23.82963999299111,0.7101665218442552,nan,adiabatic_expansion,5217,2.1094237467877974e-14,32;0;0;0
80.09999999999972,23.82935104929929,0.7511197111311124,nan,adiabatic_expansion,5225,2.4924506902834764e-14,32;0;0;0
80.19999999999972,23.829143813766937,0.7370800349045971,nan,adiabatic_expansion,5230,2.1538326677728037e-14,32;0;0;0
80.29999999999971,23.82904278454856,0.7074455591007676,nan,adiabatic_expansion,5235,2.1260770921571748e-14,32;0;0;0
80.39999999999971,23.828963067729074,0.7368664325981201,nan,adiabatic_expansion,5240,2.0039525594484076e-14,32;0;0;0
80.4999999999997,23.828917132627904,0.7194103991010481,nan,adiabatic_expansion,5247,2.0594637106796654e-14,32;0;0;0
80.5999999999997,23.828908626813895,0.7191508702288767,nan,adiabatic_expansion,5255,2.020605904817785e-14,32;0;0;0
80.69999999999969,23.828890972483148,0.7551037568865269,nan,adiabatic_expansion,5261,1.9872992140790302e-14,32;0;0;0
80.79999999999968,23.82883254286081,0.7551037568865269,nan,adiabatic_expansion,5265,2.2648549702353193e-14,32;0;0;0
80.89999999999968,23.82876119602383,0.7331639935683946,nan,adiabatic_expansion,5272,2.0539125955565396e-14,32;0;0;0
80.99999999999967,23.828618528251322,0.7061961084237429,nan,adiabatic_expansion,5276,2.225997164373439e-14,32;0;0;0
81.09999999999967,23.828476033071727,0.6930840626518603,nan,adiabatic_expansion,5281,1.8818280267396403e-14,32;0;0;0
81.19999999999966,23.828333711314126,0.7201358838026297,nan,adiabatic_expansion,5293,2.1926904736346842e-14,32;0;0;0
81.29999999999966,23.828191563823697,0.7406428871156325,nan,adiabatic_expansion,5299,2.0761170560490427e-14,32;0;0;0
81.39999999999965,23.82804959145948,0.7514150457849998,nan,adiabatic_expansion,5304,2.2315482794965646e-14,32;0;0;0
81.49999999999964,23.82790779509224,0.75696652399568,nan,adiabatic_expansion,5311,2.5757174171303632e-14,32;0;0;0
81.59999999999964,23.82766155275248,0.75182347555426,nan,adiabatic_expansion,5322,2.6978419498391304e-14,32;0;0;0
81.69999999999963,23.827393603558413,0.75182347555426,nan,adiabatic_expansion,5325,2.1094237467877974e-14,32;0;0;0
81.79999999999963,23.827125784582098,0.7624434324783163,nan,adiabatic_expansion,5332,1.8540724511240114e-14,32;0;0;0
81.89999999999962,23.82685810144996,0.7529498343044863,nan,adiabatic_expansion,5339,1.887379141862766e-14,32;0;0;0
81.99999999999962,23.826590559803286,0.7055221909748035,nan,adiabatic_expansion,5344,1.8207657603852567e-14,32;0;0;0
82.09999999999961,23.826296622350956,0.684114203331234,nan,adiabatic_expansion,5353,2.1538326677728037e-14,32;0;0;0
82.1999999999996,23.82598944450922,0.7523536761383105,nan,adiabatic_expansion,5358,2.4313884239290928e-14,32;0;0;0
82.2999999999996,23.825682412955384,0.7523806258607223,nan,adiabatic_expansion,5366,2.0317081350640365e-14,32;0;0;0
82.3999999999996,23.825352394743344,0.7531833830700357,nan,adiabatic_expansion,5376,2.325917236589703e-14,32;0;0;0
82.49999999999959,23.824968946507273,0.7284308400344401,nan,adiabatic_expansion,5387,1.3600232051658168e-14,32;0;0;0
82.59999999999958,23.824585651765975,0.6863872313765479,nan,adiabatic_expansion,5392,1.7763568394002505e-14,32;0;0;0
82.69999999999958,23.824202522089493,0.7136611870914493,nan,adiabatic_expansion,5396,1.7708057242771247e-14,32;0;0;0
82.79999999999957,23.82381956743168,0.725152779427855,nan,adiabatic_expansion,5401,2.1926904736346842e-14,32;0;0;0
82.89999999999957,23.82341606224372,0.7439118417290195,nan,adiabatic_expansion,5408,2.0872192862952943e-14,32;0;0;0
82.99999999999956,23.822998088236933,0.7537360064662172,nan,adiabatic_expansion,5414,2.015054789694659e-14,32;0;0;0
83.09999999999955,23.822580308162564,0.751300918521622,nan,adiabatic_expansion,5419,1.9761969838327786e-14,32;0;0;0
83.19999999999955,23.822161398155306,0.6722539910715437,nan,adiabatic_expansion,5431,2.1371793224034263e-14,32;0;0;0
83.29999999999954,23.821741321290165,0.7249571921142304,nan,adiabatic_expansion,5435,1.7819079545233762e-14,32;0;0;0
83.39999999999954,23.821321212136187,0.7386367905806845,nan,cold,5440,1.865174681370263e-14,32;0;0;0
83.49999999999953,23.725119357108124,0.7408831059280145,nan,cold,5445,1.504352198367087e-14,32;0;0;0
83.59999999999953,23.207284180199295,0.7088022532300147,nan,cold,5452,1.0880185641326534e-14,32;0;0;0
83.69999999999952,24.535228115106325,0.7559878049103554,nan,cold,5459,1.354472090042691e-14,32;0;0;0
83.79999999999951,23.421260367056266,0.7238148262426163,nan,cold,5462,1.1657341758564144e-14,32;0;0;0
83.89999999999951,25.251138884492764,0.7448403630530198,nan,cold,5467,1.354472090042691e-14,32;0;0;0
83.9999999999995,24.64082680806624,0.7564380726882322,nan,cold,5475,1.4876988529977098e-14,32;0;0;0
84.0999999999995,23.915036481158975,0.7457631551056447,nan,cold,5480,1.482147737874584e-14,32;0;0;0
84.19999999999949,29.480125628203215,0.8862558693940689,nan,cold,5489,1.3211653993039363e-14,32;0;0;0
84.29999999999949,27.47910280496381,0.8444957921650782,nan,cold,5495,1.2878587085651816e-14,32;0;0;0
84.39999999999948,28.535513042564407,0.8893911614652417,nan,cold,5508,1.0547118733938987e-14,32;0;0;0
84.49999999999947,28.33249598387305,0.8893949955416061,nan,cold,5511,7.882583474838611e-15,32;0;0;0
84.59999999999947,28.582795645952906,0.9068322211571178,nan,cold,5515,7.66053886991358e-15,32;0;0;0
84.69999999999946,28.446477053245676,0.8465058132996895,nan,cold,5524,1.3877787807814457e-15,32;0;0;0
84.79999999999946,28.64603399454816,0.821242811683567,nan,cold,5528,-6.661338147750939e-16,32;0;0;0
84.89999999999945,28.414077262881616,0.8289934961502456,nan,cold,5531,-3.3306690738754696e-16,32;0;0;0
84.99999999999945,28.643014431356523,0.8831943986166355,nan,cold,5535,1.1657341758564144e-15,32;0;0;0
85.09999999999944,28.6835656816985,0.9086750198336214,nan,cold,5542,-2.3869795029440866e-15,32;0;0;0
85.19999999999943,25.795853690314846,0.8222355382397895,nan,cold,5548,-4.496403249731884e-15,32;0;0;0
85.29999999999943,25.539793421970792,0.8111767732375106,nan,cold,5555,-3.941291737419306e-15,32;0;0;0
85.39999999999942,28.62554160450786,0.8303302890499349,nan,cold,5563,-4.718447854656915e-15,32;0;0;0
85.49999999999942,28.186705888349096,0.8479641495326259,nan,cold,5573,1.4432899320127035e-15,32;0;0;0
85.59999999999941,27.554555797375897,0.8250711698440936,nan,cold,5578,-1.2212453270876722e-15,32;0;0;0
85.6999999999994,24.746533119751202,0.7509534159413656,nan,cold,5584,-3.7192471324942744e-15,32;0;0;0
85.7999999999994,20.392015824188263,0.643265893373086,nan,cold,5593,2.4980018054066022e-15,32;0;0;0
85.8999999999994,22.363746723137776,0.694118785272748,nan,cold,5600,6.494804694057166e-15,32;0;0;0
85.99999999999939,23.490647911097337,0.6641845273526308,nan,cold,5610,8.881784197001252e-15,32;0;0;0
86.09999999999938,24.27047160593437,0.6470448086245543,nan,cold,5613,3.7192471324942744e-15,32;0;0;0
86.19999999999938,24.270099048585514,0.6708145208348252,nan,cold,5617,5.9396931817445875e-15,32;0;0;0
86.29999999999937,27.913401388669193,0.8095019974884091,nan,cold,5629,3.2751579226442118e-15,32;0;0;0
86.39999999999937,27.460298355350382,0.8238582703889321,nan,cold,5633,3.164135620181696e-15,32;0;0;0
86.49999999999936,25.481166801499544,0.7654460741397479,nan,cold,5636,9.159339953157541e-15,32;0;0;0
86.59999999999935,26.5717490124693,0.8006373357776875,nan,cold,5643,7.16093850883226e-15,32;0;0;0
86.69999999999935,24.020331694348773,0.717975995329904,nan,cold,5651,7.771561172376096e-15,32;0;0;0
86.79999999999934,21.983359564906774,0.6560124086980815,nan,cold,5656,7.716050021144838e-15,32;0;0;0
86.89999999999934,24.451230294916922,0.7225423756074308,nan,cold,5661,5.2735593669694936e-15,32;0;0;0
86.99999999999933,23.25564866612919,0.6796624983878001,nan,adiabatic_expansion,5668,1.1934897514720433e-14,32;0;0;0
87.09999999999933,23.255159150924165,0.6746842416325726,nan,adiabatic_expansion,5674,1.1157741397482823e-14,32;0;0;0
87.19999999999932,23.254671734652934,0.6906147184015027,nan,adiabatic_expansion,5679,1.199040866595169e-14,32;0;0;0
87.29999999999932,23.25418733294538,0.6981628294076987,nan,adiabatic_expansion,5685,7.605027718682322e-15,32;0;0;0
87.39999999999931,23.25370314670938,0.7030941880550334,nan,adiabatic_expansion,5691,1.0769163338864018e-14,32;0;0;0
87.4999999999993,23.253219188904794,0.7014743651721471,nan,adiabatic_expansion,5695,1.3322676295501878e-14,32;0;0;0
87.5999999999993,23.25273661383374,0.6960800002935759,nan,adiabatic_expansion,5703,1.1102230246251565e-14,32;0;0;0
87.69999999999929,23.252261426320274,0.7044009974904233,nan,adiabatic_expansion,5709,1.3877787807814457e-14,32;0;0;0
87.79999999999929,23.251786527592508,0.7021640049494604,nan,adiabatic_expansion,5716,1.2212453270876722e-14,32;0;0;0
87.89999999999928,23.251311944231652,0.6965007666297872,nan,adiabatic_expansion,5727,8.992806499463768e-15,32;0;0;0
87.99999999999928,23.2508702726331,0.7199572391348462,nan,adiabatic_expansion,5732,1.0380585280245214e-14,32;0;0;0
88.09999999999927,23.250480150124933,0.6839829406627358,nan,adiabatic_expansion,5737,9.71445146547012e-15,32;0;0;0
88.19999999999926,23.25018613408327,0.7240680846774742,nan,adiabatic_expansion,5743,1.2656542480726785e-14,32;0;0;0
88.29999999999926,23.25007432784648,0.7270986524885703,nan,adiabatic_expansion,5747,1.176836406102666e-14,32;0;0;0
88.39999999999925,23.250043953767815,0.724092621290818,nan,adiabatic_expansion,5750,1.0047518372857667e-14,32;0;0;0
88.49999999999925,23.250013778032013,0.7315376123085032,nan,adiabatic_expansion,5757,1.199040866595169e-14,32;0;0;0
88.59999999999924,23.2499838006703,0.7429752500029879,nan,adiabatic_expansion,5768,8.659739592076221e-15,32;0;0;0
88.69999999999924,23.249954021713428,0.7278302381706883,nan,adiabatic_expansion,5778,9.769962616701378e-15,32;0;0;0
88.79999999999923,23.249843147829505,0.742757989541173,nan,adiabatic_expansion,5785,6.8833827526759706e-15,32;0;0;0
88.89999999999922,23.249682525826426,0.724609281648778,nan,adiabatic_expansion,5789,7.438494264988549e-15,32;0;0;0
88.99999999999922,23.249455070940574,0.7239312819388769,nan,adiabatic_expansion,5792,9.159339953157541e-15,32;0;0;0
89.09999999999921,23.24920616245756,0.7144551535857884,nan,adiabatic_expansion,5798,8.770761894538737e-15,32;0;0;0
89.1999999999992,23.248956183609273,0.7050658042769075,nan,adiabatic_expansion,5800,1.021405182655144e-14,32;0;0;0
89.2999999999992,23.248648093812257,0.7032870284286683,nan,adiabatic_expansion,5808,8.93729534823251e-15,32;0;0;0
89.3999999999992,23.248340147850143,0.7028684186999122,nan,adiabatic_expansion,5814,5.218048215738236e-15,32;0;0;0
89.49999999999919,23.248015385844898,0.6795272487881491,nan,adiabatic_expansion,5818,5.440092820663267e-15,32;0;0;0
89.59999999999918,23.247658311334163,0.6935859986926753,nan,adiabatic_expansion,5824,6.827871601444713e-15,32;0;0;0
89.69999999999918,23.247301393295473,0.6925096796002568,nan,adiabatic_expansion,5833,4.9960036108132044e-15,32;0;0;0
89.79999999999917,23.246944641483037,0.697632584995298,nan,adiabatic_expansion,5839,1.0103029524088925e-14,32;0;0;0
89.89999999999917,23.24658359406836,0.6658264916624503,nan,adiabatic_expansion,5847,1.1157741397482823e-14,32;0;0;0
89.99999999999916,23.24620156956711,0.6658264916624503,nan,adiabatic_expansion,5848,9.658940314238862e-15,32;0;0;0
90.09999999999916,23.24581973185928,0.6659427099858379,nan,adiabatic_expansion,5852,8.271161533457416e-15,32;0;0;0
90.19999999999915,23.245438086462777,0.7008674435399093,nan,adiabatic_expansion,5859,8.215650382226158e-15,32;0;0;0
90.29999999999914,23.245056637220372,0.7236150659831723,nan,adiabatic_expansion,5864,9.547918011776346e-15,32;0;0;0
90.39999999999914,23.2446718096529,0.7327860480386229,nan,adiabatic_expansion,5871,1.1324274851176597e-14,32;0;0;0
90.49999999999913,23.2442870717376,0.729686333340848,nan,adiabatic_expansion,5879,1.3489209749195652e-14,32;0;0;0
90.59999999999913,23.725280182103333,0.7460314559076701,nan,cold,5885,1.7208456881689926e-14,32;0;0;0
90.69999999999912,23.92068990221519,0.7562275905237064,nan,cold,5889,1.404432126150823e-14,32;0;0;0
90.79999999999912,23.58685945780382,0.742689746636816,nan,cold,5890,1.7486012637846216e-14,32;0;0;0
90.89999999999911,23.939765325058218,0.7568468446899322,nan,cold,5899,1.3766765505351941e-14,32;0;0;0
90.9999999999991,22.93798552826734,0.7263650412573365,nan,cold,5908,1.6431300764452317e-14,32;0;0;0
91.0999999999991,22.69057473006844,0.7166926957794932,nan,cold,5914,1.404432126150823e-14,32;0;0;0
91.1999999999991,25.481377897293076,0.8065860462382382,nan,cold,5918,1.7208456881689926e-14,32;0;0;0
91.29999999999909,25.310402782797834,0.7744558498063333,nan,cold,5926,1.4432899320127035e-14,32;0;0;0
91.39999999999908,26.36406554683045,0.7966748331170164,nan,cold,5929,1.5987211554602254e-14,32;0;0;0
91.49999999999908,25.465112003772234,0.815245586047069,nan,cold,5943,2.1538326677728037e-14,32;0;0;0
91.59999999999907,27.70771474181963,0.8876605009932235,nan,cold,5947,2.1260770921571748e-14,32;0;0;0
91.69999999999906,30.415045829634096,0.9616739123804037,nan,cold,5956,1.7930101847696278e-14,32;0;0;0
91.79999999999906,29.043496991649487,0.9251100096053552,nan,cold,5960,1.765254609153999e-14,32;0;0;0
91.89999999999905,29.081742540431225,0.9050685927958214,nan,cold,5969,1.27675647831893e-14,32;0;0;0
91.99999999999905,28.0217794839367,0.8700545043493354,nan,cold,5978,9.936496070395151e-15,32;0;0;0
92.09999999999904,25.12059591967801,0.7979878668877282,nan,cold,5983,1.0824674490095276e-14,32;0;0;0
92.19999999999904,24.469822354971164,0.7800282180708024,nan,cold,5991,2.0539125955565396e-14,32;0;0;0
92.29999999999903,24.747077019567225,0.7946234180651544,nan,cold,6002,2.2370993946196904e-14,32;0;0;0
92.39999999999903,24.79964996812156,0.7725317641375624,nan,cold,6009,1.8540724511240114e-14,32;0;0;0
92.49999999999902,23.703941505178435,0.7500725305732886,nan,cold,6011,1.7985612998927536e-14,32;0;0;0
92.59999999999901,25.2919370589214,0.7708571788250639,nan,cold,6019,1.504352198367087e-14,32;0;0;0
92.69999999999901,25.06722234431441,0.790069084011705,nan,cold,6028,1.354472090042691e-14,32;0;0;0
92.799999999999,24.012382806263126,0.7483895509455855,nan,cold,6032,1.3655743202889425e-14,32;0;0;0
92.899999999999,23.774538573676143,0.7407221388697365,nan,cold,6036,1.5487611193520934e-14,32;0;0;0
92.99999999999899,25.105863016934233,0.7821840600716166,nan,cold,6045,1.304512053934559e-14,32;0;0;0
93.09999999999899,23.03536759720837,0.7282561813791911,nan,cold,6052,8.326672684688674e-15,32;0;0;0
93.19999999999898,22.226217040132553,0.6978110672202401,nan,cold,6062,6.050715484207103e-15,32;0;0;0
93.29999999999897,24.02588283178659,0.7388683415220928,nan,cold,6070,3.6637359812630166e-15,32;0;0;0
93.39999999999897,21.450126295978222,0.659101439187681,nan,cold,6075,1.0325074129013956e-14,32;0;0;0
93.49999999999896,22.35899376077862,0.6761038092536084,nan,cold,6078,9.325873406851315e-15,32;0;0;0
93.59999999999896,21.444362533575628,0.6323746020169703,nan,cold,6080,1.0769163338864018e-14,32;0;0;0
93.69999999999895,20.364690619806492,0.6295956021566625,nan,cold,6087,4.440892098500626e-15,32;0;0;0
93.79999999999895,19.776593665354344,0.6085128500963711,nan,cold,6091,7.771561172376096e-15,32;0;0;0
93.89999999999894,20.58838835229524,0.6339777253866343,nan,adiabatic_expansion,6102,6.439293542825908e-15,32;0;0;0
93.99999999999893,20.587830660956033,0.6381730672895071,nan,adiabatic_expansion,6107,3.7192471324942744e-15,32;0;0;0
94.09999999999893,20.587273173359428,0.63667651347795,nan,adiabatic_expansion,6113,6.994405055138486e-15,32;0;0;0
94.19999999999892,20.586715898255818,0.6380836608333817,nan,adiabatic_expansion,6117,4.829470157119431e-15,32;0;0;0
94.29999999999892,20.58615885151621,0.6212958041063705,nan,adiabatic_expansion,6124,4.9404924595819466e-15,32;0;0;0
94.39999999999891,20.585602056729194,0.6022365977065691,nan,adiabatic_expansion,6128,5.88418203051333e-15,32;0;0;0
94.4999999999989,20.585045544966864,0.6139631470256474,nan,adiabatic_expansion,6131,7.105427357601002e-15,32;0;0;0
94.5999999999989,20.58455785569693,0.6437843739671079,nan,adiabatic_expansion,6141,3.774758283725532e-15,32;0;0;0
94.6999999999989,20.584101487317096,0.6378370977504656,nan,adiabatic_expansion,6150,3.885780586188048e-15,32;0;0;0
94.79999999999889,20.58364545068581,0.628573424940127,nan,adiabatic_expansion,6155,4.6629367034256575e-15,32;0;0;0
94.89999999999888,20.583189772131607,0.628573424940127,nan,adiabatic_expansion,6157,2.6645352591003757e-15,32;0;0;0
94.99999999999888,20.582819934616545,0.6173049729310666,nan,adiabatic_expansion,6166,6.439293542825908e-15,32;0;0;0
95.09999999999887,20.58249814890107,0.6259463118221663,nan,adiabatic_expansion,6170,4.218847493575595e-15,32;0;0;0
95.19999999999887,20.582244841499225,0.6539477205929999,nan,adiabatic_expansion,6176,6.6058269965196814e-15,32;0;0;0
95.29999999999886,20.58199722423304,0.650786867678543,nan,adiabatic_expansion,6183,6.661338147750939e-15,32;0;0;0
95.39999999999885,20.581837271446492,0.6501291531994984,nan,adiabatic_expansion,6190,1.942890293094024e-15,32;0;0;0
95.49999999999885,20.581677549571694,0.6487794924899802,nan,adiabatic_expansion,6193,3.552713678800501e-15,32;0;0;0
95.59999999999884,20.581562647376078,0.645088201555653,nan,adiabatic_expansion,6200,-2.220446049250313e-15,32;0;0;0
95.69999999999884,20.581502487678954,0.6496436538496871,nan,adiabatic_expansion,6209,3.941291737419306e-15,32;0;0;0
95.79999999999883,20.581442531407994,0.6353617287943757,nan,adiabatic_expansion,6218,1.1657341758564144e-15,32;0;0;0
95.89999999999883,20.58138277854605,0.6558255174015172,nan,adiabatic_expansion,6222,-1.609823385706477e-15,32;0;0;0
95.99999999999882,20.581323229074236,0.6611198461471716,nan,adiabatic_expansion,6229,4.163336342344337e-15,32;0;0;0
96.09999999999881,20.581263882971932,0.651252548178452,nan,adiabatic_expansion,6232,1.5543122344752192e-15,32;0;0;0
96.19999999999881,20.58120474021685,0.6327117639404856,nan,adiabatic_expansion,6236,2.55351295663786e-15,32;0;0;0
96.2999999999988,20.58114580078502,0.6455295527127878,nan,adiabatic_expansion,6243,-2.1649348980190553e-15,32;0;0;0
96.3999999999988,20.58108821618818,0.6585985539524385,nan,adiabatic_expansion,6248,-5.551115123125783e-17,32;0;0;0
96.49999999999879,20.581031297771023,0.6604402329471399,nan,adiabatic_expansion,6255,6.106226635438361e-16,32;0;0;0
96.59999999999879,20.580937403833335,0.6573766359576194,nan,adiabatic_expansion,6262,4.107825191113079e-15,32;0;0;0
96.69999999999878,20.58084369626431,0.6605579146314173,nan,adiabatic_expansion,6267,3.552713678800501e-15,32;0;0;0
96.79999999999878,20.580750175337432,0.6547441962601224,nan,adiabatic_expansion,6272,-2.1094237467877974e-15,32;0;0;0
96.89999999999877,20.580656841328782,0.6531540601964358,nan,adiabatic_expansion,6277,1.1102230246251565e-16,32;0;0;0
96.99999999999876,20.580563694516698,0.6524911551508472,nan,adiabatic_expansion,6287,0.0,32;0;0;0
97.09999999999876,20.58040975031512,0.6479686420211624,nan,adiabatic_expansion,6291,2.7755575615628914e-16,32;0;0;0
97.19999999999875,20.580176381006396,0.6403884435437122,nan,adiabatic_expansion,6297,2.220446049250313e-15,32;0;0;0
97.29999999999875,20.57994314520314,0.6503137086354619,nan,adiabatic_expansion,6304,9.43689570931383e-16,32;0;0;0
97.39999999999874,20.579706524479445,0.6501815162942032,nan,adiabatic_expansion,6308,2.220446049250313e-15,32;0;0;0
97.49999999999874,20.579403605415326,0.6473520480628133,nan,adiabatic_expansion,6314,2.609024107869118e-15,32;0;0;0
97.59999999999873,20.579075255210608,0.6486672503486678,nan,adiabatic_expansion,6320,2.7755575615628914e-16,32;0;0;0
97.69999999999872,20.578704909259564,0.6463641385263909,nan,adiabatic_expansion,6329,-4.440892098500626e-16,32;0;0;0
97.79999999999872,20.578331594895246,0.6494263288262637,nan,adiabatic_expansion,6336,1.3877787807814457e-15,32;0;0;0
97.89999999999871,20.577922969018626,0.6456639292653187,nan,adiabatic_expansion,6341,6.161737786669619e-15,32;0;0;0
97.9999999999987,20.577495826764963,0.6228782226717806,nan,adiabatic_expansion,6351,-2.7755575615628914e-15,32;0;0;0
98.0999999999987,20.577068799700257,0.6228782226717806,nan,adiabatic_expansion,6354,2.220446049250313e-15,32;0;0;0
98.1999999999987,20.576585692861766,0.6141400030554167,nan,adiabatic_expansion,6363,3.885780586188048e-16,32;0;0;0
98.29999999999869,20.576087837842735,0.6108358519097139,nan,adiabatic_expansion,6366,1.6653345369377348e-16,32;0;0;0
98.39999999999868,20.575590141074663,0.6146590477518533,nan,adiabatic_expansion,6370,2.55351295663786e-15,32;0;0;0
98.49999999999868,20.57509261984061,0.6428637973049258,nan,adiabatic_expansion,6379,3.0531133177191805e-15,32;0;0;0
98.59999999999867,20.574595286413874,0.6428912193786477,nan,adiabatic_expansion,6386,2.7200464103316335e-15,32;0;0;0
98.69999999999867,20.574098148340195,0.6325411892131195,nan,adiabatic_expansion,6394,2.831068712794149e-15,32;0;0;0
98.79999999999866,20.573601209211184,0.632658757524927,nan,adiabatic_expansion,6399,8.326672684688674e-16,32;0;0;0
98.89999999999866,20.24577039588487,0.626563368607209,nan,cold,6407,3.2751579226442118e-15,32;0;0;0
98.99999999999865,22.304365920834027,0.6985657770627188,nan,cold,6413,-3.3306690738754696e-16,32;0;0;0
99.09999999999864,22.24023145589771,0.6916794119804246,nan,cold,6415,4.996003610813204e-16,32;0;0;0
99.19999999999864,24.96802508117313,0.7723317315405219,nan,cold,6423,2.220446049250313e-16,32;0;0;0
99.29999999999863,24.625957888157995,0.7693672842540011,nan,cold,6429,5.495603971894525e-15,32;0;0;0
99.39999999999863,26.27613446913367,0.8296067914716405,nan,cold,6436,9.769962616701378e-15,32;0;0;0
99.49999999999862,25.507876538322883,0.8026735851200197,nan,cold,6443,4.884981308350689e-15,32;0;0;0
99.59999999999862,25.088360252564243,0.7897662071938758,nan,cold,6452,7.327471962526033e-15,32;0;0;0
99.69999999999861,28.104653401030316,0.8943097170767812,nan,cold,6461,3.0531133177191805e-15,32;0;0;0
99.7999999999986,26.3584017111526,0.8312528821143781,nan,cold,6469,3.9968028886505635e-15,32;0;0;0
99.8999999999986,25.229150416683783,0.7663176283749844,nan,cold,6473,-5.551115123125783e-17,32;0;0;0
99.9999999999986,25.289772771076972,0.7281164473315005,nan,cold,6479,7.216449660063518e-16,32;0;0;0
100.09999999999859,26.05187860110169,0.804952142677861,nan,cold,6486,5.551115123125783e-16,32;0;0;0
100.19999999999858,19.994018785672132,0.6342436693646579,nan,cold,6498,6.328271240363392e-15,32;0;0;0
100.29999999999858,20.381615656567444,0.6447200796288752,nan,cold,6502,-1.887379141862766e-15,32;0;0;0
100.39999999999857,22.70623309551289,0.7129366783925785,nan,cold,6509,2.7755575615628914e-16,32;0;0;0
100.49999999999856,22.706114629599043,0.7129366783925785,nan,cold,6512,-8.326672684688674e-16,32;0;0;0
100.59999999999856,20.48344359439348,0.6322491135394058,nan,cold,6518,1.1102230246251565e-15,32;0;0;0
100.69999999999855,20.461277382868914,0.6507075454097518,nan,cold,6523,-3.885780586188048e-16,32;0;0;0
100.79999999999855,23.137709655927534,0.7423205492632561,nan,cold,6536,-2.831068712794149e-15,32;0;0;0
100.89999999999854,25.007380771579307,0.7890084110953537,nan,cold,6543,3.885780586188048e-16,32;0;0;0
100.99999999999854,25.026971837492162,0.79644713519701,nan,cold,6550,5.995204332975845e-15,32;0;0;0
101.09999999999853,24.509577079258197,0.7854847901289496,nan,cold,6555,4.551914400963142e-15,32;0;0;0
101.19999999999852,23.10101251890078,0.7259586328812242,nan,cold,6561,5.88418203051333e-15,32;0;0;0
101.29999999999852,22.857032364074726,0.7282980591487693,nan,cold,6568,7.271960811294775e-15,32;0;0;0
101.39999999999851,22.45737372350107,0.7111571965185001,nan,cold,6574,4.9404924595819466e-15,32;0;0;0
101.49999999999851,21.802655199948305,0.6971458646236898,nan,cold,6584,2.55351295663786e-15,32;0;0;0
101.5999999999985,24.56707022038484,0.780280529654636,nan,cold,6589,7.216449660063518e-15,32;0;0;0
101.6999999999985,25.65354244668782,0.7788223906812706,nan,cold,6595,4.773959005888173e-15,32;0;0;0
101.79999999999849,26.03258933629903,0.7760787061672784,nan,cold,6602,6.328271240363392e-15,32;0;0;0
101.89999999999849,23.55953205343925,0.6967464286845995,nan,cold,6609,8.326672684688674e-15,32;0;0;0
101.99999999999848,25.80903869451911,0.7276204744828827,nan,cold,6618,1.0158540675320182e-14,32;0;0;0
102.09999999999847,25.947430274764034,0.7697737715869184,nan,cold,6625,1.1213252548714081e-14,32;0;0;0
102.19999999999847,26.001985788098008,0.7875371403814897,nan,cold,6631,1.815214645262131e-14,32;0;0;0
102.29999999999846,25.92964989081625,0.7804136885402577,nan,cold,6637,1.9984014443252818e-14,32;0;0;0
102.39999999999846,25.55573415263706,0.7810998710738764,nan,cold,6643,2.503552920529728e-14,32;0;0;0
102.49999999999845,25.555252687710873,0.7810998710738764,nan,cold,6646,2.914335439641036e-14,32;0;0;0
102.59999999999845,25.174447677694054,0.7634395793845445,nan,cold,6651,2.4369395390522186e-14,32;0;0;0
102.69999999999844,24.663032497985323,0.7584089093817847,nan,cold,6658,2.6756374893466273e-14,32;0;0;0
102.79999999999843,25.517580060231925,0.7366167787317566,nan,cold,6665,2.3647750424515834e-14,32;0;0;0
102.89999999999843,25.647693283994823,0.741091281496429,nan,adiabatic_expansion,6671,1.8818280267396403e-14,32;0;0;0
102.99999999999842,25.647205465542246,0.8029279530087992,nan,adiabatic_expansion,6682,2.1593837828959295e-14,32;0;0;0
103.09999999999842,25.64671792727343,0.7977001704239226,nan,adiabatic_expansion,6692,2.7755575615628914e-14,32;0;0;0
103.19999999999841,25.646230594075693,0.7325392511454173,nan,adiabatic_expansion,6697,2.9476421303797906e-14,32;0;0;0
103.2999999999984,25.64574957046021,0.7374835860101171,nan,adiabatic_expansion,6699,2.525757381022231e-14,32;0;0;0
103.3999999999984,25.64527230063829,0.7202826579260951,nan,adiabatic_expansion,6705,2.6978419498391304e-14,32;0;0;0
103.4999999999984,25.644798779820213,0.7969467084027425,nan,adiabatic_expansion,6713,2.3425705819590803e-14,32;0;0;0
103.59999999999839,25.644369832604355,0.8140991709071905,nan,adiabatic_expansion,6718,2.6367796834847468e-14,32;0;0;0
103.69999999999838,25.644005309811515,0.7996118540763643,nan,adiabatic_expansion,6725,2.758904216193514e-14,32;0;0;0
103.79999999999838,25.643641044046635,0.7697281795955033,nan,adiabatic_expansion,6729,2.609024107869118e-14,32;0;0;0
103.89999999999837,25.64327704748553,0.7663662858503597,nan,adiabatic_expansion,6734,2.5479618415147343e-14,32;0;0;0
103.99999999999837,25.642913332943312,0.7798934060161381,nan,adiabatic_expansion,6743,2.653433028854124e-14,32;0;0;0
104.09999999999836,25.642549913646267,0.7960870824661966,nan,adiabatic_expansion,6749,2.55351295663786e-14,32;0;0;0
104.19999999999835,25.642310430839693,0.823507904748885,nan,adiabatic_expansion,6756,2.681188604469753e-14,32;0;0;0
104.29999999999835,25.64218641138429,0.8152404594451327,nan,adiabatic_expansion,6760,2.481348460037225e-14,32;0;0;0
104.39999999999834,25.642142316078708,0.7631397812566485,nan,adiabatic_expansion,6764,2.786659791809143e-14,32;0;0;0
104.49999999999834,25.64209133425921,0.7583929047289504,nan,adiabatic_expansion,6770,2.8255175976710234e-14,32;0;0;0
104.59999999999833,25.642031461252266,0.7699944310940737,nan,adiabatic_expansion,6774,2.8699265186560297e-14,32;0;0;0
104.69999999999833,25.641971784412423,0.7961237722544681,nan,adiabatic_expansion,6780,2.7144952952085077e-14,32;0;0;0
104.79999999999832,25.641912303842258,0.8090521260947265,nan,adiabatic_expansion,6786,3.0808688933348094e-14,32;0;0;0
104.89999999999831,25.641853019642877,0.8081173434359452,nan,adiabatic_expansion,6792,3.186340080674199e-14,32;0;0;0
104.99999999999831,25.641793931913927,0.8033551898821237,nan,adiabatic_expansion,6797,3.597122599785507e-14,32;0;0;0
105.0999999999983,25.64173504075355,0.8054403297142415,nan,adiabatic_expansion,6804,3.5915714846623814e-14,32;0;0;0
105.1999999999983,25.641676346258386,0.8096615751553057,nan,adiabatic_expansion,6811,3.4638958368304884e-14,32;0;0;0
105.29999999999829,25.641617848523563,0.8049113212547622,nan,adiabatic_expansion,6821,3.8691272408186705e-14,32;0;0;0
105.39999999999829,25.64155110395329,0.7805731524174824,nan,adiabatic_expansion,6826,4.118927421359331e-14,32;0;0;0
105.49999999999828,25.64132779788796,0.7512107828553295,nan,adiabatic_expansion,6833,3.858025010572419e-14,32;0;0;0
105.59999999999827,25.641086547738947,0.7828978263277546,nan,adiabatic_expansion,6835,3.6692870963861424e-14,32;0;0;0
105.69999999999827,25.640839501224146,0.7667758234012033,nan,adiabatic_expansion,6846,4.2521541843143495e-14,32;0;0;0
105.79999999999826,25.64051118441025,0.7834516068653522,nan,adiabatic_expansion,6855,4.463096558993129e-14,32;0;0;0
105.89999999999826,25.640183016421943,0.7886391551705161,nan,adiabatic_expansion,6860,4.2299497238218464e-14,32;0;0;0
105.99999999999825,25.639837057013153,0.7551786384636967,nan,adiabatic_expansion,6865,4.246603069191224e-14,32;0;0;0
106.09999999999825,25.6394378434664,0.7713570007801943,nan,adiabatic_expansion,6868,4.0745185003743245e-14,32;0;0;0
106.19999999999824,25.639038792798015,0.8058094665851969,nan,adiabatic_expansion,6879,4.235500838944972e-14,32;0;0;0
106.29999999999824,25.638639916081633,0.8023451547078222,nan,adiabatic_expansion,6884,4.213296378452469e-14,32;0;0;0
106.39999999999823,25.63824122234684,0.7696844378580728,nan,adiabatic_expansion,6891,4.4797499043625066e-14,32;0;0;0
106.49999999999822,25.63784271853517,0.7978659017846668,nan,adiabatic_expansion,6897,4.7906123512575505e-14,32;0;0;0
106.59999999999822,25.637444409560363,0.7875240430101565,nan,adiabatic_expansion,6904,4.496403249731884e-14,32;0;0;0
106.69999999999821,25.637046298490365,0.7979519295079407,nan,adiabatic_expansion,6911,4.7128967395337895e-14,32;0;0;0
106.7999999999982,25.63664838686827,0.8088121843576925,nan,adiabatic_expansion,6916,4.374278717023117e-14,32;0;0;0
106.8999999999982,25.169763614767497,0.7936809019842788,nan,cold,6923,4.579669976578771e-14,32;0;0;0
106.9999999999982,26.075907316019837,0.8239174936660977,nan,cold,6932,5.2513549064769904e-14,32;0;0;0
107.09999999999819,21.53025265173007,0.6744877963020569,nan,cold,6942,6.23945339839338e-14,32;0;0;0
107.19999999999818,24.442626414198568,0.7684818339012074,nan,cold,6950,6.261657858885883e-14,32;0;0;0
107.29999999999818,23.230232166888715,0.7321584164982342,nan,cold,6960,5.445643935786393e-14,32;0;0;0
107.39999999999817,22.885311560454436,0.7261699182686052,nan,cold,6967,5.2791104820926193e-14,32;0;0;0
107.49999999999817,24.656949580273434,0.7811635738285005,nan,cold,6971,5.35682609381638e-14,32;0;0;0
107.59999999999816,24.789662095467435,0.7874666275258031,nan,cold,6975,5.190292640122607e-14,32;0;0;0
107.69999999999816,25.76784316391654,0.8152464181337215,nan,cold,6981,4.9460435747050724e-14,32;0;0;0
107.79999999999815,27.4111976154641,0.8496770507328928,nan,cold,6990,5.0459636469213365e-14,32;0;0;0
107.89999999999814,25.358257126920204,0.7988934000005485,nan,cold,6996,4.718447854656915e-14,32;0;0;0
107.99999999999814,27.674654182180667,0.8589851172400472,nan,cold,7002,5.5067062021407764e-14,32;0;0;0
108.09999999999813,25.094891860054357,0.7920257647077128,nan,cold,7006,5.1958437552457326e-14,32;0;0;0
108.19999999999813,23.99573290625859,0.71925634625562,nan,cold,7014,4.9960036108132044e-14,32;0;0;0
108.29999999999812,23.70168252957983,0.7148449438139148,nan,cold,7020,4.907185768843192e-14,32;0;0;0
108.39999999999812,23.442819382111622,0.7242448302590795,nan,cold,7025,4.884981308350689e-14,32;0;0;0
108.49999999999811,21.05535435012492,0.670709883384777,nan,cold,7034,5.034861416675085e-14,32;0;0;0
108.5999999999981,21.42252286283151,0.6822176880613986,nan,cold,7040,5.773159728050814e-14,32;0;0;0
108.6999999999981,21.50240624324056,0.6826714936679017,nan,cold,7043,5.206945985491984e-14,32;0;0;0
108.7999999999981,21.54237513263727,0.6782404636325808,nan,cold,7050,5.667688540711424e-14,32;0;0;0
108.89999999999809,22.110952375455735,0.6995800562438345,nan,cold,7053,5.3790305543088834e-14,32;0;0;0
108.99999999999808,22.25700346921653,0.701959136178825,nan,cold,7059,5.3790305543088834e-14,32;0;0;0
109.09999999999808,23.488385627836642,0.734787621733545,nan,cold,7064,5.440092820663267e-14,32;0;0;0
109.19999999999807,22.84132792251433,0.7127279263864664,nan,cold,7068,5.2513549064769904e-14,32;0;0;0
109.29999999999806,20.470446063815988,0.6467810909821599,nan,cold,7073,5.762057497804562e-14,32;0;0;0
109.39999999999806,20.306665108286328,0.6323344121839064,nan,cold,7080,5.845324224651449e-14,32;0;0;0
109.49999999999805,20.306303988952745,0.6323344121839065,nan,cold,7082,6.145084441300241e-14,32;0;0;0
109.59999999999805,22.97268041645382,0.7040605072158456,nan,cold,7088,6.70019595361282e-14,32;0;0;0
109.69999999999804,21.29511611058897,0.6679893576868167,nan,cold,7093,6.689093723366568e-14,32;0;0;0
109.79999999999804,19.16799132919573,0.5973674023870073,nan,cold,7103,6.761258219967203e-14,32;0;0;0
109.89999999999803,19.337208311004016,0.6078021268070867,nan,adiabatic_expansion,7109,6.566969190657801e-14,32;0;0;0
109.99999999999802,19.33684802306671,0.6071261206338986,nan,adiabatic_expansion,7114,6.689093723366568e-14,32;0;0;0
110.09999999999802,19.33648793535038,0.5836717538673262,nan,adiabatic_expansion,7119,6.42264019745653e-14,32;0;0;0
110.19999999999801,19.336128048620115,0.5878126354737513,nan,adiabatic_expansion,7127,6.605826996519681e-14,32;0;0;0
110.29999999999801,19.33576836452312,0.5776148165020335,nan,adiabatic_expansion,7131,6.611378111642807e-14,32;0;0;0
110.399999999998,19.335408885817113,0.5515375975269255,nan,adiabatic_expansion,7135,6.455946888195285e-14,32;0;0;0
110.499999999998,19.335049616514823,0.5132497067198832,nan,adiabatic_expansion,7138,6.472600233564663e-14,32;0;0;0
110.59999999999799,19.334690561954513,0.6014907305838649,nan,adiabatic_expansion,7144,6.70019595361282e-14,32;0;0;0
110.69999999999798,19.334339115334192,0.6134725395950044,nan,adiabatic_expansion,7148,6.833422716567839e-14,32;0;0;0
110.79999999999798,19.334044255449655,0.601636739984186,nan,adiabatic_expansion,7154,6.59472476627343e-14,32;0;0;0
110.89999999999797,19.33375505589995,0.6125352734659744,nan,adiabatic_expansion,7158,6.328271240363392e-14,32;0;0;0
110.99999999999797,19.33346608531696,0.6160462554491611,nan,adiabatic_expansion,7161,6.517009154549669e-14,32;0;0;0
111.09999999999796,19.333177349284966,0.616566852670733,nan,adiabatic_expansion,7167,6.394884621840902e-14,32;0;0;0
111.19999999999796,19.33289420462123,0.5890518199463949,nan,adiabatic_expansion,7173,6.861178292183467e-14,32;0;0;0
111.29999999999795,19.332649358631922,0.5890518199463949,nan,adiabatic_expansion,7179,6.850076061937216e-14,32;0;0;0
111.39999999999795,19.33240475002924,0.5851463441298712,nan,adiabatic_expansion,7183,6.877831637552845e-14,32;0;0;0
111.49999999999794,19.33216038276178,0.5503473122763959,nan,adiabatic_expansion,7185,6.639133687258436e-14,32;0;0;0
111.59999999999793,19.33191626081297,0.5664826650398007,nan,adiabatic_expansion,7195,6.811218256075335e-14,32;0;0;0
111.69999999999793,19.331707645475632,0.608818653476779,nan,adiabatic_expansion,7202,6.772360450213455e-14,32;0;0;0
111.79999999999792,19.33150564185302,0.5957462684037189,nan,adiabatic_expansion,7209,6.45039577307216e-14,32;0;0;0
111.89999999999792,19.33140816692741,0.6183211296727286,nan,adiabatic_expansion,7214,6.922240558537851e-14,32;0;0;0
111.99999999999791,19.33133200439076,0.6225194635304417,nan,adiabatic_expansion,7219,6.533662499919046e-14,32;0;0;0
112.0999999999979,19.33131697268071,0.6115771515391897,nan,adiabatic_expansion,7225,6.511458039426543e-14,32;0;0;0
112.1999999999979,19.331302172900948,0.5526220662382488,nan,adiabatic_expansion,7233,6.583622536027178e-14,32;0;0;0
112.2999999999979,19.331287572542983,0.5390042022704333,nan,adiabatic_expansion,7236,6.672440377997191e-14,32;0;0;0
112.39999999999789,19.331269005167446,0.568396857222102,nan,adiabatic_expansion,7247,6.533662499919046e-14,32;0;0;0
112.49999999999788,19.331246858358746,0.5892097250843403,nan,adiabatic_expansion,7251,7.177591854201637e-14,32;0;0;0
112.59999999999788,19.33122491026771,0.6124491783946279,nan,adiabatic_expansion,7255,6.966649479522857e-14,32;0;0;0
112.69999999999787,19.331203160914875,0.6165145420882215,nan,adiabatic_expansion,7257,6.789013795582832e-14,32;0;0;0
112.79999999999787,19.331181610320428,0.6165145420882215,nan,adiabatic_expansion,7259,6.944445019030354e-14,32;0;0;0
112.89999999999786,19.33116025850422,0.6191871893751139,nan,adiabatic_expansion,7267,7.088774012231625e-14,32;0;0;0
112.99999999999785,19.331062538507872,0.6100517320625118,nan,adiabatic_expansion,7275,6.9111383282916e-14,32;0;0;0
113.09999999999785,19.330895881826837,0.5930003849042309,nan,adiabatic_expansion,7282,6.772360450213455e-14,32;0;0;0
113.19999999999784,19.330696603465697,0.6181620381353505,nan,adiabatic_expansion,7287,6.983302824892235e-14,32;0;0;0
113.29999999999784,19.330497490688757,0.6181620381353505,nan,adiabatic_expansion,7288,6.733502644351574e-14,32;0;0;0
113.39999999999783,19.330292358362122,0.6023344669726485,nan,adiabatic_expansion,7297,6.777911565336581e-14,32;0;0;0
113.49999999999783,19.329995409806557,0.6037613401386976,nan,adiabatic_expansion,7301,6.789013795582832e-14,32;0;0;0
113.59999999999782,19.329698603280747,0.6025400455176121,nan,adiabatic_expansion,7307,6.938893903907228e-14,32;0;0;0
113.69999999999781,19.329401946091313,0.6070054628186841,nan,adiabatic_expansion,7312,6.722400414105323e-14,32;0;0;0
113.79999999999781,19.329105445256566,0.6151249165625781,nan,adiabatic_expansion,7317,6.977751709769109e-14,32;0;0;0
113.8999999999978,19.328809107429826,0.6097976462069918,nan,adiabatic_expansion,7320,6.777911565336581e-14,32;0;0;0
113.9999999999978,19.328510974086967,0.600346723211633,nan,adiabatic_expansion,7326,6.833422716567839e-14,32;0;0;0
114.09999999999779,19.328192910015332,0.593255588436502,nan,adiabatic_expansion,7330,7.19979631469414e-14,32;0;0;0
114.19999999999779,19.327875023438242,0.5524876406544951,nan,adiabatic_expansion,7335,7.277511926417901e-14,32;0;0;0
114.29999999999778,19.327557319937934,0.5644288866928008,nan,adiabatic_expansion,7339,7.216449660063518e-14,32;0;0;0
114.39999999999777,19.32723980426602,0.6074053226359453,nan,adiabatic_expansion,7346,6.789013795582832e-14,32;0;0;0
114.49999999999777,19.326921775360525,0.6138921465812863,nan,adiabatic_expansion,7350,7.099876242477876e-14,32;0;0;0
114.59999999999776,19.326603163416287,0.5985807596802022,nan,adiabatic_expansion,7360,7.316369732279782e-14,32;0;0;0
114.69999999999776,19.32628474851175,0.5883726418788846,nan,adiabatic_expansion,7363,7.177591854201637e-14,32;0;0;0
114.79999999999775,19.325966532187266,0.5743958644675837,nan,adiabatic_expansion,7368,7.166489623955385e-14,32;0;0;0
114.89999999999775,19.325648515342905,0.6038455252877185,nan,adiabatic_expansion,7381,7.321920847402907e-14,32;0;0;0
114.99999999999774,19.325330698385944,0.5409158023880033,nan,adiabatic_expansion,7385,7.333023077649159e-14,32;0;0;0
115.09999999999773,19.325013081423844,0.5617510742792312,nan,cold,7390,7.149836278586008e-14,32;0;0;0
115.19999999999773,20.55726820198895,0.6211069101012393,nan,cold,7395,7.388534228880417e-14,32;0;0;0
115.29999999999772,19.0347234554474,0.6029843954634909,nan,cold,7403,7.166489623955385e-14,32;0;0;0
115.39999999999772,19.683784030863574,0.623889927526905,nan,cold,7406,7.543965452327939e-14,32;0;0;0
115.49999999999771,23.834170227551073,0.7369319511941452,nan,cold,7411,7.316369732279782e-14,32;0;0;0
115.5999999999977,24.314778263028575,0.7142548760401964,nan,cold,7418,6.977751709769109e-14,32;0;0;0
115.6999999999977,24.259642481666496,0.7226826962591729,nan,cold,7421,6.378231276471524e-14,32;0;0;0
115.7999999999977,24.716681048389695,0.6930945187271288,nan,cold,7427,6.694644838489694e-14,32;0;0;0
115.89999999999769,20.44203254407122,0.628293412185919,nan,cold,7438,5.828670879282072e-14,32;0;0;0
115.99999999999768,20.12655109407908,0.626488489373549,nan,cold,7444,6.017408793468348e-14,32;0;0;0
116.09999999999768,19.694481006348415,0.6027017049545493,nan,cold,7450,6.100675520315235e-14,32;0;0;0
116.19999999999767,20.20084209086267,0.6367043264256645,nan,cold,7460,6.539213615042172e-14,32;0;0;0
116.29999999999767,21.348531635005997,0.6846609819986449,nan,cold,7468,6.011857678345223e-14,32;0;0;0
116.39999999999766,20.90157742486699,0.6688422309528543,nan,cold,7476,6.217248937900877e-14,32;0;0;0
116.49999999999766,20.207361905903298,0.639894412581076,nan,cold,7480,6.583622536027178e-14,32;0;0;0
116.59999999999765,20.816012233734583,0.6703220141420899,nan,cold,7487,6.106226635438361e-14,32;0;0;0
116.69999999999764,21.62265026287832,0.693353276807301,nan,cold,7491,6.500355809180292e-14,32;0;0;0
116.79999999999764,20.726679492840713,0.6608834113025698,nan,cold,7498,6.372680161348399e-14,32;0;0;0
116.89999999999763,20.122298404080716,0.6478789837103791,nan,cold,7503,7.05546732149287e-14,32;0;0;0
116.99999999999763,19.426194852927143,0.6210340631997616,nan,cold,7507,6.794564910705958e-14,32;0;0;0
117.09999999999762,23.096811583650876,0.72970374162233,nan,cold,7514,6.628031457012185e-14,32;0;0;0
117.19999999999762,23.096802704355255,0.72970374162233,nan,cold,7515,6.98885394001536e-14,32;0;0;0
117.29999999999761,22.48358620395489,0.7099670713286649,nan,cold,7517,7.283063041541027e-14,32;0;0;0
117.3999999999976,24.076332099900963,0.7493238517562715,nan,cold,7524,7.133182933216631e-14,32;0;0;0
117.4999999999976,22.62484398081905,0.7170714518168277,nan,cold,7533,6.70019595361282e-14,32;0;0;0
117.59999999999759,24.670079635665534,0.7809114841718631,nan,cold,7538,7.116529587847253e-14,32;0;0;0
117.69999999999759,23.616154890802704,0.751507653223147,nan,cold,7548,6.59472476627343e-14,32;0;0;0
117.79999999999758,21.584703038714117,0.6920679172544923,nan,cold,7552,6.55586696041155e-14,32;0;0;0
117.89999999999758,21.423790602390493,0.66812333558237,nan,cold,7560,6.733502644351574e-14,32;0;0;0
117.99999999999757,22.099445710050087,0.6993796105829435,nan,cold,7569,6.900036098045348e-14,32;0;0;0
118.09999999999756,20.86620747699602,0.6525678227024712,nan,cold,7573,6.850076061937216e-14,32;0;0;0
118.19999999999756,17.98152295837209,0.5473506121584684,nan,cold,7582,6.672440377997191e-14,32;0;0;0
118.29999999999755,18.36764534655876,0.5795227179152751,nan,cold,7593,6.566969190657801e-14,32;0;0;0
118.39999999999755,18.204507126696196,0.5762299946742965,nan,cold,7599,6.42264019745653e-14,32;0;0;0
118.49999999999754,16.984251014526592,0.5174531695878497,nan,cold,7606,6.48925357893404e-14,32;0;0;0
118.59999999999754,16.83942018402769,0.5086780621999208,nan,cold,7610,6.106226635438361e-14,32;0;0;0
118.69999999999753,17.274171893688248,0.5091334330436482,nan,cold,7613,5.828670879282072e-14,32;0;0;0
118.79999999999752,17.387516079997507,0.5353451992028984,nan,cold,7623,5.906386491005833e-14,32;0;0;0
118.89999999999752,16.85637841956034,0.5278562677816043,nan,cold,7627,5.773159728050814e-14,32;0;0;0
118.99999999999751,15.828645686284206,0.4884263995923018,nan,cold,7630,5.345723863570129e-14,32;0;0;0
119.09999999999751,15.844336215982917,0.4857869475725958,nan,cold,7633,5.956346527113965e-14,32;0;0;0
119.1999999999975,15.597390407902546,0.4712454169264322,nan,cold,7634,5.96189764223709e-14,32;0;0;0
119.2999999999975,15.597123351725449,0.4712843235425983,nan,adiabatic_expansion,7642,5.812017533912694e-14,32;0;0;0
119.39999999999749,15.596856667812506,0.4712843235425983,nan,adiabatic_expansion,7646,5.861977570020827e-14,32;0;0;0
119.49999999999748,15.596590318666626,0.4827388355221459,nan,adiabatic_expansion,7651,5.950795411990839e-14,32;0;0;0
119.59999999999748,15.596324918613485,0.47997595621223715,nan,adiabatic_expansion,7658,5.945244296867713e-14,32;0;0;0
119.69999999999747,15.596059719595198,0.4641374661572379,nan,adiabatic_expansion,7663,5.911937606128959e-14,32;0;0;0
119.79999999999747,15.595794722488039,0.4558165487849327,nan,adiabatic_expansion,7667,6.256106743762757e-14,32;0;0;0
119.89999999999746,15.595529928514496,0.4477651156175331,nan,adiabatic_expansion,7672,6.000755448098971e-14,32;0;0;0
119.99999999999746,15.595271403155513,0.45030497988777074,nan,adiabatic_expansion,7676,6.084022174945858e-14,32;0;0;0
120.0,15.595271403155508,0.45030497988777074,nan,adiabatic_expansion,7676,6.195044477408373e-14,32;0;0;0
