time,energy,temperature_trans,temperature_rot,branch,events,energy_residual,occupancy
0.1,31.675134613079432,1.0133169470671655,nan,hot,11,-9.99634403031635e-16,32;0;0;0
0.2,34.14766712774066,1.0471400514987983,nan,hot,30,1.125076594388208e-15,32;0;0;0
0.30000000000000004,37.90616147142131,1.1700962948805327,nan,hot,47,9.425836847154478e-15,32;0;0;0
0.4,40.24680261743801,1.2375241387907059,nan,hot,62,4.33138767907959e-15,32;0;0;0
0.5,40.24649489585591,1.23330104170479,nan,hot,73,2.992181155625495e-15,32;0;0;0
0.6,40.24616024995118,1.2675860316077587,nan,hot,83,-4.2502893565776745e-15,32;0;0;0
0.7,40.245768133574465,1.2458945410981213,nan,hot,103,-9.113369781044156e-15,32;0;0;0
0.7999999999999999,39.347743371922824,1.2325385072002293,nan,hot,115,3.554882083145472e-15,32;0;0;0
0.8999999999999999,38.41625961900981,1.2018881114693971,nan,hot,131,-7.030400567265005e-15,32;0;0;0
0.9999999999999999,36.662879807695305,1.1293670230667838,nan,hot,149,-4.090044275484317e-15,32;0;0;0
1.0999999999999999,34.822486299991056,1.0888033216866555,nan,hot,167,-2.1905220692897132e-14,32;0;0;0
1.2,34.101761384855706,1.0285282127591582,nan,hot,182,-1.7343765312816117e-14,32;0;0;0
1.3,36.401553688599044,1.1072551616688815,nan,hot,197,-1.882088235261037e-14,32;0;0;0
1.4000000000000001,36.93435546103601,1.1133870047801802,nan,hot,216,-1.2639195245967016e-14,32;0;0;0
1.5000000000000002,36.997423827398336,1.119673071687954,nan,hot,229,-1.849909114781667e-14,32;0;0;0
1.6000000000000003,36.99652794452102,1.1197193621394286,nan,hot,243,-1.9572884979446314e-14,32;0;0;0
1.7000000000000004,35.9596828017946,1.0127962628122473,nan,hot,260,-3.794013714308875e-14,32;0;0;0
1.8000000000000005,35.092194877264845,0.9646394533787553,nan,hot,270,-3.645694857112858e-14,32;0;0;0
1.9000000000000006,36.08779970254728,0.9468272131392008,nan,hot,276,-3.5416114485542494e-14,32;0;0;0
2.0000000000000004,38.64314675651344,0.9367972372158888,nan,hot,287,-3.3013522471314616e-14,32;0;0;0
2.1000000000000005,39.267916604545064,0.880182715717867,nan,hot,297,-3.182176744331855e-14,32;0;0;0
2.2000000000000006,40.69603675538961,0.82807131014984,nan,hot,307,-2.972969093129052e-14,32;0;0;0
2.3000000000000007,46.707332557932205,0.8792455907231841,nan,hot,317,-4.275399478892439e-14,32;0;0;0
2.400000000000001,46.70550903965503,0.8947813868789788,nan,hot,328,-2.1812412986932372e-14,32;0;0;0
2.500000000000001,46.703601996336715,0.8940946418299334,nan,hot,333,-2.954927968978893e-14,32;0;0;0
2.600000000000001,46.70168342931509,0.8934783610561888,nan,hot,347,-3.231442891049596e-14,32;0;0;0
2.700000000000001,46.69975416473043,0.892964549192925,nan,hot,354,-2.7856189577235568e-14,32;0;0;0
2.800000000000001,46.36145437361796,0.7713429008554173,nan,hot,361,-2.988234659717648e-14,32;0;0;0
2.9000000000000012,46.359293594930804,0.8988683187214047,nan,hot,371,-1.8360313269738526e-14,32;0;0;0
3.0000000000000013,46.35706622469633,1.003488181555861,nan,adiabatic_expansion,378,-1.124100812432971e-14,32;0;0;0
3.1000000000000014,46.35482922098518,1.0458983475854053,nan,adiabatic_expansion,381,-1.1601830607332886e-14,32;0;0;0
3.2000000000000015,46.352569799667975,1.0587990406114087,nan,adiabatic_expansion,393,6.38378239159465e-16,32;0;0;0
3.3000000000000016,46.35029069199593,1.0496391616460345,nan,adiabatic_expansion,399,2.7082502906949912e-14,32;0;0;0
3.4000000000000017,46.34800309279923,1.0501644172519697,nan,adiabatic_expansion,411,4.864164626638967e-15,32;0;0;0
3.5000000000000018,46.34572392511709,1.0464527139847564,nan,adiabatic_expansion,418,8.666678485980128e-15,32;0;0;0
3.600000000000002,46.34338807856186,0.9989075345850009,nan,adiabatic_expansion,427,2.1170565300820954e-14,32;0;0;0
3.700000000000002,46.34098690012567,0.9989075345850009,nan,adiabatic_expansion,430,2.0712598303163077e-14,32;0;0;0
3.800000000000002,46.338584157174964,1.006270782805872,nan,adiabatic_expansion,437,1.2247147740396258e-14,32;0;0;0
3.900000000000002,46.33606207450203,0.8984605473325605,nan,adiabatic_expansion,442,3.154421168716226e-14,32;0;0;0
4.000000000000002,46.33332714641999,0.804585792028273,nan,adiabatic_expansion,452,3.270300696911477e-14,32;0;0;0
4.100000000000001,46.33050051038221,0.8076861308852656,nan,adiabatic_expansion,457,5.03971864240782e-14,32;0;0;0
4.200000000000001,46.32766701357096,0.7684034201023464,nan,adiabatic_expansion,462,3.142625049079584e-14,32;0;0;0
4.300000000000001,46.03496150108871,0.7700350526509686,nan,cold,469,4.4825254619240695e-14,32;0;0;0
4.4,45.33749398435904,0.7145568092189941,nan,cold,473,6.245004513516506e-14,32;0;0;0
4.5,42.32808481786021,0.7996505466809343,nan,cold,479,6.042388811522414e-14,32;0;0;0
4.6,37.01153542766843,0.9896798461135627,nan,cold,494,5.664912983149861e-14,32;0;0;0
4.699999999999999,36.43053333249706,1.0029844896402242,nan,cold,507,4.322930902134203e-14,32;0;0;0
4.799999999999999,36.78872389823218,1.1172092443472619,nan,cold,514,4.925226892993351e-14,32;0;0;0
4.899999999999999,36.78819335189693,1.1172092443472619,nan,cold,516,4.997391389593986e-14,32;0;0;0
4.999999999999998,35.19596512342513,1.0674574793927372,nan,cold,523,5.689893001203927e-14,32;0;0;0
5.099999999999998,36.919695777346526,1.1374546462295279,nan,cold,529,5.3887450057743536e-14,32;0;0;0
5.1999999999999975,36.6507814647183,1.1287913485617183,nan,cold,537,5.5039306445792135e-14,32;0;0;0
5.299999999999997,36.01861151209493,1.111669400437924,nan,cold,543,5.839773109528323e-14,32;0;0;0
5.399999999999997,35.58418129441389,1.1108318281326164,nan,cold,561,5.867528685143952e-14,32;0;0;0
5.4999999999999964,35.70753289475245,1.1206883932498957,nan,cold,571,6.197820034969936e-14,32;0;0;0
5.599999999999996,36.832198468079774,1.1445194642759373,nan,cold,585,7.08461067588928e-14,32;0;0;0
5.699999999999996,27.5610616603515,0.7634655167575488,nan,cold,594,5.422051696513108e-14,32;0;0;0
5.799999999999995,26.65509069906181,0.7703143471726513,nan,cold,601,5.821731985378165e-14,32;0;0;0
5.899999999999995,26.718601448630846,0.7798624702631196,nan,cold,606,6.13398221105399e-14,32;0;0;0
5.999999999999995,26.717648814963592,0.7798624702631196,nan,cold,610,6.253331186201194e-14,32;0;0;0
6.099999999999994,29.78586326270125,0.8684085566921765,nan,cold,615,5.997979890537408e-14,32;0;0;0
6.199999999999994,30.803341805050533,0.9035553081247246,nan,cold,623,5.744016373654404e-14,32;0;0;0
6.299999999999994,24.694742014343547,0.7161381992663522,nan,cold,632,5.667688540711424e-14,32;0;0;0
6.399999999999993,21.342970464715226,0.6059511656566171,nan,cold,638,6.0285110237146e-14,32;0;0;0
6.499999999999993,21.341996719614997,0.6059511656566171,nan,cold,643,6.206146707654625e-14,32;0;0;0
6.5999999999999925,21.06313497089225,0.5807001548306826,nan,cold,647,6.053491041768666e-14,32;0;0;0
6.699999999999992,22.134024759576903,0.615208001898327,nan,cold,655,6.367129046225273e-14,32;0;0;0
6.799999999999992,23.226742609266378,0.6499856775467981,nan,cold,658,6.50868248186498e-14,32;0;0;0
6.8999999999999915,26.73488862301623,0.7636836762619742,nan,cold,663,7.062406215396777e-14,32;0;0;0
6.999999999999991,26.73378280982178,0.7598332859943275,nan,adiabatic_expansion,669,7.048528427588963e-14,32;0;0;0
7.099999999999991,26.73267826917753,0.7483023991031301,nan,adiabatic_expansion,679,7.326084183745252e-14,32;0;0;0
7.19999999999999,26.73157417510316,0.7176920188616116,nan,adiabatic_expansion,685,7.235878562994458e-14,32;0;0;0
7.29999999999999,26.730470603796793,0.718804053513355,nan,adiabatic_expansion,691,6.838973831690964e-14,32;0;0;0
7.39999999999999,26.72936786432933,0.7225310820758211,nan,adiabatic_expansion,695,7.539802115985594e-14,32;0;0;0
7.499999999999989,26.728266322831846,0.690621822168098,nan,adiabatic_expansion,705,7.771561172376096e-14,32;0;0;0
7.599999999999989,26.727257725398026,0.7280265193114426,nan,adiabatic_expansion,710,7.678579994063739e-14,32;0;0;0
7.699999999999989,26.726338268797154,0.7169492416985012,nan,adiabatic_expansion,716,7.827072323607354e-14,32;0;0;0
7.799999999999988,26.725616904405086,0.7806310440008362,nan,adiabatic_expansion,720,8.318346012003985e-14,32;0;0;0
7.899999999999988,26.724945229505597,0.7855462063228816,nan,adiabatic_expansion,724,8.136546991721616e-14,32;0;0;0
7.999999999999988,26.724317678388022,0.7979851826280421,nan,adiabatic_expansion,732,8.283651542484449e-14,32;0;0;0
8.099999999999987,26.72371670700557,0.7847336302653791,nan,adiabatic_expansion,737,8.586187316694804e-14,32;0;0;0
8.199999999999987,26.723166719306832,0.8056655295634414,nan,adiabatic_expansion,746,8.330836021031018e-14,32;0;0;0
8.299999999999986,26.72294133150701,0.8488802006726631,nan,adiabatic_expansion,754,9.035827641667993e-14,32;0;0;0
8.399999999999986,26.722776499631824,0.8547488950851438,nan,adiabatic_expansion,761,9.026113190202523e-14,32;0;0;0
8.499999999999986,26.7226119006281,0.8504696149772923,nan,adiabatic_expansion,763,9.089951014118469e-14,32;0;0;0
8.599999999999985,26.722558642073796,0.8419500149855065,nan,adiabatic_expansion,776,8.4668383415476e-14,32;0;0;0
8.699999999999985,26.72239383642387,0.8361533663550086,nan,adiabatic_expansion,784,8.425204978124157e-14,32;0;0;0
8.799999999999985,26.72221754856489,0.829490792127442,nan,adiabatic_expansion,790,8.645861804268407e-14,32;0;0;0
8.899999999999984,26.721924732264974,0.8151742658471931,nan,adiabatic_expansion,803,8.364142711769773e-14,32;0;0;0
8.999999999999984,26.72134759221244,0.8151742658471931,nan,adiabatic_expansion,805,8.278100427361323e-14,32;0;0;0
9.099999999999984,26.720770128983617,0.8168615626206723,nan,adiabatic_expansion,809,9.296730052454905e-14,32;0;0;0
9.199999999999983,26.720192325142875,0.820260313220894,nan,adiabatic_expansion,817,8.7360674250192e-14,32;0;0;0
9.299999999999983,26.719614175266834,0.820260313220894,nan,adiabatic_expansion,822,8.644474025487625e-14,32;0;0;0
9.399999999999983,26.71903568584827,0.8340880930321429,nan,adiabatic_expansion,833,9.038603199229556e-14,32;0;0;0
9.499999999999982,26.718456874816464,0.8340803148130849,nan,adiabatic_expansion,838,8.899825321151411e-14,32;0;0;0
9.599999999999982,26.71781464177011,0.8098478251906578,nan,adiabatic_expansion,847,8.576472865229334e-14,32;0;0;0
9.699999999999982,26.717011551440166,0.8038574200170747,nan,adiabatic_expansion,860,8.691658504034194e-14,32;0;0;0
9.799999999999981,26.716134204936964,0.7743485422645986,nan,adiabatic_expansion,867,8.992806499463768e-14,32;0;0;0
9.89999999999998,26.715175810489512,0.7585774353019608,nan,adiabatic_expansion,876,8.244793736622569e-14,32;0;0;0
9.99999999999998,26.71413147324918,0.7357863534821503,nan,adiabatic_expansion,880,8.595901768160275e-14,32;0;0;0
10.09999999999998,26.713080106906713,0.7006989897534709,nan,adiabatic_expansion,885,8.683331831349506e-14,32;0;0;0
10.19999999999998,26.712028665854575,0.7575652311356699,nan,adiabatic_expansion,894,8.129608097817709e-14,32;0;0;0
10.29999999999998,26.710975549834185,0.760784322114141,nan,adiabatic_expansion,896,8.613942892310433e-14,32;0;0;0
10.399999999999979,26.733903198736797,0.7510498383468039,nan,cold,902,8.477940571793852e-14,32;0;0;0
10.499999999999979,26.84118473804558,0.759608109444329,nan,cold,906,8.609779555968089e-14,32;0;0;0
10.599999999999978,28.805854444143073,0.8141832679208947,nan,cold,913,8.638922910364499e-14,32;0;0;0
10.699999999999978,29.34497785158821,0.8380501427174828,nan,cold,920,9.03305208410643e-14,32;0;0;0
10.799999999999978,28.872511281260543,0.8269543112453631,nan,cold,928,9.178768856088482e-14,32;0;0;0
10.899999999999977,27.977493273489554,0.8255276011432365,nan,cold,933,9.575673587391975e-14,32;0;0;0
10.999999999999977,28.369118416986392,0.8395972216124234,nan,cold,936,9.499345754448996e-14,32;0;0;0
11.099999999999977,27.905041654634093,0.8252796688442945,nan,cold,941,9.327261185632096e-14,32;0;0;0
11.199999999999976,28.477335389856137,0.8681690000037756,nan,cold,945,8.93729534823251e-14,32;0;0;0
11.299999999999976,27.627716853114695,0.8394525515129978,nan,cold,951,8.999745393367675e-14,32;0;0;0
11.399999999999975,28.95408455188836,0.8892414688407307,nan,cold,957,8.955336472382669e-14,32;0;0;0
11.499999999999975,32.82868361775083,1.023441802235597,nan,cold,964,9.045542093133463e-14,32;0;0;0
11.599999999999975,32.74846300171021,1.0291470060036203,nan,cold,970,9.310607840262719e-14,32;0;0;0
11.699999999999974,32.18803704331598,1.0164455918429576,nan,cold,976,8.573697307667771e-14,32;0;0;0
11.799999999999974,32.26172343020535,0.9918503883909924,nan,cold,981,8.04495359219004e-14,32;0;0;0
11.899999999999974,32.39824330808897,1.0075050480467018,nan,cold,990,7.595313267216852e-14,32;0;0;0
11.999999999999973,32.3979328021255,0.9665739316362321,nan,cold,994,7.857603456784545e-14,32;0;0;0
12.099999999999973,30.38873097038392,0.9264360471722938,nan,cold,1002,8.004708007547379e-14,32;0;0;0
12.199999999999973,29.97408923997781,0.9071718422426459,nan,cold,1008,8.09213807073661e-14,32;0;0;0
12.299999999999972,26.69397067072179,0.8242468960157551,nan,cold,1017,8.718026300869042e-14,32;0;0;0
12.399999999999972,28.92512485342113,0.8903280955782411,nan,cold,1029,8.7735374521003e-14,32;0;0;0
12.499999999999972,29.875570602269736,0.8990242600848068,nan,cold,1034,8.906764215055318e-14,32;0;0;0
12.599999999999971,30.613613812005173,0.9061749312358526,nan,cold,1040,8.557043962298394e-14,32;0;0;0
12.69999999999997,30.308554575423102,0.8896775083075189,nan,cold,1044,9.103828801926284e-14,32;0;0;0
12.79999999999997,25.95621513258398,0.7468132795238863,nan,cold,1053,9.095502129241595e-14,32;0;0;0
12.89999999999997,27.8437562496131,0.7725597605788306,nan,cold,1063,9.875433804040767e-14,32;0;0;0
12.99999999999997,27.708814504905302,0.7620319301571049,nan,cold,1067,1.0380585280245214e-13,32;0;0;0
13.09999999999997,28.177177127996465,0.8000359467988636,nan,cold,1073,1.0383360837806777e-13,32;0;0;0
13.199999999999969,28.17625349024369,0.7923505399860032,nan,adiabatic_expansion,1084,1.0863532295957157e-13,32;0;0;0
13.299999999999969,28.175330056340712,0.783936500575895,nan,adiabatic_expansion,1089,1.0536016503692736e-13,32;0;0;0
13.399999999999968,28.17440685623486,0.7832167324500058,nan,adiabatic_expansion,1094,1.0774714453987144e-13,32;0;0;0
13.499999999999968,28.173483970441485,0.7760024038427,nan,adiabatic_expansion,1100,1.147137940193943e-13,32;0;0;0
13.599999999999968,28.172585666559392,0.7929090056506489,nan,adiabatic_expansion,1108,1.0855205623272468e-13,32;0;0;0
13.699999999999967,28.171792200277814,0.844881664180671,nan,adiabatic_expansion,1115,1.1288192602876279e-13,32;0;0;0
13.799999999999967,28.17108515124991,0.8565724780041499,nan,adiabatic_expansion,1118,1.065536547883994e-13,32;0;0;0
13.899999999999967,28.170378762284507,0.8390691266459678,nan,adiabatic_expansion,1122,1.1129985821867194e-13,32;0;0;0
13.999999999999966,28.169673129395566,0.8473970778903148,nan,adiabatic_expansion,1130,1.0730305533002138e-13,32;0;0;0
14.099999999999966,28.168968338857173,0.8460978923949137,nan,adiabatic_expansion,1135,1.0624834345662748e-13,32;0;0;0
14.199999999999966,28.1682644616491,0.834347330262633,nan,adiabatic_expansion,1136,1.0710876630071198e-13,32;0;0;0
14.299999999999965,28.167800423287154,0.8976690057894111,nan,adiabatic_expansion,1144,1.0499934255392418e-13,32;0;0;0
14.399999999999965,28.167458346346642,0.9032166825188874,nan,adiabatic_expansion,1150,1.141309269314661e-13,32;0;0;0
14.499999999999964,28.167356019398316,0.8836802970167461,nan,adiabatic_expansion,1161,1.1671219546371958e-13,32;0;0;0
14.599999999999964,28.167068851472294,0.8449680784365917,nan,adiabatic_expansion,1164,1.1335377081422848e-13,32;0;0;0
14.699999999999964,28.16662692295851,0.8650190023568445,nan,adiabatic_expansion,1181,1.0327849686575519e-13,32;0;0;0
14.799999999999963,28.1661823485293,0.8438774073307443,nan,adiabatic_expansion,1191,1.0574874309554616e-13,32;0;0;0
14.899999999999963,28.165610924047677,0.8598007548550415,nan,adiabatic_expansion,1195,1.0644263248593688e-13,32;0;0;0
14.999999999999963,28.165039235018913,0.8500075882962602,nan,adiabatic_expansion,1204,1.033895191682177e-13,32;0;0;0
15.099999999999962,28.164467321339597,0.8654453276920877,nan,adiabatic_expansion,1210,1.0252909632413321e-13,32;0;0;0
15.199999999999962,28.16389522936701,0.8652986856653533,nan,adiabatic_expansion,1216,1.0469403122215226e-13,32;0;0;0
15.299999999999962,28.16332300996323,0.869534061443124,nan,adiabatic_expansion,1222,1.0633161018347437e-13,32;0;0;0
15.399999999999961,28.162750716330013,0.864246763637243,nan,adiabatic_expansion,1226,1.0744183320809952e-13,32;0;0;0
15.499999999999961,28.16217840173024,0.8642824123415012,nan,adiabatic_expansion,1237,1.0527689831008047e-13,32;0;0;0
15.59999999999996,28.161602253600524,0.8770515726426346,nan,adiabatic_expansion,1245,1.1038392422335619e-13,32;0;0;0
15.69999999999996,28.160966653995022,0.8609695640872389,nan,adiabatic_expansion,1250,1.0433320873914909e-13,32;0;0;0
15.79999999999996,28.160306967381604,0.8503386316887048,nan,adiabatic_expansion,1257,1.0952350137927169e-13,32;0;0;0
15.89999999999996,28.159647423548915,0.8566779807888641,nan,adiabatic_expansion,1265,1.0730305533002138e-13,32;0;0;0
15.99999999999996,28.158988054843864,0.872226009992407,nan,adiabatic_expansion,1273,1.0624834345662748e-13,32;0;0;0
16.09999999999996,28.158328879001793,0.8656046893025156,nan,adiabatic_expansion,1278,1.0252909632413321e-13,32;0;0;0
16.19999999999996,27.38707170298754,0.8104879148946401,nan,cold,1285,1.0302869668521453e-13,32;0;0;0
16.29999999999996,27.163475295341936,0.7957694256676975,nan,cold,1291,1.0166867348004871e-13,32;0;0;0
16.399999999999963,28.134143205470984,0.8218431844760212,nan,cold,1299,1.015576511775862e-13,32;0;0;0
16.499999999999964,27.674193004257877,0.8181347159025912,nan,cold,1304,1.0871858968641845e-13,32;0;0;0
16.599999999999966,28.094142477609285,0.827341531211805,nan,cold,1305,1.1060596882828122e-13,32;0;0;0
16.699999999999967,30.090116373178542,0.9268180272722358,nan,cold,1314,1.1082801343320625e-13,32;0;0;0
16.79999999999997,25.32661156426527,0.790009898249677,nan,cold,1321,1.151023720780131e-13,32;0;0;0
16.89999999999997,25.65731264551579,0.7947783852605349,nan,cold,1323,1.1543543898540065e-13,32;0;0;0
16.99999999999997,23.325262712871634,0.6971147040359746,nan,cold,1330,1.1993184223513254e-13,32;0;0;0
17.099999999999973,25.44886982805791,0.7872342349735175,nan,cold,1335,1.1735057370287905e-13,32;0;0;0
17.199999999999974,25.999652297779832,0.8084067011618277,nan,cold,1343,1.1965428647897625e-13,32;0;0;0
17.299999999999976,26.08829982987548,0.8154488429154966,nan,cold,1348,1.1551870571224754e-13,32;0;0;0
17.399999999999977,26.1049586645536,0.8134028922311043,nan,cold,1352,1.149080830487037e-13,32;0;0;0
17.49999999999998,26.614988438219605,0.8325518393830285,nan,cold,1360,1.149913497755506e-13,32;0;0;0
17.59999999999998,24.239598914199433,0.7500891156775392,nan,cold,1363,1.162403506782539e-13,32;0;0;0
17.69999999999998,22.732333849127436,0.722993217075633,nan,cold,1373,1.153799278341694e-13,32;0;0;0
17.799999999999983,22.619001960474307,0.722858383775729,nan,cold,1376,1.1618483952702263e-13,32;0;0;0
17.899999999999984,22.78569031204615,0.7233266007587256,nan,cold,1380,1.1521339438047562e-13,32;0;0;0
17.999999999999986,25.256560993973267,0.7934945463794275,nan,cold,1387,1.1765588503465096e-13,32;0;0;0
18.099999999999987,26.139239762452604,0.8265022062992281,nan,cold,1392,1.2090328738167955e-13,32;0;0;0
18.19999999999999,28.164722582358817,0.8541774358416384,nan,cold,1399,1.1809997424450103e-13,32;0;0;0
18.29999999999999,22.61225403904569,0.7006673758712261,nan,cold,1408,1.2340128918708615e-13,32;0;0;0
18.39999999999999,24.01413883768947,0.7407695035852021,nan,cold,1414,1.211530875622202e-13,32;0;0;0
18.499999999999993,23.322494853257126,0.7192026162230791,nan,cold,1416,1.202926647181357e-13,32;0;0;0
18.599999999999994,22.53306688615544,0.6936329060387202,nan,cold,1421,1.2514989045087077e-13,32;0;0;0
18.699999999999996,21.56566009303153,0.656765794088185,nan,cold,1424,1.2589929099249275e-13,32;0;0;0
18.799999999999997,25.15389161579852,0.7706744714549568,nan,cold,1429,1.279532035880493e-13,32;0;0;0
18.9,25.07439930717945,0.7701408994879886,nan,cold,1435,1.326716514427062e-13,32;0;0;0
19.0,24.185531826133044,0.7429154534373162,nan,cold,1440,1.300626273348371e-13,32;0;0;0
19.1,26.902305344361956,0.8301429522137865,nan,cold,1447,1.297850715786808e-13,32;0;0;0
19.200000000000003,27.711277693386386,0.859001282826933,nan,adiabatic_expansion,1457,1.3172796187177482e-13,32;0;0;0
19.300000000000004,27.71062249436833,0.8561514516887546,nan,adiabatic_expansion,1462,1.3003487175922146e-13,32;0;0;0
19.400000000000006,27.709967512557256,0.8522763066998119,nan,adiabatic_expansion,1467,1.3469780846264712e-13,32;0;0;0
19.500000000000007,27.709320736349678,0.8424384095613063,nan,adiabatic_expansion,1473,1.3433698597964394e-13,32;0;0;0
19.60000000000001,27.70867933992947,0.8517702171131053,nan,adiabatic_expansion,1478,1.3625212069712234e-13,32;0;0;0
19.70000000000001,27.70805703108216,0.8436220010243274,nan,adiabatic_expansion,1481,1.327549181695531e-13,32;0;0;0
19.80000000000001,27.70745217593401,0.8378576973921958,nan,adiabatic_expansion,1486,1.3500311979441904e-13,32;0;0;0
19.900000000000013,27.70695766279182,0.8478659027737321,nan,adiabatic_expansion,1494,1.3206102877916237e-13,32;0;0;0
20.000000000000014,27.706481490323593,0.8255990513337257,nan,adiabatic_expansion,1501,1.2403966742624561e-13,32;0;0;0
20.100000000000016,27.706005698170852,0.8170426768865695,nan,adiabatic_expansion,1510,1.268984917146554e-13,32;0;0;0
20.200000000000017,27.70553031656191,0.8414011270038548,nan,adiabatic_expansion,1515,1.264266469291897e-13,32;0;0;0
20.30000000000002,27.70505537488564,0.861699750529101,nan,adiabatic_expansion,1520,1.2612133559741778e-13,32;0;0;0
20.40000000000002,27.70468997854897,0.8665580961965837,nan,adiabatic_expansion,1527,1.2562173523633646e-13,32;0;0;0
20.50000000000002,27.704367781431134,0.8489951344998147,nan,adiabatic_expansion,1534,1.2395640069939873e-13,32;0;0;0
20.600000000000023,27.7040459234711,0.8113094933907412,nan,adiabatic_expansion,1541,1.2376211167008933e-13,32;0;0;0
20.700000000000024,27.703724411013802,0.830381649036999,nan,adiabatic_expansion,1550,1.2578826869003024e-13,32;0;0;0
20.800000000000026,27.70340324954373,0.8649909260673849,nan,adiabatic_expansion,1559,1.2387313397255184e-13,32;0;0;0
20.900000000000027,27.70308244361259,0.8636040082904838,nan,adiabatic_expansion,1563,1.2298495555285172e-13,32;0;0;0
21.00000000000003,27.70282029302999,0.8722129678053049,nan,adiabatic_expansion,1570,1.2290168882600483e-13,32;0;0;0
21.10000000000003,27.702597603999756,0.8646156647181152,nan,adiabatic_expansion,1574,1.2223555501122974e-13,32;0;0;0
21.20000000000003,27.70237519225456,0.875402858879518,nan,adiabatic_expansion,1577,1.2295719997723609e-13,32;0;0;0
21.300000000000033,27.702153057998526,0.8603223139459323,nan,adiabatic_expansion,1586,1.2304046670408297e-13,32;0;0;0
21.400000000000034,27.70193120117671,0.8891901854105917,nan,adiabatic_expansion,1594,1.2578826869003024e-13,32;0;0;0
21.500000000000036,27.70178103034108,0.8630572863092231,nan,adiabatic_expansion,1601,1.2601031329495527e-13,32;0;0;0
21.600000000000037,27.701719966563395,0.889216056314016,nan,adiabatic_expansion,1609,1.2645440250480533e-13,32;0;0;0
21.70000000000004,27.70165910576135,0.8916266847090623,nan,adiabatic_expansion,1613,1.24983356997177e-13,32;0;0;0
21.80000000000004,27.701649617908952,0.8870251908706484,nan,adiabatic_expansion,1623,1.1918244169351055e-13,32;0;0;0
21.90000000000004,27.70140609642087,0.8875538226684453,nan,adiabatic_expansion,1630,1.2273515537231106e-13,32;0;0;0
22.000000000000043,27.701137251823738,0.8874952958342174,nan,adiabatic_expansion,1632,1.2309597785531423e-13,32;0;0;0
22.100000000000044,27.700868486860838,0.8675554495075586,nan,adiabatic_expansion,1640,1.3061773884714967e-13,32;0;0;0
22.200000000000045,27.700489354767576,0.8431280194532457,nan,adiabatic_expansion,1653,1.2875811528090253e-13,32;0;0;0
22.300000000000047,27.69966242032669,0.8305037253071683,nan,adiabatic_expansion,1658,1.2936873794444637e-13,32;0;0;0
22.40000000000005,27.698791274270782,0.8302397558881189,nan,adiabatic_expansion,1664,1.2856382625159313e-13,32;0;0;0
22.50000000000005,27.697919323102337,0.8293039030119931,nan,adiabatic_expansion,1668,1.3153367284246542e-13,32;0;0;0
22.60000000000005,27.697046729630273,0.8302845058381083,nan,adiabatic_expansion,1677,1.2956302697375577e-13,32;0;0;0
22.700000000000053,27.696173677715954,0.8172953250718888,nan,adiabatic_expansion,1684,1.3034018309099338e-13,32;0;0;0
22.800000000000054,27.695300354041663,0.8304207345684361,nan,adiabatic_expansion,1689,1.2898015988582756e-13,32;0;0;0
22.900000000000055,27.694426929576522,0.80052390176686,nan,adiabatic_expansion,1695,1.2628786905111156e-13,32;0;0;0
23.000000000000057,27.693553155111978,0.7454999139675635,nan,adiabatic_expansion,1704,1.2928547121759948e-13,32;0;0;0
23.10000000000006,27.692670734681784,0.7321659798276903,nan,adiabatic_expansion,1710,1.2975731600306517e-13,32;0;0;0
23.20000000000006,27.6917884982232,0.788809209462429,nan,adiabatic_expansion,1716,1.3800072196090696e-13,32;0;0;0
23.30000000000006,27.315196327489925,0.8170829022382929,nan,cold,1726,1.371680546924381e-13,32;0;0;0
23.400000000000063,30.403408010316916,0.8801458511628293,nan,cold,1731,1.360300760921973e-13,32;0;0;0
23.500000000000064,30.40252652217989,0.8801458511628294,nan,cold,1734,1.384170555951414e-13,32;0;0;0
23.600000000000065,32.76262169610446,0.9687426032918408,nan,cold,1746,1.322830733840874e-13,32;0;0;0
23.700000000000067,28.20098035180581,0.8152028711739855,nan,cold,1751,1.272038030464273e-13,32;0;0;0
23.800000000000068,28.37414875698292,0.8222222756276564,nan,cold,1757,1.2648215808042096e-13,32;0;0;0
23.90000000000007,26.639701464712456,0.8265118763099726,nan,cold,1765,1.2739809207573671e-13,32;0;0;0
24.00000000000007,26.26173192892822,0.8177037535609811,nan,cold,1767,1.314226505400029e-13,32;0;0;0
24.100000000000072,24.735632511650298,0.7731205224376791,nan,cold,1778,1.363076318483536e-13,32;0;0;0
24.200000000000074,23.980921356523943,0.734808793436784,nan,cold,1787,1.3561374245796287e-13,32;0;0;0
24.300000000000075,24.96437492494574,0.7869741635831826,nan,cold,1794,1.3769541062913504e-13,32;0;0;0
24.400000000000077,23.466046631979154,0.7518615876983802,nan,cold,1803,1.3664069875574114e-13,32;0;0;0
24.500000000000078,24.403378658721707,0.77051983142642,nan,cold,1807,1.3530843112619095e-13,32;0;0;0
24.60000000000008,23.345601542941658,0.7449042834460687,nan,cold,1813,1.3566925360919413e-13,32;0;0;0
24.70000000000008,22.84393211669561,0.7301336319282933,nan,cold,1815,1.3802847753652259e-13,32;0;0;0
24.800000000000082,25.241460194701403,0.7726241123804846,nan,cold,1820,1.394717674685353e-13,32;0;0;0
24.900000000000084,23.23164512991605,0.6791166861356149,nan,cold,1825,1.328659404720156e-13,32;0;0;0
25.000000000000085,25.741490370405888,0.6889083548913957,nan,cold,1833,1.3311574065255627e-13,32;0;0;0
25.100000000000087,27.248987953945832,0.780437758051372,nan,cold,1840,1.3491985306757215e-13,32;0;0;0
25.200000000000088,24.986885486281185,0.7862293396678282,nan,cold,1847,1.3672396548258803e-13,32;0;0;0
25.30000000000009,18.766860917221027,0.5677222699729176,nan,cold,1853,1.3600232051658168e-13,32;0;0;0
25.40000000000009,19.218876530592933,0.5779740866367153,nan,cold,1862,1.3336554083309693e-13,32;0;0;0
25.500000000000092,20.92186861771665,0.614135995696407,nan,cold,1866,1.2942424909567762e-13,32;0;0;0
25.600000000000094,20.92148507078604,0.6096918023143052,nan,cold,1875,1.3042344981784026e-13,32;0;0;0
25.700000000000095,21.93208160305784,0.689911652685808,nan,cold,1881,1.3344880755994382e-13,32;0;0;0
25.800000000000097,22.68841631837004,0.7150620933155452,nan,cold,1885,1.3231082895970303e-13,32;0;0;0
25.900000000000098,23.250486488860147,0.7319470338060499,nan,cold,1889,1.3955503419538218e-13,32;0;0;0
26.0000000000001,23.09617549890684,0.7199561906618448,nan,cold,1897,1.3741785487297875e-13,32;0;0;0
26.1000000000001,25.307598388114563,0.7761575879526003,nan,cold,1901,1.4033219031261979e-13,32;0;0;0
26.200000000000102,24.92537222763754,0.7639056197101198,nan,cold,1905,1.4011014570769476e-13,32;0;0;0
26.300000000000104,25.326627394685552,0.785988104903207,nan,adiabatic_expansion,1909,1.3375411889171573e-13,32;0;0;0
26.400000000000105,25.32618403067992,0.7851015093268979,nan,adiabatic_expansion,1912,1.368904989362818e-13,32;0;0;0
26.500000000000107,25.325741021927175,0.7811259620791008,nan,adiabatic_expansion,1919,1.3300471835009375e-13,32;0;0;0
26.600000000000108,25.32529870615842,0.7464985628852966,nan,adiabatic_expansion,1925,1.316169395693123e-13,32;0;0;0
26.70000000000011,25.324856596906663,0.7390088660689097,nan,adiabatic_expansion,1931,1.3034018309099338e-13,32;0;0;0
26.80000000000011,25.324419948038997,0.7735724163568554,nan,adiabatic_expansion,1939,1.3175571744739045e-13,32;0;0;0
26.900000000000112,25.323994385348755,0.7945130405006546,nan,adiabatic_expansion,1943,1.2867484855405564e-13,32;0;0;0
27.000000000000114,25.323572936489857,0.7925862114363563,nan,adiabatic_expansion,1950,1.3042344981784026e-13,32;0;0;0
27.100000000000115,25.323176455548936,0.7436916957971752,nan,adiabatic_expansion,1958,1.2506662372402388e-13,32;0;0;0
27.200000000000117,25.32279928539842,0.7795561800583476,nan,adiabatic_expansion,1965,1.3009038291045272e-13,32;0;0;0
27.300000000000118,25.322439602189704,0.7795867203794519,nan,adiabatic_expansion,1972,1.2848055952474624e-13,32;0;0;0
27.40000000000012,25.322080186579136,0.7842279644769947,nan,adiabatic_expansion,1978,1.2934098236883074e-13,32;0;0;0
27.50000000000012,25.3217210509032,0.7832931658417546,nan,adiabatic_expansion,1981,1.2864709297844001e-13,32;0;0;0
27.600000000000122,25.32136220788785,0.7730251951260624,nan,adiabatic_expansion,1988,1.3086753902769033e-13,32;0;0;0
27.700000000000124,25.321056993294302,0.8081115743403966,nan,adiabatic_expansion,1995,1.2842504837351498e-13,32;0;0;0
27.800000000000125,25.320878020784185,0.8114872356015129,nan,adiabatic_expansion,1999,1.2914669333952133e-13,32;0;0;0
27.900000000000126,25.32069927834732,0.7902819014980698,nan,adiabatic_expansion,2007,1.308397834520747e-13,32;0;0;0
28.000000000000128,25.32052076743629,0.7894716623774098,nan,adiabatic_expansion,2016,1.341982081015658e-13,32;0;0;0
28.10000000000013,25.320378689467795,0.8110518443797186,nan,adiabatic_expansion,2019,1.3533618670180658e-13,32;0;0;0
28.20000000000013,25.320377782556893,0.813649725476645,nan,adiabatic_expansion,2026,1.341982081015658e-13,32;0;0;0
28.300000000000132,25.320377074712393,0.8024855816543673,nan,adiabatic_expansion,2038,1.3339329640871256e-13,32;0;0;0
28.400000000000134,25.32034074781006,0.8040868182000698,nan,adiabatic_expansion,2046,1.2789769243681803e-13,32;0;0;0
28.500000000000135,25.320152582507692,0.7897736134044114,nan,adiabatic_expansion,2047,1.2909118218829008e-13,32;0;0;0
28.600000000000136,25.319946395012376,0.7769236885862619,nan,adiabatic_expansion,2056,1.2848055952474624e-13,32;0;0;0
28.700000000000138,25.319666170977758,0.742517870433937,nan,adiabatic_expansion,2060,1.317002062961592e-13,32;0;0;0
28.80000000000014,25.31938607547738,0.7960252430532287,nan,adiabatic_expansion,2070,1.2656542480726785e-13,32;0;0;0
28.90000000000014,25.319106114954934,0.7986394717754626,nan,adiabatic_expansion,2079,1.2270739979669543e-13,32;0;0;0
29.000000000000142,25.3188262958228,0.7894636791989494,nan,adiabatic_expansion,2082,1.2381762282132058e-13,32;0;0;0
29.100000000000144,25.318546624397605,0.7531976660398837,nan,adiabatic_expansion,2087,1.2256862191861728e-13,32;0;0;0
29.200000000000145,25.318267106837435,0.7792029556813413,nan,adiabatic_expansion,2093,1.264266469291897e-13,32;0;0;0
29.300000000000146,25.317987749080807,0.807218710826021,nan,adiabatic_expansion,2097,1.2809198146612744e-13,32;0;0;0
29.400000000000148,25.317708556789228,0.8078534594918755,nan,adiabatic_expansion,2100,1.2667644710973036e-13,32;0;0;0
29.50000000000015,25.31742953529379,0.7963753598979901,nan,adiabatic_expansion,2107,1.270095140171179e-13,32;0;0;0
29.60000000000015,25.317125534201292,0.7585437796605126,nan,adiabatic_expansion,2118,1.2465029008978945e-13,32;0;0;0
29.700000000000152,25.316753009366504,0.7760925189708022,nan,adiabatic_expansion,2127,1.253719350557958e-13,32;0;0;0
29.800000000000153,25.31638065940249,0.7941134408186883,nan,adiabatic_expansion,2136,1.2817524819297432e-13,32;0;0;0
29.900000000000155,25.316008492172482,0.7941134408186884,nan,adiabatic_expansion,2140,1.2495560142156137e-13,32;0;0;0
30.000000000000156,25.315636513953073,0.7896021554360659,nan,adiabatic_expansion,2145,1.2986833830552769e-13,32;0;0;0
30.100000000000158,25.315259267267134,0.7928407353184139,nan,adiabatic_expansion,2151,1.257605131144146e-13,32;0;0;0
30.20000000000016,25.31487811089345,0.7818851872368348,nan,adiabatic_expansion,2158,1.2367884494324244e-13,32;0;0;0
30.30000000000016,25.314495403499738,0.80262976743207,nan,adiabatic_expansion,2163,1.2520540160210203e-13,32;0;0;0
30.400000000000162,25.314112895867122,0.797141012784662,nan,adiabatic_expansion,2167,1.247890679678676e-13,32;0;0;0
30.500000000000163,25.31373058822958,0.8023742069597642,nan,cold,2172,1.236510893676268e-13,32;0;0;0
30.600000000000165,25.31334900326742,0.7980740568290757,nan,cold,2176,1.2487233469471448e-13,32;0;0;0
30.700000000000166,23.714821378199566,0.7502015253901073,nan,cold,2182,1.234568003383174e-13,32;0;0;0
30.800000000000168,20.498231707162144,0.6320627590955713,nan,cold,2189,1.2714829189519605e-13,32;0;0;0
30.90000000000017,21.965486687145415,0.6782428839804147,nan,cold,2197,1.2481682354348322e-13,32;0;0;0
31.00000000000017,21.965123200647536,0.6782428839804148,nan,cold,2198,1.2492784584594574e-13,32;0;0;0
31.100000000000172,21.451743614260327,0.6736414634607331,nan,cold,2207,1.2395640069939873e-13,32;0;0;0
31.200000000000173,23.26148972817639,0.7275132837052989,nan,cold,2212,1.245115122117113e-13,32;0;0;0
31.300000000000175,23.41438060510915,0.7354049343501508,nan,cold,2216,1.2381762282132058e-13,32;0;0;0
31.400000000000176,23.97417506295776,0.7563555660108932,nan,cold,2221,1.2342904476270178e-13,32;0;0;0
31.500000000000178,22.66011775972291,0.6997147270494138,nan,cold,2228,1.2850831510036187e-13,32;0;0;0
31.60000000000018,18.821997354422688,0.5597828488686838,nan,cold,2236,1.2312373343092986e-13,32;0;0;0
31.70000000000018,18.82163629919438,0.5597828488686837,nan,cold,2240,1.2376211167008933e-13,32;0;0;0
31.800000000000182,20.3595737604089,0.6267031364317296,nan,cold,2250,1.2245759961615477e-13,32;0;0;0
31.900000000000183,18.500466622692365,0.5847152738313667,nan,cold,2256,1.2168044349891716e-13,32;0;0;0
32.000000000000185,18.15486013606262,0.5763991273176614,nan,cold,2263,1.1915468611789493e-13,32;0;0;0
32.100000000000186,19.1499329695359,0.5996991009835185,nan,cold,2270,1.1968204205459188e-13,32;0;0;0
32.20000000000019,19.89334356458617,0.6224417041471717,nan,cold,2275,1.2109757641098895e-13,32;0;0;0
32.30000000000019,20.000269594337873,0.6228720118356829,nan,cold,2282,1.1801670751765414e-13,32;0;0;0
32.40000000000019,20.04259908854058,0.6167955826360432,nan,cold,2286,1.1685097334179773e-13,32;0;0;0
32.50000000000019,19.09926450283369,0.5964567583454542,nan,cold,2293,1.1735057370287905e-13,32;0;0;0
32.60000000000019,18.266699651182236,0.5404263336331168,nan,cold,2298,1.1887713036173864e-13,32;0;0;0
32.700000000000195,18.293838767045713,0.5695502187663518,nan,cold,2303,1.2367884494324244e-13,32;0;0;0
32.800000000000196,19.701194947098426,0.6170963449713224,nan,cold,2308,1.1862733018119798e-13,32;0;0;0
32.9000000000002,18.585816682561944,0.5660016791036357,nan,cold,2314,1.2254086634300165e-13,32;0;0;0
33.0000000000002,18.765864886457575,0.5911593806949179,nan,cold,2320,1.2298495555285172e-13,32;0;0;0
33.1000000000002,19.82050255171394,0.6168141178802548,nan,cold,2327,1.2356782264077992e-13,32;0;0;0
33.2000000000002,20.24271477520143,0.6311232372078129,nan,cold,2335,1.2434497875801753e-13,32;0;0;0
33.3000000000002,19.345364144605448,0.6040736467275063,nan,cold,2341,1.2026490914252008e-13,32;0;0;0
33.400000000000205,18.373579635518315,0.5724899018860585,nan,cold,2346,1.224853551917704e-13,32;0;0;0
33.500000000000206,14.979822340758371,0.43940488725673255,nan,cold,2356,1.242062008799394e-13,32;0;0;0
33.60000000000021,15.015118986667892,0.434545581503631,nan,cold,2362,1.2528866832894892e-13,32;0;0;0
33.70000000000021,21.03756813720789,0.650576316737304,nan,cold,2370,1.2465029008978945e-13,32;0;0;0
33.80000000000021,21.050478401824762,0.653166071723368,nan,cold,2374,1.2118084313783584e-13,32;0;0;0
33.90000000000021,17.721840003635748,0.5416453223614283,nan,cold,2378,1.1868284133242923e-13,32;0;0;0
34.00000000000021,19.500134879005994,0.598626779759845,nan,cold,2382,1.201816424156732e-13,32;0;0;0
34.100000000000215,19.91356583684451,0.5962328489077264,nan,cold,2389,1.1987633108390128e-13,32;0;0;0
34.200000000000216,20.267006188704137,0.6179051298268893,nan,adiabatic_expansion,2397,1.2331802246023926e-13,32;0;0;0
34.30000000000022,20.26642907064177,0.6190849323428197,nan,adiabatic_expansion,2400,1.2406742300186124e-13,32;0;0;0
34.40000000000022,20.265852662533803,0.610948080362392,nan,adiabatic_expansion,2403,1.2456702336294256e-13,32;0;0;0
34.50000000000022,20.265279943414072,0.6223707359826217,nan,adiabatic_expansion,2409,1.2187473252822656e-13,32;0;0;0
34.60000000000022,20.26470744774544,0.5957656312203814,nan,adiabatic_expansion,2412,1.251776460264864e-13,32;0;0;0
34.70000000000022,20.264137306535005,0.6071476046201069,nan,adiabatic_expansion,2419,1.228739332503892e-13,32;0;0;0
34.800000000000225,20.26356932367332,0.5818323434692882,nan,adiabatic_expansion,2425,1.2226331058684536e-13,32;0;0;0
34.900000000000226,20.263001655548855,0.6211136270543732,nan,adiabatic_expansion,2433,1.2509437929963951e-13,32;0;0;0
35.00000000000023,20.262434346506264,0.6211136270543732,nan,adiabatic_expansion,2435,1.2218004385999848e-13,32;0;0;0
35.10000000000023,20.261867445202224,0.6059275790708092,nan,adiabatic_expansion,2443,1.24983356997177e-13,32;0;0;0
35.20000000000023,20.261305440391535,0.616534976857166,nan,adiabatic_expansion,2446,1.2156942119645464e-13,32;0;0;0
35.30000000000023,20.26074441064068,0.6259314132798773,nan,adiabatic_expansion,2452,1.209587985329108e-13,32;0;0;0
35.40000000000023,20.26018393245688,0.615367810636602,nan,adiabatic_expansion,2455,1.208477762304483e-13,32;0;0;0
35.500000000000234,20.259624049535525,0.609754152021066,nan,adiabatic_expansion,2461,1.2012613126444194e-13,32;0;0;0
35.600000000000236,20.25906479981945,0.6000811873692062,nan,adiabatic_expansion,2463,1.2193024367945782e-13,32;0;0;0
35.70000000000024,20.258506213966736,0.5992259757220308,nan,adiabatic_expansion,2467,1.21541665620839e-13,32;0;0;0
35.80000000000024,20.257999279393943,0.6131837109954953,nan,adiabatic_expansion,2469,1.2156942119645464e-13,32;0;0;0
35.90000000000024,20.257494875673153,0.6279903320172109,nan,adiabatic_expansion,2476,1.222077994356141e-13,32;0;0;0
36.00000000000024,20.256991082482912,0.6200947047581192,nan,adiabatic_expansion,2480,1.2378986724570495e-13,32;0;0;0
36.10000000000024,20.256487895843428,0.6050930347079321,nan,adiabatic_expansion,2487,1.2342904476270178e-13,32;0;0;0
36.200000000000244,20.255985304863316,0.6012259147969251,nan,adiabatic_expansion,2495,1.247890679678676e-13,32;0;0;0
36.300000000000246,20.25563013734945,0.6426709690033853,nan,adiabatic_expansion,2503,1.2140288774276087e-13,32;0;0;0
36.40000000000025,20.25549912611964,0.6491025477725141,nan,adiabatic_expansion,2509,1.2281842209915794e-13,32;0;0;0
36.50000000000025,20.255422601280024,0.6111660917044567,nan,adiabatic_expansion,2521,1.235400670651643e-13,32;0;0;0
36.60000000000025,20.255122851526814,0.6129852940146036,nan,adiabatic_expansion,2528,1.24983356997177e-13,32;0;0;0
36.70000000000025,20.25481846520098,0.6173652637914131,nan,adiabatic_expansion,2534,1.245115122117113e-13,32;0;0;0
36.80000000000025,20.25451413318627,0.6147437080913241,nan,adiabatic_expansion,2539,1.244004899092488e-13,32;0;0;0
36.900000000000254,20.25420985213139,0.603138192683153,nan,adiabatic_expansion,2544,1.2445600106048005e-13,32;0;0;0
37.000000000000256,20.25385640077625,0.5952290683925602,nan,adiabatic_expansion,2550,1.2445600106048005e-13,32;0;0;0
37.10000000000026,20.253406570096313,0.6138786861511523,nan,adiabatic_expansion,2555,1.1984857550828565e-13,32;0;0;0
37.20000000000026,20.252786566942994,0.5950607325101226,nan,adiabatic_expansion,2561,1.1943224187405121e-13,32;0;0;0
37.30000000000026,20.25205938189828,0.6043933971362087,nan,adiabatic_expansion,2565,1.159627949220976e-13,32;0;0;0
37.40000000000026,20.25133159076681,0.6014588695187315,nan,adiabatic_expansion,2569,1.1696199564426024e-13,32;0;0;0
37.50000000000026,20.250603259550658,0.6008108568043421,nan,adiabatic_expansion,2573,1.249000902703301e-13,32;0;0;0
37.600000000000264,20.249874474865127,0.601301770351248,nan,adiabatic_expansion,2580,1.218192213769953e-13,32;0;0;0
37.700000000000266,20.249145338028644,0.5704871868165984,nan,adiabatic_expansion,2585,1.2256862191861728e-13,32;0;0;0
37.80000000000027,20.248366774914675,0.5700621538948906,nan,adiabatic_expansion,2591,1.2526091275333329e-13,32;0;0;0
37.90000000000027,20.2474914226015,0.5620723719007877,nan,adiabatic_expansion,2595,1.2126410986468272e-13,32;0;0;0
38.00000000000027,20.246615971354778,0.5741255458626527,nan,adiabatic_expansion,2599,1.2068124277675452e-13,32;0;0;0
38.10000000000027,20.24573670939234,0.5805188716420343,nan,adiabatic_expansion,2608,1.2406742300186124e-13,32;0;0;0
38.20000000000027,20.24483857905133,0.5771765947502697,nan,adiabatic_expansion,2617,1.2417844530432376e-13,32;0;0;0
38.300000000000274,20.243940038553966,0.5759685001997217,nan,adiabatic_expansion,2623,1.2462253451417382e-13,32;0;0;0
38.400000000000276,19.226058717418606,0.5337744522754201,nan,cold,2631,1.20570220474292e-13,32;0;0;0
38.50000000000028,20.30050992903363,0.5589143857005422,nan,cold,2636,1.1851630787873546e-13,32;0;0;0
38.60000000000028,21.03968145965309,0.5649730632508105,nan,cold,2640,1.19598775327745e-13,32;0;0;0
38.70000000000028,20.47901323231887,0.5853366516779872,nan,cold,2648,1.1113332476497817e-13,32;0;0;0
38.80000000000028,20.478216760259418,0.5853366516779872,nan,cold,2650,1.109667913112844e-13,32;0;0;0
38.90000000000028,20.80235988816461,0.6115014321867244,nan,cold,2657,1.109667913112844e-13,32;0;0;0
39.000000000000284,20.36672950339068,0.5798694864515451,nan,cold,2663,1.1146639167236572e-13,32;0;0;0
39.100000000000286,19.43933928079576,0.5643564417178983,nan,cold,2667,1.1080025785759062e-13,32;0;0;0
39.20000000000029,20.36434710705068,0.594161643456175,nan,cold,2673,1.1396439347777232e-13,32;0;0;0
39.30000000000029,18.208784943362335,0.5438889355652251,nan,cold,2679,1.0857981180834031e-13,32;0;0;0
39.40000000000029,18.208345395535463,0.5438889355652251,nan,cold,2682,1.0996759058912176e-13,32;0;0;0
39.50000000000029,18.036663615178345,0.534972347812708,nan,cold,2687,1.081912337497215e-13,32;0;0;0
39.60000000000029,18.53336711796163,0.5421622482748398,nan,cold,2694,1.0891287871572786e-13,32;0;0;0
39.700000000000294,19.200219849122796,0.5561855878510157,nan,cold,2702,1.1574075031717257e-13,32;0;0;0
39.800000000000296,18.546605858392002,0.5046125006118799,nan,cold,2707,1.1601830607332886e-13,32;0;0;0
39.9000000000003,20.671762013920777,0.5581323329937014,nan,cold,2711,1.142419492339286e-13,32;0;0;0
40.0000000000003,20.46675486684287,0.5679460598522,nan,cold,2717,1.149080830487037e-13,32;0;0;0
40.1000000000003,18.42842861864575,0.5514578846005546,nan,cold,2725,1.1141088052113446e-13,32;0;0;0
40.2000000000003,20.075204052536638,0.6142183221501171,nan,cold,2732,1.1363132657038477e-13,32;0;0;0
40.3000000000003,19.48025413205913,0.5638652659713919,nan,cold,2740,1.1068923555512811e-13,32;0;0;0
40.400000000000304,19.689751449284795,0.5885816977306032,nan,cold,2744,1.0907941216942163e-13,32;0;0;0
40.500000000000306,21.834316959406497,0.6489857829036356,nan,cold,2753,1.0919043447188415e-13,32;0;0;0
40.60000000000031,21.84420010584011,0.6191123941214544,nan,cold,2755,1.0796918914479647e-13,32;0;0;0
40.70000000000031,22.146603077258234,0.6451277058007686,nan,cold,2761,1.0352829704629585e-13,32;0;0;0
40.80000000000031,19.869790504456876,0.6094396334857738,nan,cold,2769,1.0980105713542798e-13,32;0;0;0
40.90000000000031,19.643747971161563,0.5881003082599513,nan,cold,2774,1.0730305533002138e-13,32;0;0;0
41.00000000000031,20.042404179914634,0.5891051251929235,nan,cold,2779,1.0225154056797692e-13,32;0;0;0
41.100000000000314,18.918892766640575,0.5753439283327185,nan,cold,2785,1.0497158697830855e-13,32;0;0;0
41.200000000000315,18.25752254683437,0.5557259249169801,nan,cold,2789,1.0469403122215226e-13,32;0;0;0
41.30000000000032,18.256902233864743,0.5557259249169803,nan,cold,2793,1.1113332476497817e-13,32;0;0;0
41.40000000000032,17.943739254345047,0.5313912652425925,nan,cold,2796,1.0941247907680918e-13,32;0;0;0
41.50000000000032,18.08510065574617,0.5383712299793506,nan,cold,2804,1.0641487691032125e-13,32;0;0;0
41.60000000000032,15.904245717345843,0.4708652849887548,nan,cold,2809,1.081912337497215e-13,32;0;0;0
41.70000000000032,16.717142610677357,0.47788890078388613,nan,cold,2814,1.0957901253050295e-13,32;0;0;0
41.800000000000324,17.168027221488153,0.5033422701782647,nan,cold,2820,1.0835776720341528e-13,32;0;0;0
41.900000000000325,19.565878253770595,0.581062630101539,nan,cold,2823,1.1185496973098452e-13,32;0;0;0
42.00000000000033,19.971202384647317,0.594382497223508,nan,cold,2827,1.1113332476497817e-13,32;0;0;0
42.10000000000033,21.15982464928738,0.6291179960561486,nan,adiabatic_expansion,2834,1.081912337497215e-13,32;0;0;0
42.20000000000033,21.15910396259573,0.6343509080115555,nan,adiabatic_expansion,2838,1.0408340855860843e-13,32;0;0;0
42.30000000000033,21.158383479472135,0.6251076972599309,nan,adiabatic_expansion,2842,1.0524914273446484e-13,32;0;0;0
42.40000000000033,21.157667630638684,0.6094923919789729,nan,adiabatic_expansion,2849,1.092459456231154e-13,32;0;0;0
42.500000000000334,21.1569566127469,0.6094923919789729,nan,adiabatic_expansion,2853,1.0735856648125264e-13,32;0;0;0
42.600000000000335,21.15624590126899,0.6004033392081838,nan,adiabatic_expansion,2859,1.0763612223740893e-13,32;0;0;0
42.70000000000034,21.15553556909328,0.6057785224587005,nan,adiabatic_expansion,2862,1.0919043447188415e-13,32;0;0;0
42.80000000000034,21.15482570413942,0.6003735816584718,nan,adiabatic_expansion,2866,1.0719203302755886e-13,32;0;0;0
42.90000000000034,21.15411640380527,0.6021635878671557,nan,adiabatic_expansion,2872,1.0508260928077107e-13,32;0;0;0
43.00000000000034,21.15342198547668,0.6263391069189527,nan,adiabatic_expansion,2879,1.0680345496894006e-13,32;0;0;0
43.10000000000034,21.15279628353494,0.6317711248821619,nan,adiabatic_expansion,2882,1.074140776324839e-13,32;0;0;0
43.200000000000344,21.15218169930241,0.6183067509231099,nan,adiabatic_expansion,2891,1.0769163338864018e-13,32;0;0;0
43.300000000000345,21.151584612438857,0.6413747748761618,nan,adiabatic_expansion,2897,1.0841327835464654e-13,32;0;0;0
43.40000000000035,21.151130598714555,0.6712210510903716,nan,adiabatic_expansion,2904,1.0597078770047119e-13,32;0;0;0
43.50000000000035,21.15086051400212,0.6408153424930787,nan,adiabatic_expansion,2910,1.1018963519404679e-13,32;0;0;0
43.60000000000035,21.15069001942839,0.6598703114437485,nan,adiabatic_expansion,2918,1.0696998842263383e-13,32;0;0;0
43.70000000000035,21.150675340811773,0.678616307886808,nan,adiabatic_expansion,2925,1.081912337497215e-13,32;0;0;0
43.80000000000035,21.150660859368994,0.6786186730008067,nan,adiabatic_expansion,2932,1.0708101072509635e-13,32;0;0;0
43.900000000000354,21.150646575118643,0.6774318848698615,nan,adiabatic_expansion,2937,1.0164091790443308e-13,32;0;0;0
44.000000000000355,21.150632488079058,0.681191903292198,nan,adiabatic_expansion,2943,1.0103029524088925e-13,32;0;0;0
44.10000000000036,21.150618598268306,0.681265300708694,nan,adiabatic_expansion,2950,1.0436096431476471e-13,32;0;0;0
44.20000000000036,21.150460879923926,0.6761808492317285,nan,adiabatic_expansion,2957,1.092459456231154e-13,32;0;0;0
44.30000000000036,21.15018662727655,0.6589583288407626,nan,adiabatic_expansion,2965,1.0658141036401503e-13,32;0;0;0
44.40000000000036,21.149800043694206,0.6580631370483058,nan,adiabatic_expansion,2975,1.056932319443149e-13,32;0;0;0
44.50000000000036,21.149344604569688,0.6453814869879971,nan,adiabatic_expansion,2980,1.042499420123022e-13,32;0;0;0
44.600000000000364,21.14887577362664,0.6453814869879971,nan,adiabatic_expansion,2981,1.0408340855860843e-13,32;0;0;0
44.700000000000365,21.14840684583819,0.6470157517130068,nan,adiabatic_expansion,2988,1.0258460747536446e-13,32;0;0;0
44.80000000000037,21.147847861813688,0.6190701242586033,nan,adiabatic_expansion,2990,1.0202949596305189e-13,32;0;0;0
44.90000000000037,21.14717391556024,0.5865627239926033,nan,adiabatic_expansion,2996,1.0558220964185239e-13,32;0;0;0
45.00000000000037,21.146492999152013,0.5729792737243913,nan,adiabatic_expansion,3002,1.0708101072509635e-13,32;0;0;0
45.10000000000037,21.14581195432983,0.6080749189529958,nan,adiabatic_expansion,3009,1.0541567618815861e-13,32;0;0;0
45.20000000000037,21.14513086739309,0.5774018039990203,nan,adiabatic_expansion,3015,1.0669243266647754e-13,32;0;0;0
45.300000000000374,21.14444015526156,0.5660144003451051,nan,adiabatic_expansion,3021,1.0508260928077107e-13,32;0;0;0
45.400000000000375,21.143725829746025,0.5628945530081848,nan,adiabatic_expansion,3026,1.042499420123022e-13,32;0;0;0
45.50000000000038,21.143010630626097,0.5826706322818832,nan,adiabatic_expansion,3033,1.0708101072509635e-13,32;0;0;0
45.60000000000038,21.142292668190425,0.5904360842570149,nan,adiabatic_expansion,3038,1.0708101072509635e-13,32;0;0;0
45.70000000000038,21.141574902053364,0.5917627429368405,nan,adiabatic_expansion,3045,1.0913492332065289e-13,32;0;0;0
45.80000000000038,21.494007415867074,0.6196626158225008,nan,cold,3051,1.0613732115416497e-13,32;0;0;0
45.90000000000038,20.941879671589234,0.6168202233119072,nan,cold,3056,1.0658141036401503e-13,32;0;0;0
46.000000000000384,20.90759013258136,0.6168437055177912,nan,cold,3065,1.078026556911027e-13,32;0;0;0
46.100000000000385,23.44572176055927,0.6603269262781625,nan,cold,3072,1.0613732115416497e-13,32;0;0;0
46.20000000000039,25.28474622250767,0.7490121448441603,nan,cold,3075,1.078026556911027e-13,32;0;0;0
46.30000000000039,24.499292843974334,0.7171599071679994,nan,cold,3081,1.0763612223740893e-13,32;0;0;0
46.40000000000039,21.21921385988216,0.6306225191220622,nan,cold,3092,1.071365218763276e-13,32;0;0;0
46.50000000000039,23.16535753911349,0.6928028820898762,nan,cold,3098,1.0863532295957157e-13,32;0;0;0
46.60000000000039,21.980834020414285,0.658559519694948,nan,cold,3104,1.1390888232654106e-13,32;0;0;0
46.700000000000394,24.057674566853034,0.7599070791805012,nan,cold,3112,1.1285417045314716e-13,32;0;0;0
46.800000000000395,24.676459255759926,0.7770564914983888,nan,cold,3114,1.0835776720341528e-13,32;0;0;0
46.9000000000004,26.71489116203934,0.8349556246900038,nan,cold,3121,1.1179945857975326e-13,32;0;0;0
47.0000000000004,27.726636204784143,0.8668697072368802,nan,cold,3132,1.0380585280245214e-13,32;0;0;0
47.1000000000004,28.12655166521939,0.8976053394834501,nan,cold,3137,1.0591527654923993e-13,32;0;0;0
47.2000000000004,34.0912219340905,1.0801711099685614,nan,cold,3146,1.0591527654923993e-13,32;0;0;0
47.3000000000004,35.41595944186099,1.1247350754066534,nan,cold,3153,1.021405182655144e-13,32;0;0;0
47.400000000000404,38.150243896290654,1.2206994371703306,nan,cold,3158,9.953149415764528e-14,32;0;0;0
47.500000000000405,34.57233946927548,1.1122374992985775,nan,cold,3167,1.1335377081422848e-13,32;0;0;0
47.600000000000406,30.493631492357427,0.9539381375822161,nan,cold,3173,1.180722186688854e-13,32;0;0;0
47.70000000000041,31.17212135188857,0.993863671241573,nan,cold,3184,1.1957101975212936e-13,32;0;0;0
47.80000000000041,27.935903349505843,0.8681470398857136,nan,cold,3195,1.199040866595169e-13,32;0;0;0
47.90000000000041,28.569887396145997,0.8742553067481025,nan,cold,3199,1.166289287368727e-13,32;0;0;0
48.00000000000041,28.427108591748976,0.8700885039902176,nan,cold,3201,1.1812772982011666e-13,32;0;0;0
48.10000000000041,27.775134672771735,0.816111822179074,nan,cold,3211,1.159627949220976e-13,32;0;0;0
48.200000000000415,23.972746180863954,0.6686129396180588,nan,cold,3217,1.170175067954915e-13,32;0;0;0
48.300000000000416,26.07014934600882,0.740557921827758,nan,cold,3229,1.230682222796986e-13,32;0;0;0
48.40000000000042,26.06910260337647,0.740557921827758,nan,cold,3230,1.209587985329108e-13,32;0;0;0
48.50000000000042,27.183760281777637,0.7697917712130982,nan,cold,3235,1.2173595465014841e-13,32;0;0;0
48.60000000000042,29.321213920415996,0.835254195098284,nan,cold,3241,1.3183898417423734e-13,32;0;0;0
48.70000000000042,28.975042113384625,0.8136384403515309,nan,cold,3248,1.3472556403826275e-13,32;0;0;0
48.80000000000042,29.4703179895276,0.8291148952992187,nan,cold,3256,1.2678746941219288e-13,32;0;0;0
48.900000000000425,29.627210091001146,0.846009738217526,nan,adiabatic_expansion,3262,1.3300471835009375e-13,32;0;0;0
49.000000000000426,29.626073842007123,0.8345054361014594,nan,adiabatic_expansion,3268,1.341149413747189e-13,32;0;0;0
49.10000000000043,29.624938025122887,0.8230361214599511,nan,adiabatic_expansion,3271,1.3944401189291966e-13,32;0;0;0
49.20000000000043,29.623802684351368,0.8447797712372658,nan,adiabatic_expansion,3279,1.414979244884762e-13,32;0;0;0
49.30000000000043,29.622668133483923,0.8435294611839234,nan,adiabatic_expansion,3289,1.4099832412739488e-13,32;0;0;0
49.40000000000043,29.621534762723766,0.8498132992039399,nan,adiabatic_expansion,3294,1.351696532481128e-13,32;0;0;0
49.50000000000043,29.620418418766747,0.8606434818309268,nan,adiabatic_expansion,3299,1.3777867735598193e-13,32;0;0;0
49.600000000000435,29.619450525944103,0.8859915809021635,nan,adiabatic_expansion,3307,1.4183099139586375e-13,32;0;0;0
49.700000000000436,29.61856604695499,0.8758101485049286,nan,adiabatic_expansion,3317,1.389999226830696e-13,32;0;0;0
49.80000000000044,29.617709046904597,0.8927447188278563,nan,adiabatic_expansion,3323,1.4432899320127035e-13,32;0;0;0
49.90000000000044,29.617016429549725,0.9057941082336357,nan,adiabatic_expansion,3329,1.4327428132787645e-13,32;0;0;0
50.00000000000044,29.61638098315059,0.8943131257201222,nan,adiabatic_expansion,3333,1.417754802446325e-13,32;0;0;0
50.10000000000044,29.61587851174363,0.9373260822010834,nan,adiabatic_expansion,3339,1.428301921180264e-13,32;0;0;0
50.20000000000044,29.615622882062752,0.9272904816949903,nan,adiabatic_expansion,3349,1.4194201369832626e-13,32;0;0;0
50.300000000000445,29.615598036978483,0.9266337388640905,nan,adiabatic_expansion,3355,1.4066525722000733e-13,32;0;0;0
50.400000000000446,29.615572043390276,0.8617865938421353,nan,adiabatic_expansion,3361,1.4271916981556387e-13,32;0;0;0
50.50000000000045,29.6153802233556,0.9171685294066793,nan,adiabatic_expansion,3367,1.4266365866433262e-13,32;0;0;0
50.60000000000045,29.61518854874436,0.9399923270760014,nan,adiabatic_expansion,3375,1.4377388168895777e-13,32;0;0;0
50.70000000000045,29.61496505433603,0.9041674150734148,nan,adiabatic_expansion,3380,1.4183099139586375e-13,32;0;0;0
50.80000000000045,29.61452915722634,0.9305618877124613,nan,adiabatic_expansion,3388,1.4271916981556387e-13,32;0;0;0
50.90000000000045,29.614093165719733,0.932034236143559,nan,adiabatic_expansion,3397,1.43607348235264e-13,32;0;0;0
51.000000000000455,29.6136570698463,0.9195123706008974,nan,adiabatic_expansion,3400,1.3922196728799463e-13,32;0;0;0
51.100000000000456,29.613220863519466,0.9310193164514446,nan,adiabatic_expansion,3410,1.457167719820518e-13,32;0;0;0
51.20000000000046,29.612780347137917,0.927718487472815,nan,adiabatic_expansion,3416,1.4022116801015727e-13,32;0;0;0
51.30000000000046,29.612283126024824,0.9162323600658097,nan,adiabatic_expansion,3419,1.392774784392259e-13,32;0;0;0
51.40000000000046,29.611785710776026,0.9251638757677348,nan,adiabatic_expansion,3425,1.3916645613676337e-13,32;0;0;0
51.50000000000046,29.611288115827204,0.9296554974290125,nan,adiabatic_expansion,3432,1.4238610290817633e-13,32;0;0;0
51.60000000000046,29.610711273240675,0.8998091113514916,nan,adiabatic_expansion,3441,1.3816725541460073e-13,32;0;0;0
51.700000000000465,29.61010666884149,0.8869144984460116,nan,adiabatic_expansion,3451,1.421640583032513e-13,32;0;0;0
51.800000000000466,29.609434659981968,0.8910298498941731,nan,adiabatic_expansion,3456,1.4221956945448255e-13,32;0;0;0
51.90000000000047,29.608762398347714,0.9136755979069614,nan,adiabatic_expansion,3461,1.3961054534661343e-13,32;0;0;0
52.00000000000047,29.608089969970646,0.8916714486237493,nan,adiabatic_expansion,3468,1.4160894679093872e-13,32;0;0;0
52.10000000000047,29.607417460383004,0.8665686981825123,nan,adiabatic_expansion,3478,1.4366285938649526e-13,32;0;0;0
52.20000000000047,29.606742742275458,0.8885180634993345,nan,adiabatic_expansion,3484,1.4133139103478243e-13,32;0;0;0
52.30000000000047,29.606035347354744,0.8763287622534334,nan,adiabatic_expansion,3489,1.4033219031261979e-13,32;0;0;0
52.400000000000475,29.605328071719732,0.8895040868579116,nan,adiabatic_expansion,3501,1.38222766565832e-13,32;0;0;0
52.500000000000476,29.604620960273934,0.8895040868579116,nan,adiabatic_expansion,3504,1.4099832412739488e-13,32;0;0;0
52.60000000000048,29.60391403823511,0.8925765329687007,nan,adiabatic_expansion,3509,1.4116485758108865e-13,32;0;0;0
52.70000000000048,31.59937554184911,0.9689864857927899,nan,cold,3519,1.4171996909340123e-13,32;0;0;0
52.80000000000048,29.12522012031788,0.8937151152642901,nan,cold,3524,1.393885007416884e-13,32;0;0;0
52.90000000000048,27.297175777273026,0.8038433187044314,nan,cold,3530,1.3811174426336947e-13,32;0;0;0
53.00000000000048,28.93491755319638,0.8677085635460151,nan,cold,3536,1.376676550535194e-13,32;0;0;0
53.100000000000485,29.13456626016744,0.883920407864306,nan,cold,3541,1.3672396548258803e-13,32;0;0;0
53.200000000000486,26.85434430070612,0.817876550961316,nan,cold,3545,1.3106182805699973e-13,32;0;0;0
53.30000000000049,28.30418763965779,0.8523589999113452,nan,cold,3549,1.2673195826096162e-13,32;0;0;0
53.40000000000049,28.960392734800134,0.9213370389507063,nan,cold,3552,1.2706502516834917e-13,32;0;0;0
53.50000000000049,29.858064681006802,0.94698875940232,nan,cold,3557,1.270095140171179e-13,32;0;0;0
53.60000000000049,29.834187693841752,0.945301683259603,nan,cold,3562,1.2895240431021193e-13,32;0;0;0
53.70000000000049,29.121112865082587,0.9240339480087066,nan,cold,3571,1.2467804566540508e-13,32;0;0;0
53.800000000000495,28.06342677646471,0.8983641103953168,nan,cold,3576,1.2323475573339238e-13,32;0;0;0
53.900000000000496,27.97988658808838,0.8931719433182048,nan,cold,3581,1.2329026688462363e-13,32;0;0;0
54.0000000000005,28.498849613372577,0.9100455281279858,nan,cold,3590,1.2184697695261093e-13,32;0;0;0
54.1000000000005,29.01085138093789,0.9055900049599259,nan,cold,3602,1.2140288774276087e-13,32;0;0;0
54.2000000000005,28.21884279414539,0.8800481124970824,nan,cold,3607,1.245115122117113e-13,32;0;0;0
54.3000000000005,27.35040418629896,0.8506801170147583,nan,cold,3614,1.2406742300186124e-13,32;0;0;0
54.4000000000005,27.275067737957855,0.842762719960418,nan,cold,3621,1.2506662372402388e-13,32;0;0;0
54.500000000000504,28.934548432093354,0.9020725856118477,nan,cold,3628,1.2906342661267445e-13,32;0;0;0
54.600000000000506,30.03006179839803,0.9434844961074791,nan,cold,3632,1.2889689315898067e-13,32;0;0;0
54.70000000000051,30.892995026365504,0.9546095563468561,nan,cold,3640,1.1945999744966684e-13,32;0;0;0
54.80000000000051,29.024664661480035,0.9040568119525152,nan,cold,3650,1.1524114995609125e-13,32;0;0;0
54.90000000000051,32.37931584058908,1.0116143880769084,nan,cold,3657,1.1707301794672276e-13,32;0;0;0
55.00000000000051,29.54788318155988,0.9225352757921249,nan,cold,3663,1.152966611073225e-13,32;0;0;0
55.10000000000051,29.54728265374259,0.9115393663468099,nan,adiabatic_expansion,3667,1.1829426327381043e-13,32;0;0;0
55.200000000000514,29.54668232653699,0.9204896731141703,nan,adiabatic_expansion,3677,1.155742168634788e-13,32;0;0;0
55.300000000000516,29.546082204297928,0.9179977896863499,nan,adiabatic_expansion,3683,1.1546319456101628e-13,32;0;0;0
55.40000000000052,29.54548229895016,0.9179977896863499,nan,adiabatic_expansion,3683,1.1290968160437842e-13,32;0;0;0
55.50000000000052,29.54488263216199,0.9162024053221641,nan,adiabatic_expansion,3686,1.1263212584822213e-13,32;0;0;0
55.60000000000052,29.544295866244617,0.927115163963531,nan,adiabatic_expansion,3693,1.141309269314661e-13,32;0;0;0
55.70000000000052,29.543736140870287,0.8994177830771322,nan,adiabatic_expansion,3704,1.145195049900849e-13,32;0;0;0
55.80000000000052,29.543176753153425,0.8870953988435973,nan,adiabatic_expansion,3713,1.1579626146840383e-13,32;0;0;0
55.900000000000524,29.542663288084693,0.918312190167938,nan,adiabatic_expansion,3724,1.1690648449302898e-13,32;0;0;0
56.000000000000526,29.542182969487573,0.861014870078994,nan,adiabatic_expansion,3729,1.1562972801471005e-13,32;0;0;0
56.10000000000053,29.541703049773172,0.866526523626248,nan,adiabatic_expansion,3735,1.1601830607332886e-13,32;0;0;0
56.20000000000053,29.541331090307473,0.9330510851984467,nan,adiabatic_expansion,3742,1.138533711753098e-13,32;0;0;0
56.30000000000053,29.54101205367274,0.936773661289824,nan,adiabatic_expansion,3746,1.159627949220976e-13,32;0;0;0
56.40000000000053,29.540753747252793,0.9070746703983653,nan,adiabatic_expansion,3752,1.149080830487037e-13,32;0;0;0
56.50000000000053,29.540541121168584,0.9059155677280543,nan,adiabatic_expansion,3758,1.1163292512605949e-13,32;0;0;0
56.600000000000534,29.540328752610552,0.9294920805437745,nan,adiabatic_expansion,3763,1.1107781361374691e-13,32;0;0;0
56.700000000000536,29.540247945937704,0.9523857449159495,nan,adiabatic_expansion,3776,1.1246559239452836e-13,32;0;0;0
56.80000000000054,29.540177033417283,0.9223573683730757,nan,adiabatic_expansion,3785,1.1146639167236572e-13,32;0;0;0
56.90000000000054,29.54005628156407,0.919186485151717,nan,adiabatic_expansion,3790,1.1213252548714081e-13,32;0;0;0
57.00000000000054,29.53993570927153,0.9191864851517171,nan,adiabatic_expansion,3794,1.1213252548714081e-13,32;0;0;0
57.10000000000054,29.539768770271298,0.8496895950405826,nan,adiabatic_expansion,3804,1.1618483952702263e-13,32;0;0;0
57.20000000000054,29.53953345674876,0.8950284075100774,nan,adiabatic_expansion,3810,1.1685097334179773e-13,32;0;0;0
57.300000000000544,29.5392982766053,0.9443127093595062,nan,adiabatic_expansion,3816,1.2023715356690445e-13,32;0;0;0
57.400000000000546,29.539003029207237,0.9443800489097901,nan,adiabatic_expansion,3821,1.1823875212257917e-13,32;0;0;0
57.50000000000055,29.538694028292635,0.9158905701568855,nan,adiabatic_expansion,3829,1.1829426327381043e-13,32;0;0;0
57.60000000000055,29.538385135421837,0.9001946018421031,nan,adiabatic_expansion,3835,1.197930643570544e-13,32;0;0;0
57.70000000000055,29.538076359160787,0.9001946018421032,nan,adiabatic_expansion,3838,1.1735057370287905e-13,32;0;0;0
57.80000000000055,29.53776770809253,0.9317682909882583,nan,adiabatic_expansion,3843,1.2051470932306074e-13,32;0;0;0
57.90000000000055,29.5374515190191,0.9378027044500139,nan,adiabatic_expansion,3850,1.1879386363489175e-13,32;0;0;0
58.000000000000554,29.537024261564593,0.9363177166056901,nan,adiabatic_expansion,3860,1.2284617767477357e-13,32;0;0;0
58.100000000000556,29.536573824837497,0.9311427499603642,nan,adiabatic_expansion,3867,1.2179146580137967e-13,32;0;0;0
58.20000000000056,29.53612351094886,0.918154465442077,nan,adiabatic_expansion,3873,1.1995959781074816e-13,32;0;0;0
58.30000000000056,29.53567334013914,0.9210431991614054,nan,adiabatic_expansion,3879,1.2406742300186124e-13,32;0;0;0
58.40000000000056,29.53522332977106,0.9286766366612036,nan,adiabatic_expansion,3886,1.2340128918708615e-13,32;0;0;0
58.50000000000056,29.534773494005897,0.924531053948466,nan,adiabatic_expansion,3893,1.2173595465014841e-13,32;0;0;0
58.60000000000056,29.534323843648696,0.9189443208492964,nan,adiabatic_expansion,3899,1.2456702336294256e-13,32;0;0;0
58.700000000000564,29.53387438619844,0.9039551872490491,nan,adiabatic_expansion,3906,1.212363542890671e-13,32;0;0;0
58.800000000000566,29.533423202268136,0.9347003654307205,nan,adiabatic_expansion,3911,1.2562173523633646e-13,32;0;0;0
58.90000000000057,29.5329685311456,0.9357663097474718,nan,adiabatic_expansion,3917,1.2168044349891716e-13,32;0;0;0
59.00000000000057,25.190778645475344,0.7957293093427179,nan,cold,3928,1.1790568521519162e-13,32;0;0;0
59.10000000000057,29.316381830153617,0.9247740046750942,nan,cold,3935,1.1762812945903534e-13,32;0;0;0
59.20000000000057,27.606960006141737,0.8734298997204549,nan,cold,3944,1.199040866595169e-13,32;0;0;0
59.30000000000057,26.9228053012345,0.8472777786559644,nan,cold,3956,1.2051470932306074e-13,32;0;0;0
59.400000000000574,26.84087574813293,0.8470798823154828,nan,cold,3959,1.2168044349891716e-13,32;0;0;0
59.500000000000576,26.84044981485816,0.8522850290067994,nan,cold,3964,1.1757261830780408e-13,32;0;0;0
59.60000000000058,26.600144491195937,0.8418275665592752,nan,cold,3977,1.2773115898312426e-13,32;0;0;0
59.70000000000058,26.674901525029917,0.8356427625181168,nan,cold,3980,1.2850831510036187e-13,32;0;0;0
59.80000000000058,26.30343692829446,0.8286760647835558,nan,cold,3985,1.2528866832894892e-13,32;0;0;0
59.90000000000058,26.348388584093062,0.8367214227957561,nan,cold,3994,1.2551071293387395e-13,32;0;0;0
60.00000000000058,26.500491875980185,0.8461379804517929,nan,cold,4006,1.2667644710973036e-13,32;0;0;0
60.100000000000584,29.40627419485006,0.9291839623757355,nan,cold,4014,1.3183898417423734e-13,32;0;0;0
60.200000000000585,30.417281592456835,0.9689392086176459,nan,cold,4020,1.346700528870315e-13,32;0;0;0
60.30000000000059,25.956045851302928,0.8329758365898211,nan,cold,4030,1.3139489496438728e-13,32;0;0;0
60.40000000000059,26.57714659201858,0.8543722851012268,nan,cold,4040,1.2501111257279263e-13,32;0;0;0
60.50000000000059,26.666276337013343,0.8529327317370217,nan,cold,4046,1.2523315717771766e-13,32;0;0;0
60.60000000000059,28.77037494906244,0.922742536419435,nan,cold,4051,1.2589929099249275e-13,32;0;0;0
60.70000000000059,29.06688574102619,0.9240088707495038,nan,cold,4059,1.262323578998803e-13,32;0;0;0
60.800000000000594,28.005984241970765,0.8858784146703871,nan,cold,4065,1.295075158225245e-13,32;0;0;0
60.900000000000595,30.902876334976465,0.9745588750997184,nan,cold,4069,1.295075158225245e-13,32;0;0;0
61.0000000000006,30.588715149330397,0.9732241744522298,nan,cold,4074,1.3133938381315602e-13,32;0;0;0
61.1000000000006,32.43359787712863,1.0193736059960647,nan,cold,4079,1.2495560142156137e-13,32;0;0;0
61.2000000000006,32.20397518225998,1.0283708238032363,nan,cold,4090,1.305622276959184e-13,32;0;0;0
61.3000000000006,28.24832759232793,0.887315608133579,nan,cold,4101,1.2922996006636822e-13,32;0;0;0
61.4000000000006,22.21136614332373,0.674628428557081,nan,cold,4106,1.2706502516834917e-13,32;0;0;0
61.500000000000604,23.413595821332002,0.689013362976601,nan,cold,4112,1.3072876114961218e-13,32;0;0;0
61.600000000000605,23.138818893284668,0.6973217041487051,nan,cold,4121,1.20570220474292e-13,32;0;0;0
61.70000000000061,23.10374658695772,0.6645469094890822,nan,cold,4128,1.2295719997723609e-13,32;0;0;0
61.80000000000061,23.8694852727892,0.7222791178375779,nan,cold,4135,1.201816424156732e-13,32;0;0;0
61.90000000000061,24.662648374583316,0.733175113372592,nan,cold,4138,1.216249323476859e-13,32;0;0;0
62.00000000000061,24.05802407203786,0.7567215492465881,nan,cold,4144,1.2256862191861728e-13,32;0;0;0
62.10000000000061,23.581415040888807,0.740607954253493,nan,adiabatic_expansion,4152,1.192379528447418e-13,32;0;0;0
62.200000000000614,23.58097039839848,0.7327163220887261,nan,adiabatic_expansion,4162,1.226796442210798e-13,32;0;0;0
62.300000000000615,23.580525956425593,0.7432139713273539,nan,adiabatic_expansion,4169,1.1823875212257917e-13,32;0;0;0
62.40000000000062,23.58008677561978,0.7386731837655864,nan,adiabatic_expansion,4178,1.1551870571224754e-13,32;0;0;0
62.50000000000062,23.579649810550645,0.7319127293018817,nan,adiabatic_expansion,4181,1.1585177261963508e-13,32;0;0;0
62.60000000000062,23.579213058512472,0.7245657355491083,nan,adiabatic_expansion,4191,1.1790568521519162e-13,32;0;0;0
62.70000000000062,23.578792686450207,0.7436330477587569,nan,adiabatic_expansion,4196,1.1651790643441018e-13,32;0;0;0
62.80000000000062,23.578376002412632,0.744340838469863,nan,adiabatic_expansion,4201,1.1524114995609125e-13,32;0;0;0
62.900000000000624,23.577983532628682,0.7399476188040555,nan,adiabatic_expansion,4208,1.166289287368727e-13,32;0;0;0
63.000000000000625,23.577607573869095,0.729121742780224,nan,adiabatic_expansion,4219,1.2090328738167955e-13,32;0;0;0
63.10000000000063,23.57725433207606,0.7076101262894627,nan,adiabatic_expansion,4226,1.2101430968414206e-13,32;0;0;0
63.20000000000063,23.576908081149753,0.7127706289556853,nan,adiabatic_expansion,4231,1.2079226507921703e-13,32;0;0;0
63.30000000000063,23.57659229976232,0.7040323528628433,nan,adiabatic_expansion,4236,1.1829426327381043e-13,32;0;0;0
63.40000000000063,23.576323860680592,0.7210669993901389,nan,adiabatic_expansion,4243,1.187383524836605e-13,32;0;0;0
63.50000000000063,23.576055676938587,0.6955154461927601,nan,adiabatic_expansion,4245,1.1818324097134791e-13,32;0;0;0
63.600000000000634,23.57578775385401,0.7326972400042764,nan,adiabatic_expansion,4251,1.1629586182948515e-13,32;0;0;0
63.700000000000635,23.575525888174695,0.7505478120032382,nan,adiabatic_expansion,4259,1.1551870571224754e-13,32;0;0;0
63.80000000000064,23.575303648601675,0.7467547242875153,nan,adiabatic_expansion,4261,1.1746159600534156e-13,32;0;0;0
63.90000000000064,23.575081660664424,0.7493502037787743,nan,adiabatic_expansion,4263,1.1551870571224754e-13,32;0;0;0
64.00000000000064,23.57485992710247,0.7561356001230364,nan,adiabatic_expansion,4271,1.202926647181357e-13,32;0;0;0
64.10000000000063,23.574638450541546,0.7515995803801541,nan,adiabatic_expansion,4278,1.2223555501122974e-13,32;0;0;0
64.20000000000063,23.574417233476552,0.7326164814134772,nan,adiabatic_expansion,4282,1.249000902703301e-13,32;0;0;0
64.30000000000062,23.574196278255503,0.7492518249022961,nan,adiabatic_expansion,4288,1.2367884494324244e-13,32;0;0;0
64.40000000000062,23.573975587064812,0.704434891218018,nan,adiabatic_expansion,4298,1.2317924458216112e-13,32;0;0;0
64.50000000000061,23.573755161915695,0.6644180387859936,nan,adiabatic_expansion,4300,1.2462253451417382e-13,32;0;0;0
64.6000000000006,23.573535004631488,0.6851783802765635,nan,adiabatic_expansion,4306,1.2378986724570495e-13,32;0;0;0
64.7000000000006,23.573434856595597,0.7487344861584421,nan,adiabatic_expansion,4315,1.2206902155753596e-13,32;0;0;0
64.8000000000006,23.573424575091728,0.7560372927160971,nan,adiabatic_expansion,4322,1.212363542890671e-13,32;0;0;0
64.90000000000059,23.573414491900255,0.7516970083483306,nan,adiabatic_expansion,4327,1.2007062011321068e-13,32;0;0;0
65.00000000000058,23.57333919706462,0.7462614929921112,nan,adiabatic_expansion,4334,1.2639889135357407e-13,32;0;0;0
65.10000000000058,23.573219398697223,0.7474621009933939,nan,adiabatic_expansion,4335,1.2323475573339238e-13,32;0;0;0
65.20000000000057,23.572955023465624,0.7502026628640761,nan,adiabatic_expansion,4342,1.2040368702059823e-13,32;0;0;0
65.30000000000057,23.572688922568087,0.7516242453495589,nan,adiabatic_expansion,4351,1.2045919817182948e-13,32;0;0;0
65.40000000000056,23.572422924285252,0.7499182841341921,nan,adiabatic_expansion,4361,1.2173595465014841e-13,32;0;0;0
65.50000000000055,23.572157033065718,0.7379678174321016,nan,adiabatic_expansion,4363,1.233457780358549e-13,32;0;0;0
65.60000000000055,23.571857064917914,0.7153131785964305,nan,adiabatic_expansion,4373,1.2390088954816747e-13,32;0;0;0
65.70000000000054,23.57147859667888,0.7060519374008017,nan,adiabatic_expansion,4381,1.2340128918708615e-13,32;0;0;0
65.80000000000054,23.57110017676554,0.708372863568488,nan,adiabatic_expansion,4385,1.2551071293387395e-13,32;0;0;0
65.90000000000053,23.570721820517456,0.7358803233032691,nan,adiabatic_expansion,4390,1.2395640069939873e-13,32;0;0;0
66.00000000000053,23.570343543555794,0.7156692321994574,nan,adiabatic_expansion,4395,1.20570220474292e-13,32;0;0;0
66.10000000000052,23.56996536149189,0.706944023879089,nan,adiabatic_expansion,4399,1.2562173523633646e-13,32;0;0;0
66.20000000000051,23.569587289636214,0.7320479979866255,nan,adiabatic_expansion,4408,1.2223555501122974e-13,32;0;0;0
66.30000000000051,23.569209342715943,0.7321000051586464,nan,adiabatic_expansion,4414,1.2256862191861728e-13,32;0;0;0
66.4000000000005,23.568831534605835,0.7146036976491947,nan,adiabatic_expansion,4419,1.2612133559741778e-13,32;0;0;0
66.5000000000005,23.568453878084053,0.7137796141559474,nan,adiabatic_expansion,4421,1.230682222796986e-13,32;0;0;0
66.60000000000049,23.56807638461772,0.694497582413221,nan,adiabatic_expansion,4429,1.2323475573339238e-13,32;0;0;0
66.70000000000049,23.567668872381713,0.7312201149282342,nan,adiabatic_expansion,4435,1.2417844530432376e-13,32;0;0;0
66.80000000000048,23.567218210454072,0.7362251154192683,nan,adiabatic_expansion,4442,1.2279066652354231e-13,32;0;0;0
66.90000000000047,23.566767733709703,0.7296245578935483,nan,adiabatic_expansion,4447,1.2317924458216112e-13,32;0;0;0
67.00000000000047,23.566316347626348,0.7399561347582425,nan,adiabatic_expansion,4451,1.2151391004522338e-13,32;0;0;0
67.10000000000046,23.565863082441712,0.737831469836384,nan,adiabatic_expansion,4458,1.2045919817182948e-13,32;0;0;0
67.20000000000046,23.56540999228815,0.7396364737655053,nan,adiabatic_expansion,4467,1.2928547121759948e-13,32;0;0;0
67.30000000000045,22.22427988854488,0.6681733574120704,nan,cold,4475,1.251776460264864e-13,32;0;0;0
67.40000000000045,22.93156882108836,0.6724585593990914,nan,cold,4479,1.2734258092450546e-13,32;0;0;0
67.50000000000044,22.931116228839066,0.6724585593990912,nan,cold,4480,1.2601031329495527e-13,32;0;0;0
67.60000000000043,22.546607466112448,0.6740664804589723,nan,cold,4490,1.2617684674864904e-13,32;0;0;0
67.70000000000043,22.612346598218195,0.6239034358030687,nan,cold,4495,1.2867484855405564e-13,32;0;0;0
67.80000000000042,24.588603967319226,0.7284150638246271,nan,cold,4500,1.268984917146554e-13,32;0;0;0
67.90000000000042,23.20110311158721,0.6891599754274335,nan,cold,4503,1.2534417948018017e-13,32;0;0;0
68.00000000000041,23.202741300446238,0.7129495375978394,nan,cold,4511,1.20570220474292e-13,32;0;0;0
68.1000000000004,22.18372099385871,0.6852374394336861,nan,cold,4515,1.1945999744966684e-13,32;0;0;0
68.2000000000004,26.961086148035044,0.841087046874953,nan,cold,4527,1.1618483952702263e-13,32;0;0;0
68.3000000000004,28.397770510492972,0.8849994809534991,nan,cold,4538,1.2756462552943049e-13,32;0;0;0
68.40000000000039,28.498772912252072,0.879267991098415,nan,cold,4541,1.2428946760678627e-13,32;0;0;0
68.50000000000038,28.06471337717309,0.8807596021429305,nan,cold,4545,1.184607967275042e-13,32;0;0;0
68.60000000000038,26.30953263838536,0.8174172946839396,nan,cold,4551,1.2234657731369225e-13,32;0;0;0
68.70000000000037,28.776708690762568,0.8652649080133115,nan,cold,4560,1.1984857550828565e-13,32;0;0;0
68.80000000000037,28.547021498899124,0.8806093718531183,nan,cold,4570,1.2512213487525514e-13,32;0;0;0
68.90000000000036,27.508681437579927,0.8728425799353678,nan,cold,4577,1.2212453270876722e-13,32;0;0;0
69.00000000000036,26.223830101870675,0.8226907559423763,nan,cold,4584,1.2023715356690445e-13,32;0;0;0
69.10000000000035,26.00903932478044,0.8211567575420118,nan,cold,4589,1.202926647181357e-13,32;0;0;0
69.20000000000034,24.43585655478503,0.7875439094768796,nan,cold,4595,1.2262413306984854e-13,32;0;0;0
69.30000000000034,25.697876860516452,0.8244647386814228,nan,cold,4602,1.219024881038422e-13,32;0;0;0
69.40000000000033,28.39252487316475,0.8879016266077894,nan,cold,4610,1.2068124277675452e-13,32;0;0;0
69.50000000000033,27.068902706242163,0.8447235483357649,nan,cold,4614,1.2362333379201118e-13,32;0;0;0
69.60000000000032,25.426384144893234,0.8032079053344902,nan,cold,4624,1.226796442210798e-13,32;0;0;0
69.70000000000032,25.96397060144472,0.8085453313641431,nan,cold,4630,1.283417816466681e-13,32;0;0;0
69.80000000000031,24.710393831485604,0.758873715456686,nan,cold,4640,1.2867484855405564e-13,32;0;0;0
69.9000000000003,23.411331535491538,0.720933918809826,nan,cold,4647,1.2867484855405564e-13,32;0;0;0
70.0000000000003,23.778692055586767,0.7247975511168434,nan,cold,4655,1.2634338020234281e-13,32;0;0;0
70.10000000000029,25.01785678561121,0.7402334461009962,nan,cold,4659,1.2723155862204294e-13,32;0;0;0
70.20000000000029,24.695074868728938,0.7370678427695134,nan,cold,4666,1.3133938381315602e-13,32;0;0;0
70.30000000000028,21.8896283749931,0.6647057761768699,nan,cold,4672,1.3050671654468715e-13,32;0;0;0
70.40000000000028,21.59307493050428,0.6537144558170109,nan,cold,4674,1.3217205108162489e-13,32;0;0;0
70.50000000000027,17.50610798306269,0.48591296328547656,nan,cold,4682,1.337263633161001e-13,32;0;0;0
70.60000000000026,17.57013614209471,0.4955171765269956,nan,cold,4689,1.2922996006636822e-13,32;0;0;0
70.70000000000026,17.23716913845487,0.49074073775235577,nan,cold,4696,1.279532035880493e-13,32;0;0;0
70.80000000000025,17.130669569067347,0.4863537449819488,nan,cold,4702,1.3089529460330596e-13,32;0;0;0
70.90000000000025,17.129950226708363,0.48635374498194883,nan,cold,4704,1.2917444891513696e-13,32;0;0;0
71.00000000000024,21.15435086151301,0.6394495340573113,nan,adiabatic_expansion,4712,1.2706502516834917e-13,32;0;0;0
71.10000000000024,21.153631511871325,0.6126719774423335,nan,adiabatic_expansion,4717,1.300626273348371e-13,32;0;0;0
71.20000000000023,21.152912365896643,0.590793181813135,nan,adiabatic_expansion,4724,1.2989609388114332e-13,32;0;0;0
71.30000000000022,21.152193439404716,0.5671005756271865,nan,adiabatic_expansion,4730,1.3328227410625004e-13,32;0;0;0
71.40000000000022,21.151474767327084,0.6109847158793865,nan,adiabatic_expansion,4734,1.3039569424222464e-13,32;0;0;0
71.50000000000021,21.150794837116575,0.6438442609989126,nan,adiabatic_expansion,4741,1.2750911437819923e-13,32;0;0;0
71.60000000000021,21.150153894981756,0.6431635492005684,nan,adiabatic_expansion,4746,1.251776460264864e-13,32;0;0;0
71.7000000000002,21.149513361623836,0.6236177330766811,nan,adiabatic_expansion,4751,1.284528039491306e-13,32;0;0;0
71.8000000000002,21.148873307809858,0.6361509671857187,nan,adiabatic_expansion,4754,1.2367884494324244e-13,32;0;0;0
71.90000000000019,21.14824006574007,0.6394383482873904,nan,adiabatic_expansion,4760,1.3261614029147495e-13,32;0;0;0
72.00000000000018,21.147634821395222,0.6433997525684916,nan,adiabatic_expansion,4767,1.2839729279789935e-13,32;0;0;0
72.10000000000018,21.147030216188718,0.6480242662640393,nan,adiabatic_expansion,4773,1.268984917146554e-13,32;0;0;0
72.20000000000017,21.14647173165339,0.6500070296463848,nan,adiabatic_expansion,4775,1.308397834520747e-13,32;0;0;0
72.30000000000017,21.145941141927427,0.6489628272010186,nan,adiabatic_expansion,4786,1.290079154614432e-13,32;0;0;0
72.40000000000016,21.145411182985086,0.6473237459888929,nan,adiabatic_expansion,4791,1.2995160503237457e-13,32;0;0;0
72.50000000000016,21.144881869221155,0.6518360076246973,nan,adiabatic_expansion,4798,1.2534417948018017e-13,32;0;0;0
72.60000000000015,21.144453801503484,0.6615312350596522,nan,adiabatic_expansion,4802,1.2567724638756772e-13,32;0;0;0
72.70000000000014,21.144041038897168,0.6545953884803214,nan,adiabatic_expansion,4808,1.2762013668066174e-13,32;0;0;0
72.80000000000014,21.14362874669414,0.6549742841143061,nan,adiabatic_expansion,4814,1.2501111257279263e-13,32;0;0;0
72.90000000000013,21.14321691789159,0.6529388477538821,nan,adiabatic_expansion,4820,1.270095140171179e-13,32;0;0;0
73.00000000000013,21.142823574276115,0.678340541667608,nan,adiabatic_expansion,4828,1.2562173523633646e-13,32;0;0;0
73.10000000000012,21.14272324793206,0.678402377493048,nan,adiabatic_expansion,4836,1.262323578998803e-13,32;0;0;0
73.20000000000012,21.142667526639315,0.6747969730188008,nan,adiabatic_expansion,4838,1.2645440250480533e-13,32;0;0;0
73.30000000000011,21.14260189702777,0.6569158442223418,nan,adiabatic_expansion,4844,1.2906342661267445e-13,32;0;0;0
73.4000000000001,21.142536457177517,0.6695026185078594,nan,adiabatic_expansion,4847,1.2917444891513696e-13,32;0;0;0
73.5000000000001,21.142471207111182,0.6693369526468713,nan,adiabatic_expansion,4852,1.230682222796986e-13,32;0;0;0
73.6000000000001,21.142393996934352,0.6776964912437144,nan,adiabatic_expansion,4862,1.2179146580137967e-13,32;0;0;0
73.70000000000009,21.142245024821968,0.6796248034065406,nan,adiabatic_expansion,4866,1.224020884649235e-13,32;0;0;0
73.80000000000008,21.142096215189916,0.6796248034065406,nan,adiabatic_expansion,4869,1.2501111257279263e-13,32;0;0;0
73.90000000000008,21.141947567731957,0.6795205714105222,nan,adiabatic_expansion,4874,1.2634338020234281e-13,32;0;0;0
74.00000000000007,21.141767639190142,0.6763723767629611,nan,adiabatic_expansion,4883,1.2284617767477357e-13,32;0;0;0
74.10000000000007,21.14152153063989,0.6715799720429142,nan,adiabatic_expansion,4891,1.2156942119645464e-13,32;0;0;0
74.20000000000006,21.14125311093425,0.6544849194232402,nan,adiabatic_expansion,4898,1.220135104063047e-13,32;0;0;0
74.30000000000005,21.14086996495849,0.6527554231407015,nan,adiabatic_expansion,4902,1.2673195826096162e-13,32;0;0;0
74.40000000000005,21.140486777112113,0.6527554231407015,nan,adiabatic_expansion,4904,1.2423395645555502e-13,32;0;0;0
74.50000000000004,21.14010354861756,0.6441056885684563,nan,adiabatic_expansion,4911,1.2462253451417382e-13,32;0;0;0
74.60000000000004,21.139720282958233,0.6441056885684563,nan,adiabatic_expansion,4912,1.2712053631958042e-13,32;0;0;0
74.70000000000003,21.13928906204024,0.6414393913257119,nan,adiabatic_expansion,4922,1.312283615106935e-13,32;0;0;0
74.80000000000003,21.13861108199249,0.6413934307970393,nan,adiabatic_expansion,4925,1.2406742300186124e-13,32;0;0;0
74.90000000000002,21.137932666987705,0.6394883785597913,nan,adiabatic_expansion,4930,1.2762013668066174e-13,32;0;0;0
75.00000000000001,21.137253888275225,0.6413931836758479,nan,adiabatic_expansion,4934,1.2417844530432376e-13,32;0;0;0
75.10000000000001,21.13657482795715,0.634956652231307,nan,adiabatic_expansion,4941,1.2362333379201118e-13,32;0;0;0
75.2,21.135895574093066,0.6177406623307632,nan,adiabatic_expansion,4946,1.2262413306984854e-13,32;0;0;0
75.3,21.135216215388205,0.6091695635074387,nan,adiabatic_expansion,4949,1.2462253451417382e-13,32;0;0;0
75.39999999999999,21.134524466863972,0.6306336938626079,nan,adiabatic_expansion,4955,1.2712053631958042e-13,32;0;0;0
75.49999999999999,21.133768846918745,0.6302019488863547,nan,adiabatic_expansion,4961,1.2706502516834917e-13,32;0;0;0
75.59999999999998,21.13299863335771,0.6261551917939174,nan,adiabatic_expansion,4970,1.2756462552943049e-13,32;0;0;0
75.69999999999997,21.13222857667434,0.5952037797848833,nan,adiabatic_expansion,4979,1.3022916078853086e-13,32;0;0;0
75.79999999999997,21.13145870865508,0.5927264743635392,nan,adiabatic_expansion,4981,1.2961853812498703e-13,32;0;0;0
75.89999999999996,20.186438362935018,0.5635726383142481,nan,cold,4988,1.2612133559741778e-13,32;0;0;0
75.99999999999996,18.81791149253686,0.5456813924762222,nan,cold,4991,1.2673195826096162e-13,32;0;0;0
76.09999999999995,18.85587455848205,0.5583448782416555,nan,cold,4998,1.2262413306984854e-13,32;0;0;0
76.19999999999995,19.365781924159492,0.5692043581323736,nan,cold,5001,1.2212453270876722e-13,32;0;0;0
76.29999999999994,19.934110903730534,0.595974744067722,nan,cold,5006,1.2168044349891716e-13,32;0;0;0
76.39999999999993,18.402364732149206,0.5521278207521508,nan,cold,5015,1.2090328738167955e-13,32;0;0;0
76.49999999999993,18.77987222174504,0.5726576516014679,nan,cold,5021,1.2706502516834917e-13,32;0;0;0
76.59999999999992,21.208765950268383,0.6572401084036548,nan,cold,5025,1.2445600106048005e-13,32;0;0;0
76.69999999999992,23.326431704598164,0.7222382928722928,nan,cold,5027,1.2434497875801753e-13,32;0;0;0
76.79999999999991,23.31982466632939,0.7095558020810713,nan,cold,5034,1.2534417948018017e-13,32;0;0;0
76.8999999999999,21.87699531793279,0.6586417390155447,nan,cold,5046,1.2473355681663634e-13,32;0;0;0
76.9999999999999,26.27387040241267,0.7756218164411306,nan,cold,5057,1.2995160503237457e-13,32;0;0;0
77.0999999999999,24.27724333231261,0.741005004330707,nan,cold,5064,1.27675647831893e-13,32;0;0;0
77.19999999999989,24.928111605109144,0.7838823399358089,nan,cold,5066,1.3050671654468715e-13,32;0;0;0
77.29999999999988,24.97307351791806,0.7856320384321778,nan,cold,5072,1.2934098236883074e-13,32;0;0;0
77.39999999999988,21.70976267263059,0.697126093390253,nan,cold,5080,1.2922996006636822e-13,32;0;0;0
77.49999999999987,21.800153781362418,0.6989586619315787,nan,cold,5084,1.2745360322696797e-13,32;0;0;0
77.59999999999987,22.649825589049353,0.7201680819242807,nan,cold,5091,1.2279066652354231e-13,32;0;0;0
77.69999999999986,20.536015320071115,0.6498493235400785,nan,cold,5099,1.233457780358549e-13,32;0;0;0
77.79999999999986,20.883404063644736,0.6608321457651917,nan,cold,5103,1.2284617767477357e-13,32;0;0;0
77.89999999999985,23.614714005758344,0.7342204862249596,nan,cold,5112,1.2234657731369225e-13,32;0;0;0
77.99999999999984,23.614863262895714,0.7331185008539226,nan,cold,5114,1.2312373343092986e-13,32;0;0;0
78.09999999999984,22.519164372969403,0.6878780072019149,nan,cold,5117,1.2023715356690445e-13,32;0;0;0
78.19999999999983,21.056301799654197,0.6542845392924097,nan,cold,5126,1.2012613126444194e-13,32;0;0;0
78.29999999999983,18.033060743332967,0.5606719741716231,nan,cold,5133,1.2062573162552326e-13,32;0;0;0
78.39999999999982,21.802699729113883,0.6744979818510427,nan,cold,5137,1.245115122117113e-13,32;0;0;0
78.49999999999982,21.965601349945377,0.6855176290802885,nan,cold,5144,1.2506662372402388e-13,32;0;0;0
78.59999999999981,21.149284811102316,0.6661571683862025,nan,cold,5149,1.2329026688462363e-13,32;0;0;0
78.6999999999998,21.776719252546037,0.6899917251908148,nan,cold,5154,1.2245759961615477e-13,32;0;0;0
78.7999999999998,19.166985060183375,0.6012039194519467,nan,cold,5160,1.2023715356690445e-13,32;0;0;0
78.89999999999979,18.371168112063494,0.578398568876605,nan,cold,5169,1.1812772982011666e-13,32;0;0;0
78.99999999999979,16.838735968985898,0.5260747753180903,nan,cold,5173,1.1785017406396037e-13,32;0;0;0
79.09999999999978,17.663884380038763,0.5400673404756345,nan,cold,5180,1.209587985329108e-13,32;0;0;0
79.19999999999978,15.714923549464164,0.4566692176976935,nan,cold,5185,1.2079226507921703e-13,32;0;0;0
79.29999999999977,14.261044139612173,0.4213142978180958,nan,cold,5190,1.220135104063047e-13,32;0;0;0
79.39999999999976,14.260597393564304,0.4293294505761572,nan,cold,5192,1.2179146580137967e-13,32;0;0;0
79.49999999999976,14.260149560870357,0.42932945057615723,nan,cold,5193,1.2040368702059823e-13,32;0;0;0
79.59999999999975,14.796580764784593,0.4523122812028066,nan,cold,5206,1.2007062011321068e-13,32;0;0;0
79.69999999999975,15.194063695358095,0.46150555077964295,nan,cold,5209,1.2145839889399213e-13,32;0;0;0
79.79999999999974,15.839162024939474,0.48218256432984236,nan,adiabatic_expansion,5220,1.197930643570544e-13,32;0;0;0
79.89999999999974,15.838714934274686,0.48270182309008386,nan,adiabatic_expansion,5221,1.202926647181357e-13,32;0;0;0
79.99999999999973,15.838268044091004,0.48270182309008386,nan,adiabatic_expansion,5222,1.2090328738167955e-13,32;0;0;0
80.09999999999972,15.837822149271213,0.4865780094155176,nan,adiabatic_expansion,5225,1.226796442210798e-13,32;0;0;0
80.19999999999972,15.837379589830224,0.48657800941551765,nan,adiabatic_expansion,5226,1.2118084313783584e-13,32;0;0;0
80.29999999999971,15.836937243684423,0.48852961537278633,nan,adiabatic_expansion,5236,1.1907141939104804e-13,32;0;0;0
80.39999999999971,15.836495120725827,0.48218161600243603,nan,adiabatic_expansion,5239,1.2256862191861728e-13,32;0;0;0
80.4999999999997,15.836066319998755,0.4724744646049249,nan,adiabatic_expansion,5246,1.22291066162461e-13,32;0;0;0
80.5999999999997,15.835669046539307,0.48629679750555493,nan,adiabatic_expansion,5254,1.20570220474292e-13,32;0;0;0
80.69999999999969,15.835331442764264,0.4766931888350009,nan,adiabatic_expansion,5257,1.201816424156732e-13,32;0;0;0
80.79999999999968,15.83499408764384,0.4888218163345679,nan,adiabatic_expansion,5259,1.195155086008981e-13,32;0;0;0
80.89999999999968,15.834656990798234,0.4930555742131656,nan,adiabatic_expansion,5263,1.201816424156732e-13,32;0;0;0
80.99999999999967,15.83432016232748,0.48839309444617035,nan,adiabatic_expansion,5269,1.2223555501122974e-13,32;0;0;0
81.09999999999967,15.833983612657288,0.485171567308092,nan,adiabatic_expansion,5275,1.2428946760678627e-13,32;0;0;0
81.19999999999966,15.83364735237776,0.485171567308092,nan,adiabatic_expansion,5275,1.2551071293387395e-13,32;0;0;0
81.29999999999966,15.833311392080553,0.4970484858100252,nan,adiabatic_expansion,5281,1.2367884494324244e-13,32;0;0;0
81.39999999999965,15.832975742198089,0.49843575948539703,nan,adiabatic_expansion,5284,1.251776460264864e-13,32;0;0;0
81.49999999999964,15.832674511635997,0.4823811906981458,nan,adiabatic_expansion,5290,1.2351231148954867e-13,32;0;0;0
81.59999999999964,15.832470515718152,0.4938816332247941,nan,adiabatic_expansion,5297,1.2495560142156137e-13,32;0;0;0
81.69999999999963,15.832266769043457,0.49623195905101913,nan,adiabatic_expansion,5302,1.2406742300186124e-13,32;0;0;0
81.79999999999963,15.832119226802387,0.4914684614375541,nan,adiabatic_expansion,5304,1.2462253451417382e-13,32;0;0;0
81.89999999999962,15.831998428969367,0.48264143752705063,nan,adiabatic_expansion,5311,1.245115122117113e-13,32;0;0;0
81.99999999999962,15.831877849070356,0.49086358028982524,nan,adiabatic_expansion,5314,1.251776460264864e-13,32;0;0;0
82.09999999999961,15.831801362668322,0.48590252040115967,nan,adiabatic_expansion,5321,1.2462253451417382e-13,32;0;0;0
82.1999999999996,15.831771497408042,0.48216458315459026,nan,adiabatic_expansion,5327,1.2428946760678627e-13,32;0;0;0
82.2999999999996,15.831741831877222,0.4913436306473552,nan,adiabatic_expansion,5328,1.2501111257279263e-13,32;0;0;0
82.3999999999996,15.83161841747252,0.46853512580614454,nan,adiabatic_expansion,5338,1.2356782264077992e-13,32;0;0;0
82.49999999999959,15.831454256457377,0.48100756268076966,nan,adiabatic_expansion,5342,1.265099136560366e-13,32;0;0;0
82.59999999999958,15.831290258543437,0.4869786036923501,nan,adiabatic_expansion,5346,1.2506662372402388e-13,32;0;0;0
82.69999999999958,15.831126424908284,0.4977369077198517,nan,adiabatic_expansion,5350,1.241229341530925e-13,32;0;0;0
82.79999999999957,15.830962756763947,0.5063087882749985,nan,adiabatic_expansion,5354,1.2512213487525514e-13,32;0;0;0
82.89999999999957,15.830799255352689,0.5053632373674172,nan,adiabatic_expansion,5361,1.2378986724570495e-13,32;0;0;0
82.99999999999956,15.830578036005733,0.49673194854667274,nan,adiabatic_expansion,5370,1.2539969063141143e-13,32;0;0;0
83.09999999999955,15.830301181858049,0.48972004032394945,nan,adiabatic_expansion,5372,1.244004899092488e-13,32;0;0;0
83.19999999999955,15.830024448384435,0.49429741403396155,nan,adiabatic_expansion,5375,1.2506662372402388e-13,32;0;0;0
83.29999999999954,15.829747841713722,0.5003216931558012,nan,adiabatic_expansion,5382,1.2523315717771766e-13,32;0;0;0
83.39999999999954,15.829471368041181,0.5006909217499604,nan,adiabatic_expansion,5387,1.2351231148954867e-13,32;0;0;0
83.49999999999953,15.82919503356716,0.49061586246974936,nan,adiabatic_expansion,5391,1.238453783969362e-13,32;0;0;0
83.59999999999953,15.828918844436217,0.5007767118516081,nan,adiabatic_expansion,5397,1.244004899092488e-13,32;0;0;0
83.69999999999952,15.828642806677196,0.49450703174069793,nan,adiabatic_expansion,5404,1.2395640069939873e-13,32;0;0;0
83.79999999999951,15.828366926144714,0.4977093221622492,nan,adiabatic_expansion,5409,1.237343560944737e-13,32;0;0;0
83.89999999999951,15.828091208463249,0.5039276528242705,nan,adiabatic_expansion,5417,1.2390088954816747e-13,32;0;0;0
83.9999999999995,15.827815658974728,0.49648268946258306,nan,adiabatic_expansion,5422,1.249000902703301e-13,32;0;0;0
84.0999999999995,15.827540282690217,0.5014515521827023,nan,adiabatic_expansion,5426,1.272870697732742e-13,32;0;0;0
84.19999999999949,15.827265084246688,0.4927930685361323,nan,adiabatic_expansion,5428,1.2745360322696797e-13,32;0;0;0
84.29999999999949,15.826978950626193,0.4794111606405768,nan,adiabatic_expansion,5434,1.266209359584991e-13,32;0;0;0
84.39999999999948,15.826688008568578,0.47941116064057687,nan,adiabatic_expansion,5438,1.2645440250480533e-13,32;0;0;0
84.49999999999947,15.826397254716241,0.4935984153642612,nan,adiabatic_expansion,5441,1.2634338020234281e-13,32;0;0;0
84.59999999999947,15.826106692371502,0.49935023899479286,nan,adiabatic_expansion,5446,1.2634338020234281e-13,32;0;0;0
84.69999999999946,15.825816324238685,0.49726721405269836,nan,adiabatic_expansion,5451,1.254552017826427e-13,32;0;0;0
84.79999999999946,15.825526152437739,0.48231541972506187,nan,adiabatic_expansion,5456,1.22291066162461e-13,32;0;0;0
84.89999999999945,15.825236178536011,0.4845912657972122,nan,adiabatic_expansion,5459,1.226796442210798e-13,32;0;0;0
84.99999999999945,15.824946403599153,0.4845912657972122,nan,adiabatic_expansion,5459,1.2356782264077992e-13,32;0;0;0
85.09999999999944,15.824656357805024,0.4911711836896565,nan,adiabatic_expansion,5467,1.2340128918708615e-13,32;0;0;0
85.19999999999943,15.824365700685574,0.4914878557158324,nan,adiabatic_expansion,5474,1.2528866832894892e-13,32;0;0;0
85.29999999999943,15.846129305078401,0.4955479838111348,nan,cold,5482,1.2312373343092986e-13,32;0;0;0
85.39999999999942,17.57519992200382,0.5531620419439394,nan,cold,5486,1.2673195826096162e-13,32;0;0;0
85.49999999999942,16.040235751854876,0.48879428935764124,nan,cold,5495,1.1879386363489175e-13,32;0;0;0
85.59999999999941,16.039949826529465,0.4887942893576412,nan,cold,5496,1.2129186544029835e-13,32;0;0;0
85.6999999999994,16.039664105416943,0.4887942893576413,nan,cold,5498,1.2012613126444194e-13,32;0;0;0
85.7999999999994,18.4573609113709,0.5576161439482235,nan,cold,5505,1.2079226507921703e-13,32;0;0;0
85.8999999999994,18.308421296420892,0.49543622882581273,nan,cold,5509,1.2378986724570495e-13,32;0;0;0
85.99999999999939,17.115264054245653,0.47291934134691055,nan,cold,5513,1.1907141939104804e-13,32;0;0;0
86.09999999999938,17.157114665225006,0.466352317329054,nan,cold,5515,1.2717604747081168e-13,32;0;0;0
86.19999999999938,16.9291394866073,0.46935315337632766,nan,cold,5518,1.2589929099249275e-13,32;0;0;0
86.29999999999937,18.616694532860993,0.5436905417230009,nan,cold,5521,1.2678746941219288e-13,32;0;0;0
86.39999999999937,18.42204567723528,0.5697329328879033,nan,cold,5527,1.1712852909795402e-13,32;0;0;0
86.49999999999936,16.985112047202335,0.5315973741317098,nan,cold,5536,1.1829426327381043e-13,32;0;0;0
86.59999999999935,18.754495907892796,0.5763708796526067,nan,cold,5545,1.1962653090336062e-13,32;0;0;0
86.69999999999935,20.38974060461411,0.6287623354677687,nan,cold,5552,1.1707301794672276e-13,32;0;0;0
86.79999999999934,21.056924091855606,0.6368451702146827,nan,cold,5555,1.1723955140041653e-13,32;0;0;0
86.89999999999934,20.40710882807351,0.5697567979534491,nan,cold,5560,1.187383524836605e-13,32;0;0;0
86.99999999999933,21.713872448743725,0.6491953969775621,nan,cold,5564,1.1690648449302898e-13,32;0;0;0
87.09999999999933,22.034048161694955,0.6959269536284236,nan,cold,5569,1.1540768340978502e-13,32;0;0;0
87.19999999999932,20.05367860633998,0.6393654965537254,nan,cold,5574,1.1812772982011666e-13,32;0;0;0
87.29999999999932,17.77102695973436,0.5665875790566806,nan,cold,5583,1.2101430968414206e-13,32;0;0;0
87.39999999999931,15.47156040322533,0.4861717112459916,nan,cold,5591,1.2578826869003024e-13,32;0;0;0
87.4999999999993,15.471507360455604,0.4861717112459916,nan,cold,5595,1.234568003383174e-13,32;0;0;0
87.5999999999993,17.68424719542105,0.5555454325696223,nan,cold,5598,1.2173595465014841e-13,32;0;0;0
87.69999999999929,17.10408565704266,0.5450155906155375,nan,cold,5604,1.245115122117113e-13,32;0;0;0
87.79999999999929,17.298952845117224,0.5548196155114454,nan,cold,5608,1.2251311076738602e-13,32;0;0;0
87.89999999999928,16.174118413589557,0.5179447820610967,nan,cold,5614,1.2262413306984854e-13,32;0;0;0
87.99999999999928,16.458050630602727,0.5240570166601695,nan,cold,5619,1.209587985329108e-13,32;0;0;0
88.09999999999927,16.40039724564777,0.5256869636603774,nan,cold,5621,1.2012613126444194e-13,32;0;0;0
88.19999999999926,17.3273557888206,0.5558070186648492,nan,cold,5627,1.2223555501122974e-13,32;0;0;0
88.29999999999926,13.468405587119385,0.4247747164509034,nan,cold,5630,1.1790568521519162e-13,32;0;0;0
88.39999999999925,14.358629043912684,0.4583200041351158,nan,cold,5636,1.1929346399597307e-13,32;0;0;0
88.49999999999925,15.542241449202628,0.4891523546722033,nan,cold,5638,1.212363542890671e-13,32;0;0;0
88.59999999999924,13.369048627599337,0.42825623728578965,nan,cold,5642,1.1907141939104804e-13,32;0;0;0
88.69999999999924,13.368874257048738,0.42825623728578965,nan,cold,5645,1.2106982083537332e-13,32;0;0;0
88.79999999999923,13.30470714297368,0.4243811570267369,nan,cold,5648,1.213473765915296e-13,32;0;0;0
88.89999999999922,14.220545058977132,0.45440892777124176,nan,cold,5652,1.1918244169351055e-13,32;0;0;0
88.99999999999922,16.619298064700843,0.525244074397363,nan,cold,5662,1.2168044349891716e-13,32;0;0;0
89.09999999999921,16.910698002031317,0.5342828311763846,nan,cold,5664,1.2206902155753596e-13,32;0;0;0
89.1999999999992,16.813852943977516,0.5193418113805092,nan,cold,5668,1.2112533198660458e-13,32;0;0;0
89.2999999999992,20.76549477369369,0.6374983633251112,nan,cold,5676,1.1429746038515987e-13,32;0;0;0
89.3999999999992,21.271948495793833,0.6441015912822957,nan,cold,5682,1.1252110354575962e-13,32;0;0;0
89.49999999999919,27.983140857081214,0.8838379354525197,nan,cold,5689,1.1723955140041653e-13,32;0;0;0
89.59999999999918,25.5436353848379,0.815983557881541,nan,cold,5697,1.1357581541915351e-13,32;0;0;0
89.69999999999918,25.543429775714415,0.8199013227360747,nan,adiabatic_expansion,5700,1.1246559239452836e-13,32;0;0;0
89.79999999999917,25.543224457862785,0.786783477901114,nan,adiabatic_expansion,5708,1.1735057370287905e-13,32;0;0;0
89.89999999999917,25.54301934329188,0.8069397826788484,nan,adiabatic_expansion,5712,1.152966611073225e-13,32;0;0;0
89.99999999999916,25.542814428852225,0.8008855820951807,nan,adiabatic_expansion,5718,1.1618483952702263e-13,32;0;0;0
90.09999999999916,25.54260989950187,0.8107021367657837,nan,adiabatic_expansion,5720,1.1507461650239748e-13,32;0;0;0
90.19999999999915,25.542409211401736,0.8205232081948697,nan,adiabatic_expansion,5723,1.1146639167236572e-13,32;0;0;0
90.29999999999914,25.54220872417003,0.8128426419071705,nan,adiabatic_expansion,5730,1.0980105713542798e-13,32;0;0;0
90.39999999999914,25.54201220742457,0.8203443505480074,nan,adiabatic_expansion,5733,1.1390888232654106e-13,32;0;0;0
90.49999999999913,25.54181602087206,0.8118984680002909,nan,adiabatic_expansion,5739,1.13464793116691e-13,32;0;0;0
90.59999999999913,25.541622565177256,0.8119440939391831,nan,adiabatic_expansion,5744,1.1579626146840383e-13,32;0;0;0
90.69999999999912,25.541440732014546,0.8019992381088222,nan,adiabatic_expansion,5753,1.141309269314661e-13,32;0;0;0
90.79999999999912,25.54125910228188,0.8017566710029379,nan,adiabatic_expansion,5758,1.192379528447418e-13,32;0;0;0
90.89999999999911,25.54109487897103,0.816844726994753,nan,adiabatic_expansion,5765,1.2007062011321068e-13,32;0;0;0
90.9999999999991,25.5409568211678,0.806429979121527,nan,adiabatic_expansion,5771,1.209587985329108e-13,32;0;0;0
91.0999999999991,25.540818966630706,0.7922975991570949,nan,adiabatic_expansion,5774,1.195155086008981e-13,32;0;0;0
91.1999999999991,25.540681315782276,0.8080942550534345,nan,adiabatic_expansion,5784,1.2001510896197942e-13,32;0;0;0
91.29999999999909,25.54054386906823,0.8144961457910576,nan,adiabatic_expansion,5790,1.208477762304483e-13,32;0;0;0
91.39999999999908,25.540406626956205,0.8024838127341962,nan,adiabatic_expansion,5796,1.1857181902996672e-13,32;0;0;0
91.49999999999908,25.540295506312194,0.8169145138346618,nan,adiabatic_expansion,5800,1.1851630787873546e-13,32;0;0;0
91.59999999999907,25.54019275827442,0.7831837753723131,nan,adiabatic_expansion,5807,1.1723955140041653e-13,32;0;0;0
91.69999999999906,25.540126290227747,0.764989419955031,nan,adiabatic_expansion,5814,1.2173595465014841e-13,32;0;0;0
91.79999999999906,25.540072524263273,0.7651207304642852,nan,adiabatic_expansion,5818,1.2551071293387395e-13,32;0;0;0
91.89999999999905,25.540018959159458,0.8054461357911136,nan,adiabatic_expansion,5822,1.197930643570544e-13,32;0;0;0
91.99999999999905,25.53996559493626,0.8173046919631366,nan,adiabatic_expansion,5832,1.2023715356690445e-13,32;0;0;0
92.09999999999904,25.539939140062497,0.8213229493953222,nan,adiabatic_expansion,5840,1.1968204205459188e-13,32;0;0;0
92.19999999999904,25.53991311879736,0.7850068890275378,nan,adiabatic_expansion,5844,1.1862733018119798e-13,32;0;0;0
92.29999999999903,25.539884980802494,0.757036090632713,nan,adiabatic_expansion,5848,1.197930643570544e-13,32;0;0;0
92.39999999999903,25.539793025531132,0.7386763635903155,nan,adiabatic_expansion,5855,1.195155086008981e-13,32;0;0;0
92.49999999999902,25.53967051944622,0.778158835948689,nan,adiabatic_expansion,5862,1.213473765915296e-13,32;0;0;0
92.59999999999901,25.539548208221603,0.7934213125813145,nan,adiabatic_expansion,5867,1.1646239528317892e-13,32;0;0;0
92.69999999999901,25.53942276861088,0.8084497067667885,nan,adiabatic_expansion,5878,1.216249323476859e-13,32;0;0;0
92.799999999999,25.53928847691965,0.7941077440608492,nan,adiabatic_expansion,5885,1.2140288774276087e-13,32;0;0;0
92.899999999999,25.539132154482193,0.7998471134736492,nan,adiabatic_expansion,5889,1.2051470932306074e-13,32;0;0;0
92.99999999999899,25.53897602650764,0.7702971266404043,nan,adiabatic_expansion,5893,1.1868284133242923e-13,32;0;0;0
93.09999999999899,25.538798408717916,0.7832748408775269,nan,adiabatic_expansion,5899,1.2251311076738602e-13,32;0;0;0
93.19999999999898,25.53861055773238,0.782423060307809,nan,adiabatic_expansion,5901,1.22291066162461e-13,32;0;0;0
93.29999999999897,25.5384229018578,0.8089398282482098,nan,adiabatic_expansion,5907,1.2218004385999848e-13,32;0;0;0
93.39999999999897,25.53823544201754,0.7901282743608435,nan,adiabatic_expansion,5914,1.2151391004522338e-13,32;0;0;0
93.49999999999896,25.538048179027182,0.8008631953554658,nan,adiabatic_expansion,5921,1.244004899092488e-13,32;0;0;0
93.59999999999896,25.5378547151528,0.7852642101930811,nan,adiabatic_expansion,5930,1.2811973704174306e-13,32;0;0;0
93.69999999999895,25.537658567548092,0.8202833432546964,nan,adiabatic_expansion,5936,1.284528039491306e-13,32;0;0;0
93.79999999999895,25.53746261851801,0.8077175968076697,nan,adiabatic_expansion,5942,1.2928547121759948e-13,32;0;0;0
93.89999999999894,25.5372652283784,0.8008344238449494,nan,adiabatic_expansion,5949,1.2667644710973036e-13,32;0;0;0
93.99999999999893,25.537065822692153,0.8186870795769646,nan,adiabatic_expansion,5957,1.3128387266192476e-13,32;0;0;0
94.09999999999893,25.536866322135122,0.8189312608793134,nan,adiabatic_expansion,5968,1.2956302697375577e-13,32;0;0;0
94.19999999999892,25.536665701573607,0.8196859187704553,nan,adiabatic_expansion,5977,1.2995160503237457e-13,32;0;0;0
94.29999999999892,25.536465280944043,0.8204755749983759,nan,adiabatic_expansion,5980,1.2695400286588665e-13,32;0;0;0
94.39999999999891,25.536265060297925,0.8177011102924125,nan,adiabatic_expansion,5985,1.337263633161001e-13,32;0;0;0
94.4999999999989,22.259872757656424,0.7020864124022346,nan,cold,5995,1.3039569424222464e-13,32;0;0;0
94.5999999999989,24.966621332102736,0.7817395446288656,nan,cold,5998,1.301736496372996e-13,32;0;0;0
94.6999999999989,22.669472010888637,0.6967386665099823,nan,cold,6004,1.3405943022348765e-13,32;0;0;0
94.79999999999889,25.72526760686845,0.7890216171805565,nan,cold,6014,1.3772316620475067e-13,32;0;0;0
94.89999999999888,25.77272028319385,0.7858443663698653,nan,cold,6021,1.3850032232198828e-13,32;0;0;0
94.99999999999888,26.201475030181165,0.8056840625026718,nan,cold,6024,1.3705703238997557e-13,32;0;0;0
95.09999999999887,26.604761667573577,0.8337414315449505,nan,cold,6031,1.3289369604763124e-13,32;0;0;0
95.19999999999887,28.26726610143676,0.8923397516100025,nan,cold,6037,1.3350431871117507e-13,32;0;0;0
95.29999999999886,28.4262990655752,0.8814575363115744,nan,cold,6043,1.4171996909340123e-13,32;0;0;0
95.39999999999885,26.638372287056765,0.8542551368150477,nan,cold,6052,1.4049872376631356e-13,32;0;0;0
95.49999999999885,29.656645294182976,0.9424571198027258,nan,cold,6063,1.4249712521063884e-13,32;0;0;0
95.59999999999884,30.87510232404295,0.9902416226000439,nan,cold,6069,1.3783418850721318e-13,32;0;0;0
95.69999999999884,30.875005465983733,0.9902416226000439,nan,cold,6074,1.3578027591165664e-13,32;0;0;0
95.79999999999883,29.873956779168196,0.9463414685656586,nan,cold,6080,1.3555823130673161e-13,32;0;0;0
95.89999999999883,28.435251430178123,0.9003792820642802,nan,cold,6088,1.412203687323199e-13,32;0;0;0
95.99999999999882,24.769773476785716,0.7975031151756498,nan,cold,6099,1.3994361225400098e-13,32;0;0;0
96.09999999999881,23.604709127402053,0.7600457550478269,nan,cold,6102,1.3850032232198828e-13,32;0;0;0
96.19999999999881,24.849585983945932,0.794707681732,nan,cold,6108,1.4155343563970746e-13,32;0;0;0
96.2999999999988,25.903104609822922,0.825794580987604,nan,cold,6112,1.3916645613676337e-13,32;0;0;0
96.3999999999988,24.764707716248445,0.7972255707397907,nan,cold,6117,1.3983258995153847e-13,32;0;0;0
96.49999999999879,24.39381767434585,0.783643614543902,nan,cold,6124,1.4493961586481419e-13,32;0;0;0
96.59999999999879,28.895544043870142,0.9217344656827755,nan,cold,6133,1.3666845433135677e-13,32;0;0;0
96.69999999999878,28.095999698265146,0.887280767740844,nan,cold,6142,1.4233059175694507e-13,32;0;0;0
96.79999999999878,29.505044381206314,0.9197077980961775,nan,cold,6148,1.3916645613676337e-13,32;0;0;0
96.89999999999877,30.44023716442722,0.9796344964617566,nan,cold,6154,1.4099832412739488e-13,32;0;0;0
96.99999999999876,29.3910736052876,0.94004471229797,nan,cold,6162,1.4016565685892601e-13,32;0;0;0
97.09999999999876,29.930352415316932,0.9582495570119997,nan,cold,6171,1.3955503419538218e-13,32;0;0;0
97.19999999999875,29.554902846944547,0.9437287724086347,nan,cold,6181,1.421640583032513e-13,32;0;0;0
97.29999999999875,23.870339026572772,0.7636902908653631,nan,cold,6190,1.432187701766452e-13,32;0;0;0
97.39999999999874,23.77737935695149,0.7638284865468801,nan,cold,6194,1.4499512701604544e-13,32;0;0;0
97.49999999999874,23.630349712651213,0.7584678861274667,nan,cold,6203,1.442734820500391e-13,32;0;0;0
97.59999999999873,24.859800805139287,0.7919557359865486,nan,cold,6208,1.4349632593280148e-13,32;0;0;0
97.69999999999872,23.19850467793955,0.7405280780493924,nan,cold,6213,1.4316325902541394e-13,32;0;0;0
97.79999999999872,23.80684976149332,0.7615061508863734,nan,cold,6222,1.3877787807814457e-13,32;0;0;0
97.89999999999871,24.74504318769253,0.7644632944273353,nan,cold,6229,1.417754802446325e-13,32;0;0;0
97.9999999999987,22.63242107046108,0.714647594205763,nan,cold,6234,1.454392162258955e-13,32;0;0;0
98.0999999999987,23.16270407563567,0.7340330877558509,nan,cold,6238,1.4088730182493236e-13,32;0;0;0
98.1999999999987,23.55551987211453,0.7350173709922413,nan,cold,6250,1.3389289676979388e-13,32;0;0;0
98.29999999999869,20.496965284843263,0.6349711849167433,nan,cold,6255,1.346700528870315e-13,32;0;0;0
98.39999999999868,21.541067496704294,0.6446782599936355,nan,cold,6259,1.3528067555057532e-13,32;0;0;0
98.49999999999868,23.04162999995836,0.7189178662557397,nan,cold,6267,1.3500311979441904e-13,32;0;0;0
98.59999999999867,22.870638426282802,0.7015849895817499,nan,cold,6271,1.386113446244508e-13,32;0;0;0
98.69999999999867,24.612565301129443,0.7782221536118156,nan,cold,6279,1.4233059175694507e-13,32;0;0;0
98.79999999999866,23.61246249210179,0.7264800567751333,nan,cold,6286,1.482147737874584e-13,32;0;0;0
98.89999999999866,23.61228812293387,0.7188036600397493,nan,cold,6293,1.482147737874584e-13,32;0;0;0
98.99999999999865,23.740700229513404,0.7291348908210351,nan,cold,6299,1.4455103780619538e-13,32;0;0;0
99.09999999999864,22.097496476170452,0.6905388696831568,nan,cold,6305,1.414979244884762e-13,32;0;0;0
99.19999999999864,22.138324494712197,0.6816523722530341,nan,adiabatic_expansion,6316,1.4221956945448255e-13,32;0;0;0
99.29999999999863,22.13814996341287,0.7045269671769404,nan,adiabatic_expansion,6324,1.4593881658697683e-13,32;0;0;0
99.39999999999863,22.137975632123073,0.705989983709087,nan,adiabatic_expansion,6329,1.4682699500667695e-13,32;0;0;0
99.49999999999862,22.137801500870484,0.6976082761411079,nan,adiabatic_expansion,6335,1.471600619140645e-13,32;0;0;0
99.59999999999862,22.137628137622766,0.6933114719906954,nan,adiabatic_expansion,6338,1.4749312882145205e-13,32;0;0;0
99.69999999999861,22.13745519222422,0.7005853013114482,nan,adiabatic_expansion,6344,1.4577228313328305e-13,32;0;0;0
99.7999999999986,22.137282447154416,0.7055526216703347,nan,adiabatic_expansion,6346,1.464939280992894e-13,32;0;0;0
99.8999999999986,22.137109902605253,0.706699309938904,nan,adiabatic_expansion,6350,1.4788170688007085e-13,32;0;0;0
99.9999999999986,22.136937558825267,0.7064728867894507,nan,adiabatic_expansion,6357,1.464939280992894e-13,32;0;0;0
100.09999999999859,22.136768300360853,0.7115699273755848,nan,adiabatic_expansion,6364,1.4382939284018903e-13,32;0;0;0
100.19999999999858,22.136601538300162,0.7063999485432495,nan,adiabatic_expansion,6368,1.4338530363033897e-13,32;0;0;0
100.29999999999858,22.136434977993503,0.70802889452478,nan,adiabatic_expansion,6375,1.4815926263622714e-13,32;0;0;0
100.39999999999857,22.13627643790177,0.7084033807036492,nan,adiabatic_expansion,6382,1.4732659536775827e-13,32;0;0;0
100.49999999999856,22.13612588226368,0.6510968584187586,nan,adiabatic_expansion,6390,1.4854784069484595e-13,32;0;0;0
100.59999999999856,22.13597552925398,0.6626336815031794,nan,adiabatic_expansion,6397,1.4260814751310136e-13,32;0;0;0
100.69999999999855,22.135825379329177,0.6952260216315902,nan,adiabatic_expansion,6403,1.4566126083082054e-13,32;0;0;0
100.79999999999855,22.13567543298254,0.7071417706780426,nan,adiabatic_expansion,6412,1.4599432773820809e-13,32;0;0;0
100.89999999999854,22.135525690742945,0.7040345710167766,nan,adiabatic_expansion,6415,1.4510614931850796e-13,32;0;0;0
100.99999999999854,22.135385714132518,0.7078357506153937,nan,adiabatic_expansion,6418,1.4910295220715852e-13,32;0;0;0
101.09999999999853,22.13525357594178,0.6806110062580809,nan,adiabatic_expansion,6427,1.475486399726833e-13,32;0;0;0
101.19999999999852,22.135123889039885,0.6672299055742958,nan,adiabatic_expansion,6433,1.4865886299730846e-13,32;0;0;0
101.29999999999852,22.13500328032744,0.6675993486424384,nan,adiabatic_expansion,6438,1.488809076022335e-13,32;0;0;0
101.39999999999851,22.134921410143377,0.6978025656717803,nan,adiabatic_expansion,6445,1.4976908602193362e-13,32;0;0;0
101.49999999999851,22.134853988332853,0.691976533926686,nan,adiabatic_expansion,6450,1.5198953207118393e-13,32;0;0;0
101.5999999999985,22.134786767961586,0.7016031778867948,nan,adiabatic_expansion,6456,1.513789094076401e-13,32;0;0;0
101.6999999999985,22.134731702925865,0.7088678822751765,nan,adiabatic_expansion,6462,1.4960255256823984e-13,32;0;0;0
101.79999999999849,22.134697045100587,0.6883283605996116,nan,adiabatic_expansion,6469,1.5093482019779003e-13,32;0;0;0
101.89999999999849,22.13459305212637,0.6780979018578038,nan,adiabatic_expansion,6476,1.5187850976872141e-13,32;0;0;0
101.99999999999848,22.134487216843553,0.6398824286128134,nan,adiabatic_expansion,6481,1.5021317523178368e-13,32;0;0;0
102.09999999999847,22.134379878175857,0.6702417833889079,nan,adiabatic_expansion,6483,1.4971357487070236e-13,32;0;0;0
102.19999999999847,22.134263484445913,0.6527610798949156,nan,adiabatic_expansion,6490,1.50712775592865e-13,32;0;0;0
102.29999999999846,22.134131599646487,0.6481541353378347,nan,adiabatic_expansion,6497,1.5509815654013437e-13,32;0;0;0
102.39999999999846,22.133999910243933,0.6961614579266301,nan,adiabatic_expansion,6506,1.5054624213917123e-13,32;0;0;0
102.49999999999845,22.13383884736794,0.6884721194174963,nan,adiabatic_expansion,6513,1.4943601911454607e-13,32;0;0;0
102.59999999999845,22.13366706540921,0.6884721194174964,nan,adiabatic_expansion,6516,1.4904744105592727e-13,32;0;0;0
102.69999999999844,22.13349547823297,0.6886156257096894,nan,adiabatic_expansion,6522,1.549316230864406e-13,32;0;0;0
102.79999999999843,22.133324086655957,0.6886156257096895,nan,adiabatic_expansion,6527,1.5498713423767185e-13,32;0;0;0
102.89999999999843,22.133152891418998,0.7014116281540826,nan,adiabatic_expansion,6531,1.5121237595394632e-13,32;0;0;0
102.99999999999842,22.13298189318697,0.7006550914712172,nan,adiabatic_expansion,6537,1.4954704141700859e-13,32;0;0;0
103.09999999999842,22.132810125735364,0.6978279493062122,nan,adiabatic_expansion,6545,1.5526468999382814e-13,32;0;0;0
103.19999999999841,22.13262501100954,0.710452746107035,nan,adiabatic_expansion,6548,1.5182299861749016e-13,32;0;0;0
103.2999999999984,22.132440094623497,0.7098746694191058,nan,adiabatic_expansion,6552,1.513789094076401e-13,32;0;0;0
103.3999999999984,22.13225537704271,0.7061393153551571,nan,adiabatic_expansion,6557,1.5459855617905305e-13,32;0;0;0
103.4999999999984,22.132070858642543,0.688884079798057,nan,adiabatic_expansion,6559,1.5498713423767185e-13,32;0;0;0
103.59999999999839,22.131886539714642,0.6674461050500012,nan,adiabatic_expansion,6568,1.5315526624704034e-13,32;0;0;0
103.69999999999838,22.13170242047471,0.6599693506346681,nan,adiabatic_expansion,6577,1.5298873279334657e-13,32;0;0;0
103.79999999999838,22.131518501071636,0.6599693506346682,nan,adiabatic_expansion,6581,1.5343282200319663e-13,32;0;0;0
103.89999999999837,22.131334781598134,0.6934111095817009,nan,adiabatic_expansion,6588,1.550426453889031e-13,32;0;0;0
103.99999999999837,22.131151167516435,0.703510864017643,nan,adiabatic_expansion,6594,1.545430450278218e-13,32;0;0;0
104.09999999999836,23.59354371789067,0.7547253907475967,nan,cold,6602,1.5371037775935292e-13,32;0;0;0
104.19999999999835,23.806333212752172,0.7499270254840342,nan,cold,6607,1.5276668818842154e-13,32;0;0;0
104.29999999999835,21.61384510633455,0.6028304183047674,nan,cold,6616,1.5076828674409626e-13,32;0;0;0
104.39999999999834,21.614528665513124,0.627949176654055,nan,cold,6620,1.5165646516379638e-13,32;0;0;0
104.49999999999834,23.648464245794177,0.7234591220065546,nan,cold,6623,1.596500709410975e-13,32;0;0;0
104.59999999999833,24.83734921924986,0.7855666138200542,nan,cold,6634,1.5870638137016613e-13,32;0;0;0
104.69999999999833,26.736423835470386,0.8543239265488016,nan,cold,6638,1.602051824534101e-13,32;0;0;0
104.79999999999832,26.499393849779544,0.8516425135692545,nan,cold,6647,1.6547874182037958e-13,32;0;0;0
104.89999999999831,23.43787646589261,0.7486385874592121,nan,cold,6652,1.6592283103022964e-13,32;0;0;0
104.99999999999831,22.86268694261301,0.7323748333012038,nan,cold,6656,1.6497914145929826e-13,32;0;0;0
105.0999999999983,26.300347914290207,0.8410604954935968,nan,cold,6663,1.5970558209232877e-13,32;0;0;0
105.1999999999983,26.12842576011481,0.8364352553376275,nan,cold,6667,1.5693002453076588e-13,32;0;0;0
105.29999999999829,23.838640398875697,0.7405799757396879,nan,cold,6675,1.6264767310758543e-13,32;0;0;0
105.39999999999829,23.36179189472569,0.7338288669176086,nan,cold,6680,1.6231460620019789e-13,32;0;0;0
105.49999999999828,23.795438919175876,0.7458842224983477,nan,cold,6684,1.6248113965389166e-13,32;0;0;0
105.59999999999827,26.230292993718695,0.7859042407591775,nan,cold,6690,1.6708856520608606e-13,32;0;0;0
105.69999999999827,22.97175351658018,0.7110520218915124,nan,cold,6700,1.7014167852380524e-13,32;0;0;0
105.79999999999826,23.441785956745306,0.7328198789371594,nan,cold,6703,1.674216321134736e-13,32;0;0;0
105.89999999999826,23.563317454136946,0.7336297772228121,nan,cold,6710,1.6747714326470486e-13,32;0;0;0
105.99999999999825,22.838872656898204,0.7231669350162115,nan,cold,6720,1.6048273820956638e-13,32;0;0;0
106.09999999999825,22.6212932856931,0.7048335895779462,nan,cold,6728,1.6009416015094757e-13,32;0;0;0
106.19999999999824,22.656979307658457,0.6909120348109544,nan,cold,6735,1.6076029396572267e-13,32;0;0;0
106.29999999999824,22.656944236724048,0.6930623738672116,nan,cold,6737,1.637578961322106e-13,32;0;0;0
106.39999999999823,22.734429992984253,0.7112853763073634,nan,cold,6749,1.6298074001497298e-13,32;0;0;0
106.49999999999822,22.704495010482656,0.7248961657506042,nan,cold,6755,1.563749130184533e-13,32;0;0;0
106.59999999999822,21.850976534202854,0.69638885187739,nan,cold,6759,1.570410468332284e-13,32;0;0;0
106.69999999999821,23.32242761877178,0.7332194101958492,nan,cold,6762,1.532107773982716e-13,32;0;0;0
106.7999999999982,24.304012223046225,0.7480492305861348,nan,cold,6766,1.4865886299730846e-13,32;0;0;0
106.8999999999982,24.451781202124796,0.7683890281116998,nan,cold,6769,1.5093482019779003e-13,32;0;0;0
106.9999999999982,25.08629399760067,0.8016923155382683,nan,cold,6778,1.5021317523178368e-13,32;0;0;0
107.09999999999819,30.22615914815267,0.9509750933337446,nan,cold,6788,1.509903313490213e-13,32;0;0;0
107.19999999999818,29.711159291817374,0.945706716797468,nan,cold,6793,1.5082379789532752e-13,32;0;0;0
107.29999999999818,29.811246991804413,0.9513612129012498,nan,cold,6800,1.4516166046973922e-13,32;0;0;0
107.39999999999817,28.600655503092728,0.9115697133646492,nan,cold,6809,1.5104584250025255e-13,32;0;0;0
107.49999999999817,28.521572708154924,0.884037947904022,nan,cold,6816,1.5970558209232877e-13,32;0;0;0
107.59999999999816,24.928615982166036,0.7554990818567395,nan,cold,6823,1.5365486660812167e-13,32;0;0;0
107.69999999999816,25.051194561460026,0.7398618135832872,nan,cold,6827,1.5970558209232877e-13,32;0;0;0
107.79999999999815,21.40782460507538,0.6749088251085467,nan,cold,6836,1.6103784972187896e-13,32;0;0;0
107.89999999999814,21.407608369958126,0.6749088251085468,nan,cold,6838,1.6131540547803525e-13,32;0;0;0
107.99999999999814,23.846770846944334,0.7628455931502676,nan,cold,6844,1.5620837956475953e-13,32;0;0;0
108.09999999999813,24.759309369155485,0.7877023547628164,nan,cold,6848,1.574296248918472e-13,32;0;0;0
108.19999999999813,24.759091905914335,0.7756611400965601,nan,adiabatic_expansion,6854,1.559863349598345e-13,32;0;0;0
108.29999999999812,24.75887464267717,0.7862206103567619,nan,adiabatic_expansion,6858,1.5576429035490946e-13,32;0;0;0
108.39999999999812,24.758657579474356,0.7906384542620842,nan,adiabatic_expansion,6866,1.591504705800162e-13,32;0;0;0
108.49999999999811,24.758440716395928,0.7827264664731527,nan,adiabatic_expansion,6870,1.596500709410975e-13,32;0;0;0
108.5999999999981,24.758224053620854,0.7607899759513708,nan,adiabatic_expansion,6878,1.5548673459875317e-13,32;0;0;0
108.6999999999981,24.758007591441096,0.7486119276323975,nan,adiabatic_expansion,6883,1.5815126985785355e-13,32;0;0;0
108.7999999999981,24.757795740714165,0.7780983519539625,nan,adiabatic_expansion,6892,1.5626389071599078e-13,32;0;0;0
108.89999999999809,24.75758602164337,0.7835298145726349,nan,adiabatic_expansion,6900,1.5998313784848506e-13,32;0;0;0
108.99999999999808,24.757382219785747,0.779628982176033,nan,adiabatic_expansion,6908,1.5937251518494122e-13,32;0;0;0
109.09999999999808,24.757184521690032,0.7895965357012381,nan,adiabatic_expansion,6914,1.5942802633617248e-13,32;0;0;0
109.19999999999807,24.756988850436496,0.7877814732490068,nan,adiabatic_expansion,6921,1.588729148238599e-13,32;0;0;0
109.29999999999806,24.75679573986445,0.7934293231017334,nan,adiabatic_expansion,6925,1.5831780331154732e-13,32;0;0;0
109.39999999999806,24.756611519449198,0.794687595492419,nan,adiabatic_expansion,6927,1.5837331446277858e-13,32;0;0;0
109.49999999999805,24.756442079364877,0.782726960061158,nan,adiabatic_expansion,6938,1.6181500583911657e-13,32;0;0;0
109.59999999999805,24.75632494409178,0.7812316127529195,nan,adiabatic_expansion,6947,1.6303625116620424e-13,32;0;0;0
109.69999999999804,24.756208011688592,0.7974436460898243,nan,adiabatic_expansion,6956,1.5998313784848506e-13,32;0;0;0
109.79999999999804,24.756133537785658,0.7878626624214552,nan,adiabatic_expansion,6963,1.5837331446277858e-13,32;0;0;0
109.89999999999803,24.756086735110042,0.7784558797231271,nan,adiabatic_expansion,6965,1.6298074001497298e-13,32;0;0;0
109.99999999999802,24.756049584759413,0.7822034784923876,nan,adiabatic_expansion,6975,1.642574964932919e-13,32;0;0;0
110.09999999999802,24.75601263467994,0.7347638147809554,nan,adiabatic_expansion,6981,1.6514567491299204e-13,32;0;0;0
110.19999999999801,24.755975884873866,0.7820070129153198,nan,adiabatic_expansion,6985,1.6486811915683575e-13,32;0;0;0
110.29999999999801,24.755941908726285,0.7854458871115885,nan,adiabatic_expansion,6995,1.6359136267851682e-13,32;0;0;0
110.399999999998,24.755926399956056,0.7810527562161088,nan,adiabatic_expansion,6998,1.5870638137016613e-13,32;0;0;0
110.499999999998,24.755903191992928,0.7399895566908673,nan,adiabatic_expansion,7006,1.6403545188836688e-13,32;0;0;0
110.59999999999799,24.75588018377663,0.7648079307292706,nan,adiabatic_expansion,7012,1.663669202400797e-13,32;0;0;0
110.69999999999798,24.755857375314783,0.7020218993169434,nan,adiabatic_expansion,7018,1.5870638137016613e-13,32;0;0;0
110.79999999999798,24.755834766614825,0.7680178503625383,nan,adiabatic_expansion,7021,1.5981660439479128e-13,32;0;0;0
110.89999999999797,24.75581235768396,0.7837751680609846,nan,adiabatic_expansion,7025,1.6614487563515468e-13,32;0;0;0
110.99999999999797,24.755790148529183,0.7837751680609846,nan,adiabatic_expansion,7028,1.6475709685437323e-13,32;0;0;0
111.09999999999796,24.755768139157304,0.7352817860636279,nan,adiabatic_expansion,7036,1.641464741908294e-13,32;0;0;0
111.19999999999796,24.755746329574936,0.6515259010186313,nan,adiabatic_expansion,7043,1.6431300764452317e-13,32;0;0;0
111.29999999999795,24.7557247197885,0.6608119117568557,nan,adiabatic_expansion,7047,1.6298074001497298e-13,32;0;0;0
111.39999999999795,24.755702631769726,0.6911184339740285,nan,adiabatic_expansion,7049,1.6364687382974807e-13,32;0;0;0
111.49999999999794,24.755655747676972,0.7498566675940863,nan,adiabatic_expansion,7060,1.6714407635731732e-13,32;0;0;0
111.59999999999793,24.755608089508986,0.7924213186524824,nan,adiabatic_expansion,7064,1.691424778016426e-13,32;0;0;0
111.69999999999793,24.755560630763057,0.7720393174278717,nan,adiabatic_expansion,7072,1.6442402994698568e-13,32;0;0;0
111.79999999999792,24.755513371467114,0.7697727526500525,nan,adiabatic_expansion,7078,1.667554982986985e-13,32;0;0;0
111.89999999999792,24.755466311648075,0.7526039462186896,nan,adiabatic_expansion,7081,1.6642243139131097e-13,32;0;0;0
111.99999999999791,24.75541259157518,0.7726553780723071,nan,adiabatic_expansion,7087,1.6830981053317373e-13,32;0;0;0
112.0999999999979,24.75535368128817,0.774697481534798,nan,adiabatic_expansion,7093,1.616484723854228e-13,32;0;0;0
112.1999999999979,24.75528002048356,0.7665806558971228,nan,adiabatic_expansion,7101,1.64923630308067e-13,32;0;0;0
112.2999999999979,24.75512637688541,0.7913945662556595,nan,adiabatic_expansion,7109,1.6509016376176078e-13,32;0;0;0
112.39999999999789,24.754972647564806,0.7956432808007334,nan,adiabatic_expansion,7116,1.652011860642233e-13,32;0;0;0
112.49999999999788,24.754816736089857,0.7910694591699846,nan,adiabatic_expansion,7120,1.645350522494482e-13,32;0;0;0
112.59999999999788,24.75464793873962,0.7880238757879906,nan,adiabatic_expansion,7122,1.6459056340067946e-13,32;0;0;0
112.69999999999787,24.754479339047638,0.7867354579602366,nan,adiabatic_expansion,7128,1.6653345369377348e-13,32;0;0;0
112.79999999999787,24.75431093751006,0.7903341422725523,nan,adiabatic_expansion,7138,1.6220358389773537e-13,32;0;0;0
112.89999999999786,24.754142734554478,0.7853030377831135,nan,adiabatic_expansion,7146,1.66644475996236e-13,32;0;0;0
112.99999999999785,24.75397473054237,0.7917691797222861,nan,adiabatic_expansion,7149,1.6275869541004795e-13,32;0;0;0
113.09999999999785,24.753806925772384,0.7892985658572359,nan,adiabatic_expansion,7153,1.6159296123419153e-13,32;0;0;0
113.19999999999784,24.75363431605218,0.7521025253195476,nan,adiabatic_expansion,7161,1.5920598173124745e-13,32;0;0;0
113.29999999999784,24.753458354793107,0.7374922962621514,nan,adiabatic_expansion,7164,1.5976109324356003e-13,32;0;0;0
113.39999999999783,24.753281476498138,0.7733276665013323,nan,adiabatic_expansion,7170,1.6259216195635418e-13,32;0;0;0
113.49999999999783,24.75310479809943,0.7835874412968232,nan,adiabatic_expansion,7180,1.6397994073713562e-13,32;0;0;0
113.59999999999782,24.752928319659894,0.7949077877751661,nan,adiabatic_expansion,7193,1.637578961322106e-13,32;0;0;0
113.69999999999781,24.752752041209806,0.7862547308442489,nan,adiabatic_expansion,7199,1.5815126985785355e-13,32;0;0;0
113.79999999999781,24.752575963026715,0.7886768709454758,nan,cold,7205,1.6275869541004795e-13,32;0;0;0
113.8999999999978,25.42563633895367,0.8161496030630638,nan,cold,7207,1.653122083666858e-13,32;0;0;0
113.9999999999978,23.753584788317497,0.76292709916371,nan,cold,7212,1.6642243139131097e-13,32;0;0;0
114.09999999999779,24.229003913801915,0.7567614005914363,nan,cold,7219,1.6681100944992977e-13,32;0;0;0
114.19999999999779,20.50209848190463,0.6130096628766005,nan,cold,7228,1.7397194795876203e-13,32;0;0;0
114.29999999999778,21.50013068929704,0.6709736632644873,nan,cold,7231,1.7330581414398694e-13,32;0;0;0
114.39999999999777,22.506202345987994,0.7124065910489797,nan,cold,7237,1.7508217098338719e-13,32;0;0;0
114.49999999999777,22.506032712395573,0.7124065910489797,nan,cold,7242,1.7197354651443675e-13,32;0;0;0
114.59999999999776,25.37012757738976,0.7905691975283534,nan,cold,7250,1.800781745942004e-13,32;0;0;0
114.69999999999776,25.950658662289666,0.8336236313880023,nan,cold,7257,1.794120407794253e-13,32;0;0;0
114.79999999999775,25.166328400089753,0.8018776991132426,nan,cold,7263,1.7896795156957523e-13,32;0;0;0
114.89999999999775,27.017060310228132,0.8207235161261782,nan,cold,7270,1.790234627208065e-13,32;0;0;0
114.99999999999774,21.660321400795784,0.629766911755836,nan,cold,7276,1.7735812818386876e-13,32;0;0;0
115.09999999999773,21.51821197234751,0.6139664322140703,nan,cold,7278,1.7669199436909366e-13,32;0;0;0
115.19999999999773,22.087900672219128,0.6501661926388922,nan,cold,7284,1.7891244041834398e-13,32;0;0;0
115.29999999999772,25.25741496722663,0.7642241888346087,nan,cold,7291,1.7957857423311907e-13,32;0;0;0
115.39999999999772,27.090933141960516,0.8060899557656038,nan,cold,7304,1.8318679906315083e-13,32;0;0;0
115.49999999999771,27.368591151047713,0.8094365785326418,nan,cold,7308,1.7991164114050662e-13,32;0;0;0
115.5999999999977,27.983387558687827,0.8032286289630929,nan,cold,7315,1.7991164114050662e-13,32;0;0;0
115.6999999999977,28.72750908830237,0.888987835030382,nan,cold,7324,1.8035573035035668e-13,32;0;0;0
115.7999999999977,25.93147794951721,0.83307351858399,nan,cold,7331,1.8035573035035668e-13,32;0;0;0
115.89999999999769,29.040109861694,0.9321181738862673,nan,cold,7341,1.8035573035035668e-13,32;0;0;0
115.99999999999768,29.462721479988797,0.9404872652271685,nan,cold,7353,1.7658097206663115e-13,32;0;0;0
116.09999999999768,24.87151469631871,0.7816198222262513,nan,cold,7359,1.7963408538435033e-13,32;0;0;0
116.19999999999767,23.55261164218378,0.6610372569551098,nan,cold,7365,1.7436052601738083e-13,32;0;0;0
116.29999999999767,23.847803892018966,0.692535584334178,nan,cold,7368,1.7363888105137448e-13,32;0;0;0
116.39999999999766,23.114461404294254,0.7096184184346239,nan,cold,7372,1.7486012637846216e-13,32;0;0;0
116.49999999999766,22.62014789519114,0.6668995776407792,nan,cold,7380,1.730837695390619e-13,32;0;0;0
116.59999999999765,23.147985089029074,0.6948358404347358,nan,cold,7387,1.7341683644644945e-13,32;0;0;0
116.69999999999764,23.703941033115363,0.735982314952108,nan,cold,7395,1.7302825838783065e-13,32;0;0;0
116.79999999999764,23.15283856866285,0.7221219427424683,nan,cold,7401,1.7486012637846216e-13,32;0;0;0
116.89999999999763,23.12876221904902,0.7156057925399592,nan,cold,7402,1.7358336990014323e-13,32;0;0;0
116.99999999999763,22.66537813483795,0.7049005613347106,nan,cold,7408,1.7508217098338719e-13,32;0;0;0
117.09999999999762,23.01899080187332,0.6876114590213096,nan,cold,7416,1.6614487563515468e-13,32;0;0;0
117.19999999999762,22.635558563840235,0.7059306246449072,nan,cold,7423,1.7108536809473662e-13,32;0;0;0
117.29999999999761,22.518484692061556,0.7065853532084725,nan,cold,7428,1.7102985694350537e-13,32;0;0;0
117.3999999999976,21.421234503202857,0.6684055385567159,nan,adiabatic_expansion,7436,1.724176357242868e-13,32;0;0;0
117.4999999999976,21.421012431102486,0.6677578646090118,nan,adiabatic_expansion,7441,1.7325030299275568e-13,32;0;0;0
117.59999999999759,21.420790559035137,0.6767253649980612,nan,adiabatic_expansion,7449,1.7180701306074297e-13,32;0;0;0
117.69999999999759,21.420569768291394,0.6513366121455981,nan,adiabatic_expansion,7457,1.7369439220260574e-13,32;0;0;0
117.79999999999758,21.42035181636839,0.6724171934938767,nan,adiabatic_expansion,7464,1.7486012637846216e-13,32;0;0;0
117.89999999999758,21.420137366422296,0.650894002775195,nan,adiabatic_expansion,7468,1.7352785874891197e-13,32;0;0;0
117.99999999999757,21.41992344223935,0.6610176176205848,nan,adiabatic_expansion,7472,1.7263968032921184e-13,32;0;0;0
118.09999999999756,21.419709719593616,0.6610176176205848,nan,adiabatic_expansion,7478,1.7214007996813052e-13,32;0;0;0
118.19999999999756,21.419496199184877,0.6693213593831643,nan,adiabatic_expansion,7482,1.7463808177353712e-13,32;0;0;0
118.29999999999755,21.419282881870412,0.6765129385243911,nan,adiabatic_expansion,7488,1.7869039581341895e-13,32;0;0;0
118.39999999999755,21.419069768668592,0.6612607860428051,nan,adiabatic_expansion,7493,1.7569279364693102e-13,32;0;0;0
118.49999999999754,21.418856860759636,0.66697930531287,nan,adiabatic_expansion,7498,1.7619239400801234e-13,32;0;0;0
118.59999999999754,21.41864415948375,0.6683070586672498,nan,adiabatic_expansion,7503,1.759703494030873e-13,32;0;0;0
118.69999999999753,21.418431666336993,0.668176215110305,nan,adiabatic_expansion,7509,1.783573289060314e-13,32;0;0;0
118.79999999999752,21.418219382964985,0.6789661038084334,nan,adiabatic_expansion,7515,1.7613688285678109e-13,32;0;0;0
118.89999999999752,21.418007311154916,0.6846470637175027,nan,adiabatic_expansion,7519,1.7824630660356888e-13,32;0;0;0
118.99999999999751,21.417795452825775,0.6826782794722435,nan,adiabatic_expansion,7525,1.7780221739371882e-13,32;0;0;0
119.09999999999751,21.417594393046336,0.6870085471765864,nan,adiabatic_expansion,7532,1.7646994976416863e-13,32;0;0;0
119.1999999999975,21.417441476638565,0.6884147044593674,nan,adiabatic_expansion,7537,1.7724710588140624e-13,32;0;0;0
119.2999999999975,21.41730607946847,0.6885360781935949,nan,adiabatic_expansion,7546,1.7341683644644945e-13,32;0;0;0
119.39999999999749,21.417193128112515,0.6886091673672192,nan,adiabatic_expansion,7552,1.7569279364693102e-13,32;0;0;0
119.49999999999748,21.417080382832133,0.6840384729669743,nan,adiabatic_expansion,7561,1.7530421558831222e-13,32;0;0;0
119.59999999999748,21.41696784395552,0.6775610863804511,nan,adiabatic_expansion,7567,1.7313928069029316e-13,32;0;0;0
119.69999999999747,21.416855511812543,0.6842986554974999,nan,adiabatic_expansion,7579,1.7463808177353712e-13,32;0;0;0
119.79999999999747,21.416743386734062,0.668325058186293,nan,adiabatic_expansion,7583,1.7302825838783065e-13,32;0;0;0
119.89999999999746,21.416631469051175,0.6570512245011038,nan,adiabatic_expansion,7589,1.7613688285678109e-13,32;0;0;0
119.99999999999746,21.41651975909453,0.6580217375513392,nan,adiabatic_expansion,7593,1.7541523789077473e-13,32;0;0;0
120.0,21.416519759094527,0.6580217375513392,nan,adiabatic_expansion,7593,1.7469359292476838e-13,32;0;0;0
