time,energy,temperature_trans,temperature_rot,branch,events,energy_residual,occupancy
0.1,31.675134613076406,1.0133169470671655,nan,hot,11,-1.4145043643332134e-15,32;0;0;0
0.2,34.14766731523929,1.0471923093210131,nan,hot,30,7.916519002837408e-15,32;0;0;0
0.30000000000000004,37.90616429378899,1.1703190582838627,nan,hot,47,-2.485533480423019e-15,32;0;0;0
0.4,40.246810590818534,1.2377329163759085,nan,hot,62,5.367451275106738e-15,32;0;0;0
0.5,40.24650872807334,1.2308535711416269,nan,hot,73,1.3190403630458647e-15,32;0;0;0
0.6,40.2461979546496,1.2672094415651884,nan,hot,83,-6.797947621484113e-16,32;0;0;0
0.7,40.245872294122975,1.2440065064438148,nan,hot,103,-2.343177735175672e-15,32;0;0;0
0.7999999999999999,39.347938125917075,1.2378408076741079,nan,hot,118,-1.7620453707234418e-15,32;0;0;0
0.8999999999999999,38.416594264479066,1.2032153479097392,nan,hot,132,-1.0532807265262178e-14,32;0;0;0
0.9999999999999999,36.663382408694396,1.0989933651080435,nan,hot,149,-1.533018503807604e-14,32;0;0;0
1.0999999999999999,35.027221403402315,1.0986887702438068,nan,hot,171,-9.906138409565557e-15,32;0;0;0
1.2,35.02677480848083,1.1020134117234979,nan,hot,188,-1.7677699581941653e-14,32;0;0;0
1.3,35.28488890832213,1.052354531056873,nan,hot,202,-2.4983487501017976e-14,32;0;0;0
1.4000000000000001,36.95188402725823,1.1548779802385198,nan,hot,214,-2.5088438271314573e-14,32;0;0;0
1.5000000000000002,38.43081592209402,1.2086476410252003,nan,hot,235,-2.649096220164182e-14,32;0;0;0
1.6000000000000003,39.756719041355105,1.221964033716475,nan,hot,257,-2.4456998926059015e-14,32;0;0;0
1.7000000000000004,39.44125095551065,1.0788510494967511,nan,hot,283,-4.1598668953923834e-14,32;0;0;0
1.8000000000000005,41.75252691471597,1.2476812423857835,nan,hot,302,-5.3631578345036957e-14,32;0;0;0
1.9000000000000006,47.34799017731843,1.400725728091975,nan,hot,315,-5.690760362941916e-14,32;0;0;0
2.0000000000000004,47.41423804795923,1.3616241386614454,nan,hot,331,-4.771703865369403e-14,32;0;0;0
2.1000000000000005,47.4131714472944,1.3858512625635433,nan,hot,349,-4.97987068248662e-14,32;0;0;0
2.2000000000000006,47.298376263897126,1.2672761489006972,nan,hot,364,-4.756091354085612e-14,32;0;0;0
2.3000000000000007,47.30100229962159,1.151742006542646,nan,hot,385,-4.059426406133326e-14,32;0;0;0
2.400000000000001,46.648774941239544,1.142809137467231,nan,hot,393,-4.28129753871076e-14,32;0;0;0
2.500000000000001,45.819279793590724,1.099715275798865,nan,hot,405,-4.86242990316299e-14,32;0;0;0
2.600000000000001,43.51643067578092,1.0396669415769746,nan,hot,412,-6.067715774271676e-14,32;0;0;0
2.700000000000001,40.78841416634432,0.8997165929184943,nan,hot,425,-5.00155472593633e-14,32;0;0;0
2.800000000000001,38.28884664881788,0.7515053698553625,nan,hot,442,-5.1583737281646336e-14,32;0;0;0
2.9000000000000012,39.86188286952569,0.731935208351522,nan,hot,457,-6.167982791183135e-14,32;0;0;0
3.0000000000000013,43.66540333691728,0.8269579282645678,nan,hot,464,-6.639480631953631e-14,32;0;0;0
3.1000000000000014,43.66307070152055,0.8591532903240772,nan,hot,474,-5.59621793350118e-14,32;0;0;0
3.2000000000000015,43.66073826401853,0.8393974160859359,nan,adiabatic_expansion,484,-7.126937928703114e-14,32;0;0;0
3.3000000000000016,43.658409034234964,0.8443751499161337,nan,adiabatic_expansion,492,-6.963180032570904e-14,32;0;0;0
3.4000000000000017,43.65609242658695,0.8434646306126723,nan,adiabatic_expansion,502,-8.978234822265563e-14,32;0;0;0
3.5000000000000018,43.65379979551543,0.8173526076763716,nan,adiabatic_expansion,511,-8.144179775015914e-14,32;0;0;0
3.600000000000002,43.651536644982116,0.8148297936068135,nan,adiabatic_expansion,518,-7.25669524470618e-14,32;0;0;0
3.700000000000002,43.649299155008364,0.813098076899222,nan,adiabatic_expansion,529,-8.161527009775682e-14,32;0;0;0
3.800000000000002,43.64707573713738,0.7868447023618322,nan,adiabatic_expansion,539,-7.196326867742187e-14,32;0;0;0
3.900000000000002,43.644850914375155,0.782382502321377,nan,adiabatic_expansion,546,-7.747968933102811e-14,32;0;0;0
4.000000000000002,43.64260964932724,0.67264925406435,nan,adiabatic_expansion,553,-7.908257382283068e-14,32;0;0;0
4.100000000000001,43.640341642128476,0.6707263397488001,nan,adiabatic_expansion,557,-9.360567876370851e-14,32;0;0;0
4.200000000000001,43.637911404201944,0.5836526369678726,nan,adiabatic_expansion,562,-7.945727409364167e-14,32;0;0;0
4.300000000000001,43.635211451570406,0.5719126010116241,nan,adiabatic_expansion,567,-8.018585795355193e-14,32;0;0;0
4.4,43.63249855672875,0.64700187709452,nan,adiabatic_expansion,577,-6.437211874654736e-14,32;0;0;0
4.5,44.86959494280873,0.7398875526213344,nan,cold,583,-7.14150960590132e-14,32;0;0;0
4.6,44.30766269227375,0.7101549364382157,nan,cold,585,-4.7725712271073917e-14,32;0;0;0
4.699999999999999,46.5741258258474,0.8647757659292766,nan,cold,592,-6.371292382567617e-14,32;0;0;0
4.799999999999999,47.99103364820108,1.0507523960365437,nan,cold,598,-6.195044477408373e-14,32;0;0;0
4.899999999999999,52.32073248682814,1.1767119061031184,nan,cold,605,-4.150846333317304e-14,32;0;0;0
4.999999999999998,47.4066362948314,1.2344994305194075,nan,cold,615,-6.100675520315235e-14,32;0;0;0
5.099999999999998,44.355504846066516,1.3393821426027652,nan,cold,631,-6.801503804609865e-14,32;0;0;0
5.1999999999999975,46.42169614834813,1.388831610604436,nan,cold,638,-7.921441280700492e-14,32;0;0;0
5.299999999999997,44.12648935984352,1.3249435546778332,nan,cold,645,-8.522349492778858e-14,32;0;0;0
5.399999999999997,43.22137143052716,1.2844089578029716,nan,cold,649,-8.268385975895853e-14,32;0;0;0
5.4999999999999964,43.79576916859132,1.2847695720025087,nan,cold,657,-7.15122405736679e-14,32;0;0;0
5.599999999999996,41.689799860817466,1.1969535073499762,nan,cold,666,-6.539213615042172e-14,32;0;0;0
5.699999999999996,43.47600612644842,1.257720093192269,nan,cold,675,-4.9557580261705425e-14,32;0;0;0
5.799999999999995,37.01328038904914,1.1065226389990244,nan,cold,690,-4.683753385137379e-14,32;0;0;0
5.899999999999995,31.78647825426564,0.9791693541627441,nan,cold,696,-4.599098879509711e-14,32;0;0;0
5.999999999999995,28.252381277565807,0.8630809624294757,nan,cold,698,-4.6407322429331543e-14,32;0;0;0
6.099999999999994,26.157091654642027,0.8128673039731196,nan,cold,706,-4.564404409990175e-14,32;0;0;0
6.199999999999994,24.69294424586932,0.7582320620606742,nan,cold,713,-4.3798298321462426e-14,32;0;0;0
6.299999999999994,26.581979238780374,0.816847752337921,nan,cold,722,-4.063416270128073e-14,32;0;0;0
6.399999999999993,25.969041796035114,0.8281852504407665,nan,cold,727,-4.3076653355456074e-14,32;0;0;0
6.499999999999993,27.825362308055613,0.8903909806120827,nan,cold,735,-4.053701818662603e-14,32;0;0;0
6.5999999999999925,25.033909824028974,0.7762716096139557,nan,cold,744,-4.088396288182139e-14,32;0;0;0
6.699999999999992,24.333331565806287,0.73750715378722,nan,cold,748,-4.64628335805628e-14,32;0;0;0
6.799999999999992,24.333072735680833,0.7380401679755042,nan,cold,757,-4.8253068207770866e-14,32;0;0;0
6.8999999999999915,21.945570532096415,0.6204814548094619,nan,cold,761,-5.2235993308613615e-14,32;0;0;0
6.999999999999991,21.297063190684497,0.6077973336832841,nan,cold,767,-5.2138848793958914e-14,32;0;0;0
7.099999999999991,19.29372618212931,0.5686127601408405,nan,cold,777,-4.8905324234738146e-14,32;0;0;0
7.19999999999999,19.819414795813582,0.5829523848591597,nan,cold,781,-4.6476711368370616e-14,32;0;0;0
7.29999999999999,20.862934271028617,0.5899196771421507,nan,cold,786,-4.744815651491763e-14,32;0;0;0
7.39999999999999,21.222655639082664,0.5950216412766656,nan,cold,790,-4.7531423241764514e-14,32;0;0;0
7.499999999999989,22.15619393744905,0.6007708145474765,nan,cold,797,-4.62685445512534e-14,32;0;0;0
7.599999999999989,23.106551783544266,0.6149928361248654,nan,cold,803,-4.5755066402364264e-14,32;0;0;0
7.699999999999989,24.569657828557524,0.6483560941390559,nan,cold,810,-4.705957845629882e-14,32;0;0;0
7.799999999999988,24.01136035522618,0.6438088408918141,nan,cold,814,-4.705957845629882e-14,32;0;0;0
7.899999999999988,27.657068673287647,0.7301907204828496,nan,cold,819,-4.957145804951324e-14,32;0;0;0
7.999999999999988,29.822055344145994,0.8095318660519852,nan,cold,826,-4.506117701197354e-14,32;0;0;0
8.099999999999987,30.138211392346573,0.814749545507099,nan,cold,833,-4.272970866026071e-14,32;0;0;0
8.199999999999987,33.61974412195197,0.9095655024057442,nan,cold,844,-4.0897840669629204e-14,32;0;0;0
8.299999999999986,33.333033968405104,0.9029379131935613,nan,cold,846,-4.1522341120980855e-14,32;0;0;0
8.399999999999986,30.84105686626639,0.8302120558611213,nan,cold,852,-3.948230631323213e-14,32;0;0;0
8.499999999999986,31.28835228796716,0.8493408168448573,nan,cold,856,-4.334033132380455e-14,32;0;0;0
8.599999999999985,31.287064283160184,0.8429500695242449,nan,adiabatic_expansion,864,-4.9779624866630456e-14,32;0;0;0
8.699999999999985,31.285776574951335,0.8475215425149534,nan,adiabatic_expansion,870,-5.731526364627371e-14,32;0;0;0
8.799999999999985,31.284489754702793,0.8490349924428696,nan,adiabatic_expansion,879,-4.909961326404755e-14,32;0;0;0
8.899999999999984,31.283272130136233,0.9049550617193717,nan,adiabatic_expansion,886,-5.244416012573083e-14,32;0;0;0
8.999999999999984,31.282277693289565,0.930355947331571,nan,adiabatic_expansion,891,-5.4414805994440485e-14,32;0;0;0
9.099999999999984,31.28137048599668,0.9407644425105143,nan,adiabatic_expansion,899,-6.145084441300241e-14,32;0;0;0
9.199999999999983,31.280466959752744,0.9380088015903074,nan,adiabatic_expansion,905,-5.993816554195064e-14,32;0;0;0
9.299999999999983,31.280321804085983,0.9482693388979451,nan,adiabatic_expansion,916,-5.2541304640385533e-14,32;0;0;0
9.399999999999983,31.280225134152527,0.9426309459569835,nan,adiabatic_expansion,924,-5.344336084789347e-14,32;0;0;0
9.499999999999982,31.27986371856325,0.9312794468418623,nan,adiabatic_expansion,935,-5.405398351143731e-14,32;0;0;0
9.599999999999982,31.279178345016945,0.866970022475129,nan,adiabatic_expansion,941,-6.042388811522414e-14,32;0;0;0
9.699999999999982,31.278399353025957,0.8645805693711531,nan,adiabatic_expansion,947,-5.4317661479785784e-14,32;0;0;0
9.799999999999981,31.277511749675956,0.8104406187844511,nan,adiabatic_expansion,955,-5.77871084317394e-14,32;0;0;0
9.89999999999998,31.276589508883596,0.7822712414561864,nan,adiabatic_expansion,959,-5.299927163804341e-14,32;0;0;0
9.99999999999998,31.275666178158588,0.8513950597602308,nan,adiabatic_expansion,967,-5.4539706084710815e-14,32;0;0;0
10.09999999999998,31.27474236886556,0.8505667184628605,nan,adiabatic_expansion,973,-5.0556780983868066e-14,32;0;0;0
10.19999999999998,31.273818497007685,0.8417378575641046,nan,adiabatic_expansion,981,-4.9432680171435095e-14,32;0;0;0
10.29999999999998,31.272894769566555,0.8400294711766283,nan,adiabatic_expansion,988,-4.922451335431788e-14,32;0;0;0
10.399999999999979,28.0042350063337,0.782014086544699,nan,cold,995,-5.0112691774018003e-14,32;0;0;0
10.499999999999979,28.003314149805732,0.7820140865446987,nan,cold,998,-4.7531423241764514e-14,32;0;0;0
10.599999999999978,27.397778763987485,0.7656138221456752,nan,cold,999,-5.075107001317747e-14,32;0;0;0
10.699999999999978,27.679474672907624,0.7879680445813899,nan,cold,1013,-4.860001290296623e-14,32;0;0;0
10.799999999999978,29.18615712414155,0.8507045304808388,nan,cold,1021,-4.808653475407709e-14,32;0;0;0
10.899999999999977,28.67797804950081,0.8321831038088456,nan,cold,1026,-4.4172998592273416e-14,32;0;0;0
10.999999999999977,27.27292024236635,0.7846912052105587,nan,cold,1035,-4.783673457353643e-14,32;0;0;0
11.099999999999977,25.82666654141202,0.7672614676585886,nan,cold,1044,-4.9404924595819466e-14,32;0;0;0
11.199999999999976,25.574978221285853,0.7494885130401862,nan,cold,1054,-5.0556780983868066e-14,32;0;0;0
11.299999999999976,25.813271958421947,0.7736461193289466,nan,cold,1058,-5.209721543053547e-14,32;0;0;0
11.399999999999975,23.61354676832572,0.7095451956643707,nan,cold,1066,-5.487277299209836e-14,32;0;0;0
11.499999999999975,23.391085240906015,0.6887590205305428,nan,cold,1072,-5.365152766501069e-14,32;0;0;0
11.599999999999975,27.62417664290609,0.8660853882903051,nan,cold,1082,-5.3790305543088834e-14,32;0;0;0
11.699999999999974,28.076525186428015,0.8817207444081501,nan,cold,1093,-5.880018694170985e-14,32;0;0;0
11.799999999999974,28.318433295115298,0.8874297325958996,nan,cold,1097,-5.909162048567396e-14,32;0;0;0
11.899999999999974,27.412284507116826,0.8614353654470203,nan,cold,1104,-5.939693181744587e-14,32;0;0;0
11.999999999999973,28.67362941744926,0.8960173333077514,nan,cold,1113,-6.175615574477433e-14,32;0;0;0
12.099999999999973,26.861001052655382,0.8369244963624234,nan,cold,1117,-5.745404152435185e-14,32;0;0;0
12.199999999999973,23.254679404616162,0.6888752540838795,nan,cold,1126,-6.092348847630547e-14,32;0;0;0
12.299999999999972,24.83376069960429,0.7609877059721594,nan,cold,1131,-6.13398221105399e-14,32;0;0;0
12.399999999999972,25.222208880451518,0.8036688356433506,nan,cold,1137,-6.034062138837726e-14,32;0;0;0
12.499999999999972,25.11867542668092,0.8081095413506967,nan,cold,1141,-5.970224314921779e-14,32;0;0;0
12.599999999999971,25.128239244074507,0.8007067440156608,nan,cold,1144,-6.183942247162122e-14,32;0;0;0
12.69999999999997,22.95431582564069,0.7307338868516495,nan,cold,1153,-6.447620215510597e-14,32;0;0;0
12.79999999999997,23.488877654965297,0.7378127363407776,nan,cold,1161,-6.017408793468348e-14,32;0;0;0
12.89999999999997,23.994651844599083,0.7480727684067348,nan,cold,1167,-6.053491041768666e-14,32;0;0;0
12.99999999999997,23.82297921843327,0.7346878099542364,nan,cold,1175,-5.842548667089886e-14,32;0;0;0
13.09999999999997,26.319058289423058,0.8176951026469228,nan,cold,1186,-5.781486400735503e-14,32;0;0;0
13.199999999999969,27.12017137367296,0.8458353679511605,nan,cold,1192,-5.737077479750496e-14,32;0;0;0
13.299999999999969,27.22366415633278,0.8315741556184824,nan,cold,1203,-5.71209746169643e-14,32;0;0;0
13.399999999999968,27.459121054217274,0.8416116482564926,nan,cold,1209,-5.773159728050814e-14,32;0;0;0
13.499999999999968,24.381905970636442,0.6964721864329165,nan,cold,1217,-6.819544928760024e-14,32;0;0;0
13.599999999999968,23.787439206030943,0.6664628944676578,nan,cold,1222,-6.514233596988106e-14,32;0;0;0
13.699999999999967,22.16986853844994,0.6398118793187213,nan,cold,1226,-6.625255899450622e-14,32;0;0;0
13.799999999999967,22.192060531797335,0.6387670382267266,nan,cold,1229,-6.84452494681409e-14,32;0;0;0
13.899999999999967,24.54444597515348,0.7033959656149507,nan,cold,1236,-6.65301147506625e-14,32;0;0;0
13.999999999999966,27.22918969262429,0.7891881407274455,nan,cold,1245,-6.630807014573747e-14,32;0;0;0
14.099999999999966,29.95243616283238,0.8763975841948456,nan,cold,1251,-6.300515664747763e-14,32;0;0;0
14.199999999999966,29.964567836859054,0.8717843490106086,nan,cold,1258,-6.164513344231182e-14,32;0;0;0
14.299999999999965,29.963626532920458,0.8717843490106086,nan,cold,1262,-6.428191312579656e-14,32;0;0;0
14.399999999999965,30.100643383672402,0.8724228996671742,nan,cold,1268,-6.256106743762757e-14,32;0;0;0
14.499999999999964,28.25140520282705,0.8231599859345515,nan,cold,1275,-6.464273560879974e-14,32;0;0;0
14.599999999999964,32.29065394122294,0.9323853127969318,nan,cold,1286,-6.566969190657801e-14,32;0;0;0
14.699999999999964,31.433098777748462,0.8775905054074384,nan,adiabatic_expansion,1294,-6.00908212078366e-14,32;0;0;0
14.799999999999963,31.43213607594035,0.9009016608097358,nan,adiabatic_expansion,1302,-6.444844657949034e-14,32;0;0;0
14.899999999999963,31.431181530161638,0.9160858282671425,nan,adiabatic_expansion,1310,-6.986078382453798e-14,32;0;0;0
14.999999999999963,31.430228721519676,0.9121164002576708,nan,adiabatic_expansion,1315,-6.289413434501512e-14,32;0;0;0
15.099999999999962,31.429276935869073,0.8419094247620731,nan,adiabatic_expansion,1324,-6.644684802381562e-14,32;0;0;0
15.199999999999962,31.42851176778863,0.9455803884260107,nan,adiabatic_expansion,1330,-5.917488721252084e-14,32;0;0;0
15.299999999999962,31.427866037032874,0.9953755430438584,nan,adiabatic_expansion,1336,-6.25888230132432e-14,32;0;0;0
15.399999999999961,31.427413249289565,0.990782394896865,nan,adiabatic_expansion,1343,-6.020184351029911e-14,32;0;0;0
15.499999999999961,31.4269613879768,0.990782394896865,nan,adiabatic_expansion,1345,-6.000755448098971e-14,32;0;0;0
15.59999999999996,31.426510541029085,0.9911747263539035,nan,adiabatic_expansion,1354,-5.881406472951767e-14,32;0;0;0
15.69999999999996,31.426060789230682,0.9913660596728835,nan,adiabatic_expansion,1361,-6.683542608243442e-14,32;0;0;0
15.79999999999996,31.42591360784598,1.0118173869165246,nan,adiabatic_expansion,1368,-6.547540287726861e-14,32;0;0;0
15.89999999999996,31.42574741759154,0.9967889669655776,nan,adiabatic_expansion,1372,-5.975775430044905e-14,32;0;0;0
15.99999999999996,31.425537562236563,1.0063291562859529,nan,adiabatic_expansion,1380,-6.22002449546244e-14,32;0;0;0
16.09999999999996,31.425273269773747,0.9919812674550014,nan,adiabatic_expansion,1388,-5.978550987606468e-14,32;0;0;0
16.19999999999996,31.425008081767853,1.00085474092091,nan,adiabatic_expansion,1392,-5.576095141179849e-14,32;0;0;0
16.29999999999996,31.424742795415845,0.9986327549906675,nan,adiabatic_expansion,1397,-5.689893001203927e-14,32;0;0;0
16.399999999999963,31.42447742893903,0.9977136391520162,nan,adiabatic_expansion,1408,-6.106226635438361e-14,32;0;0;0
16.499999999999964,31.42399185264116,0.9495286700090795,nan,adiabatic_expansion,1417,-6.106226635438361e-14,32;0;0;0
16.599999999999966,31.42338057857379,0.9618742583929334,nan,adiabatic_expansion,1425,-5.803690861228006e-14,32;0;0;0
16.699999999999967,31.42276855501242,0.9762204571278967,nan,adiabatic_expansion,1429,-5.734301922188934e-14,32;0;0;0
16.79999999999997,31.422098565333503,0.9684161425220266,nan,adiabatic_expansion,1439,-5.409561687486075e-14,32;0;0;0
16.89999999999997,31.42129920991635,0.9597722235260939,nan,adiabatic_expansion,1444,-5.748179709996748e-14,32;0;0;0
16.99999999999997,31.42048578481187,0.9594924440568815,nan,adiabatic_expansion,1447,-5.839773109528323e-14,32;0;0;0
17.099999999999973,31.419672356074482,0.9370310353870946,nan,adiabatic_expansion,1458,-5.995204332975845e-14,32;0;0;0
17.199999999999974,31.418859073901384,0.9497022076315199,nan,adiabatic_expansion,1467,-5.723199691942682e-14,32;0;0;0
17.299999999999976,31.249985145239165,0.9528976619595191,nan,cold,1477,-6.314393452555578e-14,32;0;0;0
17.399999999999977,27.57465954679675,0.8288760922274558,nan,cold,1483,-6.550315845288424e-14,32;0;0;0
17.49999999999998,27.28605472345011,0.8187213466819581,nan,cold,1490,-6.82509604388315e-14,32;0;0;0
17.59999999999998,28.112788999112908,0.8298579879008896,nan,cold,1494,-6.952771691715043e-14,32;0;0;0
17.69999999999998,28.661609360087688,0.8301774097883485,nan,cold,1503,-6.286637876939949e-14,32;0;0;0
17.799999999999983,30.095659544262446,0.8559668597829769,nan,cold,1511,-6.625255899450622e-14,32;0;0;0
17.899999999999984,30.15257542333944,0.8849022433685795,nan,cold,1516,-7.321920847402907e-14,32;0;0;0
17.999999999999986,29.582180112860897,0.91200904640866,nan,cold,1523,-7.438494264988549e-14,32;0;0;0
18.099999999999987,28.352064214619602,0.886124361750801,nan,cold,1538,-6.811218256075335e-14,32;0;0;0
18.19999999999999,27.804387181373123,0.873627736198631,nan,cold,1545,-7.258083023486961e-14,32;0;0;0
18.29999999999999,26.11591746731374,0.7996973430086461,nan,cold,1552,-7.296940829348841e-14,32;0;0;0
18.39999999999999,29.648098178580625,0.8647773151846014,nan,cold,1555,-7.513434319150747e-14,32;0;0;0
18.499999999999993,29.587548139591732,0.8478674240805318,nan,cold,1557,-7.155387393709134e-14,32;0;0;0
18.599999999999994,28.1415248969696,0.8359200364415266,nan,cold,1562,-6.838973831690964e-14,32;0;0;0
18.699999999999996,26.666633565125572,0.8151788980074948,nan,cold,1567,-6.838973831690964e-14,32;0;0;0
18.799999999999997,22.686122783700625,0.722073713794929,nan,cold,1576,-6.872280522429719e-14,32;0;0;0
18.9,22.463238715567694,0.7139309240423125,nan,cold,1580,-6.541989172603735e-14,32;0;0;0
19.0,25.275928182736642,0.7962430241399857,nan,cold,1585,-6.619704784327496e-14,32;0;0;0
19.1,27.85211697061047,0.884532697113927,nan,cold,1594,-6.339373470609644e-14,32;0;0;0
19.200000000000003,27.99164319364024,0.8644268279160153,nan,cold,1600,-6.725175971666886e-14,32;0;0;0
19.300000000000004,29.80185942699968,0.9190598512115945,nan,cold,1606,-6.852851619498779e-14,32;0;0;0
19.400000000000006,29.80173484236908,0.905972076633308,nan,cold,1612,-7.205347429817266e-14,32;0;0;0
19.500000000000007,28.58900803043453,0.9098518393233289,nan,cold,1616,-7.024936188315678e-14,32;0;0;0
19.60000000000001,27.954181435420303,0.8804691781831482,nan,cold,1621,-7.116529587847253e-14,32;0;0;0
19.70000000000001,27.953916845513973,0.8615241814904324,nan,cold,1622,-7.138734048339757e-14,32;0;0;0
19.80000000000001,27.721696800680203,0.8650211319467044,nan,cold,1636,-6.777911565336581e-14,32;0;0;0
19.900000000000013,27.72140074101067,0.8650211319467045,nan,cold,1640,-6.428191312579656e-14,32;0;0;0
20.000000000000014,27.926979205892007,0.8774956946511865,nan,cold,1643,-5.825895321720509e-14,32;0;0;0
20.100000000000016,27.2942165616401,0.8158500711340224,nan,cold,1652,-6.15341111398493e-14,32;0;0;0
20.200000000000017,27.042635924113196,0.8153458788830277,nan,cold,1663,-5.725975249504245e-14,32;0;0;0
20.30000000000002,26.189133297289587,0.766265013927304,nan,cold,1670,-5.620504062164855e-14,32;0;0;0
20.40000000000002,28.045943565890305,0.8241440108797122,nan,cold,1678,-5.762057497804562e-14,32;0;0;0
20.50000000000002,29.054299765114607,0.8568091823024993,nan,cold,1684,-5.86475312758239e-14,32;0;0;0
20.600000000000023,28.191862406055954,0.8563883104121113,nan,cold,1692,-5.762057497804562e-14,32;0;0;0
20.700000000000024,27.27597147923902,0.8383659431881998,nan,cold,1707,-6.492029136495603e-14,32;0;0;0
20.800000000000026,25.60655229734548,0.7796738262180165,nan,cold,1715,-7.135958490778194e-14,32;0;0;0
20.900000000000027,24.382719444129084,0.7374036343298647,nan,cold,1723,-7.166489623955385e-14,32;0;0;0
21.00000000000003,21.13298215406608,0.6300973192127715,nan,cold,1730,-6.905587213168474e-14,32;0;0;0
21.10000000000003,22.1177645978196,0.6379391871520969,nan,cold,1734,-7.649436639667329e-14,32;0;0;0
21.20000000000003,21.15774280106181,0.6224918755942583,nan,cold,1737,-7.377431998634165e-14,32;0;0;0
21.300000000000033,21.071560689248773,0.6098616026804435,nan,adiabatic_expansion,1747,-7.130407375655068e-14,32;0;0;0
21.400000000000034,21.070863204584143,0.6156578753866079,nan,adiabatic_expansion,1754,-6.997180612700049e-14,32;0;0;0
21.500000000000036,21.07017609669893,0.6339633508770246,nan,adiabatic_expansion,1758,-7.513434319150747e-14,32;0;0;0
21.600000000000037,21.069495730210726,0.6323926574034207,nan,adiabatic_expansion,1761,-7.543965452327939e-14,32;0;0;0
21.70000000000004,21.068836499973024,0.6236392023533746,nan,adiabatic_expansion,1766,-7.677192215282957e-14,32;0;0;0
21.80000000000004,21.068181386360646,0.6134461970188191,nan,adiabatic_expansion,1767,-7.990830219739564e-14,32;0;0;0
21.90000000000004,21.067565533972818,0.6405130714024964,nan,adiabatic_expansion,1773,-7.74658115432203e-14,32;0;0;0
22.000000000000043,21.066977445825092,0.637033785367038,nan,adiabatic_expansion,1777,-7.840950111415168e-14,32;0;0;0
22.100000000000044,21.066390477193018,0.6166171631900956,nan,adiabatic_expansion,1785,-7.885359032400174e-14,32;0;0;0
22.200000000000045,21.065804833015942,0.6166171631900956,nan,adiabatic_expansion,1787,-7.571721027943568e-14,32;0;0;0
22.300000000000047,21.06524050006214,0.6234394529266054,nan,adiabatic_expansion,1791,-7.4495964952348e-14,32;0;0;0
22.40000000000005,21.064812961181964,0.6681127281902927,nan,adiabatic_expansion,1797,-7.521760991835436e-14,32;0;0;0
22.50000000000005,21.064697067247465,0.6700078806098925,nan,adiabatic_expansion,1802,-7.518985434273873e-14,32;0;0;0
22.60000000000005,21.064644422167476,0.6679410743620104,nan,adiabatic_expansion,1807,-7.260858581048524e-14,32;0;0;0
22.700000000000053,21.0645303295901,0.6744427290332332,nan,adiabatic_expansion,1814,-7.724376693829527e-14,32;0;0;0
22.800000000000054,21.064334250670694,0.6696265372019073,nan,adiabatic_expansion,1818,-7.593925488436071e-14,32;0;0;0
22.900000000000055,21.064138186445838,0.6634447580246069,nan,adiabatic_expansion,1826,-7.696621118213898e-14,32;0;0;0
23.000000000000057,21.0639421437282,0.662867764867024,nan,adiabatic_expansion,1833,-7.685518887967646e-14,32;0;0;0
23.10000000000006,21.063499642188432,0.6550524386885437,nan,adiabatic_expansion,1836,-7.868705687030797e-14,32;0;0;0
23.20000000000006,21.06297799235052,0.6484365666983216,nan,adiabatic_expansion,1839,-7.72715225139109e-14,32;0;0;0
23.30000000000006,21.062378925310565,0.641173355000538,nan,adiabatic_expansion,1841,-7.643885524544203e-14,32;0;0;0
23.400000000000063,21.06177905519195,0.6491539983912006,nan,adiabatic_expansion,1846,-7.69939667577546e-14,32;0;0;0
23.500000000000064,21.061178600938078,0.642886254789896,nan,adiabatic_expansion,1854,-7.863154571907671e-14,32;0;0;0
23.600000000000065,21.060577768857534,0.642676752731796,nan,adiabatic_expansion,1861,-7.155387393709134e-14,32;0;0;0
23.700000000000067,21.059976742157083,0.641117739405379,nan,adiabatic_expansion,1864,-7.316369732279782e-14,32;0;0;0
23.800000000000068,21.059375672373843,0.6428153961232927,nan,adiabatic_expansion,1867,-7.235878562994458e-14,32;0;0;0
23.90000000000007,21.058768797695265,0.6468457364772742,nan,adiabatic_expansion,1870,-7.627232179174825e-14,32;0;0;0
24.00000000000007,21.05814445611984,0.6472659507565796,nan,adiabatic_expansion,1881,-7.607803276243885e-14,32;0;0;0
24.100000000000072,21.057515514434453,0.6453419397922348,nan,adiabatic_expansion,1885,-7.374656441072602e-14,32;0;0;0
24.200000000000074,23.4756666955481,0.7118662141362158,nan,cold,1896,-8.026912468039882e-14,32;0;0;0
24.300000000000075,23.78582425720862,0.7262803929966803,nan,cold,1901,-7.968625759247061e-14,32;0;0;0
24.400000000000077,23.599188282112042,0.7229173015499298,nan,cold,1907,-8.087974734394265e-14,32;0;0;0
24.500000000000078,22.940493538880393,0.7010187982938881,nan,cold,1914,-7.657763312352017e-14,32;0;0;0
24.60000000000008,23.663216558323548,0.7023650323296511,nan,cold,1920,-7.827072323607354e-14,32;0;0;0
24.70000000000008,23.283718372112514,0.682997159671159,nan,cold,1928,-7.882583474838611e-14,32;0;0;0
24.800000000000082,23.794154555541965,0.7126857456852882,nan,cold,1932,-7.904787935331115e-14,32;0;0;0
24.900000000000084,21.066494979474655,0.6441646438286596,nan,cold,1938,-8.0629947163402e-14,32;0;0;0
25.000000000000085,21.99843937884829,0.6652971085861016,nan,cold,1941,-8.526512829121202e-14,32;0;0;0
25.100000000000087,21.7118683550732,0.6677171509943781,nan,cold,1946,-8.051892486093948e-14,32;0;0;0
25.200000000000088,21.71129322918813,0.6677171509943782,nan,cold,1950,-8.074096946586451e-14,32;0;0;0
25.30000000000009,20.2254951738267,0.6147253321180368,nan,cold,1956,-8.326672684688674e-14,32;0;0;0
25.40000000000009,17.82980312253273,0.5495988278314683,nan,cold,1961,-8.404388296412435e-14,32;0;0;0
25.500000000000092,17.15832641071557,0.5261265199329084,nan,cold,1967,-8.407163853973998e-14,32;0;0;0
25.600000000000094,23.78936232296169,0.7352078225102786,nan,cold,1974,-8.465450562766819e-14,32;0;0;0
25.700000000000095,23.78915121732856,0.7219788428759273,nan,cold,1983,-8.149037000748649e-14,32;0;0;0
25.800000000000097,20.472078534322126,0.6374358811684294,nan,cold,1987,-8.440470544712753e-14,32;0;0;0
25.900000000000098,18.870521817695042,0.5931739237138104,nan,cold,1995,-7.294165271787278e-14,32;0;0;0
26.0000000000001,18.522438648096674,0.5926222860630459,nan,cold,1999,-7.183142969324763e-14,32;0;0;0
26.1000000000001,18.391959653404278,0.581485144726571,nan,cold,2008,-7.613354391367011e-14,32;0;0;0
26.200000000000102,20.23356245441824,0.6507211995454212,nan,cold,2014,-8.024136910478319e-14,32;0;0;0
26.300000000000104,19.117105478371922,0.5979374982284098,nan,cold,2019,-7.477352070850429e-14,32;0;0;0
26.400000000000105,19.117050544141147,0.5943405734982908,nan,cold,2024,-7.988054662178001e-14,32;0;0;0
26.500000000000107,18.922726650582515,0.6004687589708626,nan,cold,2031,-7.521760991835436e-14,32;0;0;0
26.600000000000108,18.31730437365924,0.5869213707303197,nan,cold,2035,-7.557843240135753e-14,32;0;0;0
26.70000000000011,18.01866954533433,0.574088820731895,nan,cold,2044,-7.283063041541027e-14,32;0;0;0
26.80000000000011,18.858044488390814,0.6059107814318884,nan,cold,2049,-7.60225216112076e-14,32;0;0;0
26.900000000000112,18.051020975006654,0.57965101284516,nan,cold,2051,-7.580047700628256e-14,32;0;0;0
27.000000000000114,18.05097265815926,0.57965101284516,nan,cold,2056,-7.518985434273873e-14,32;0;0;0
27.100000000000115,18.202041050412564,0.5855074259879117,nan,cold,2058,-7.632783294297951e-14,32;0;0;0
27.200000000000117,18.37375096157268,0.589461683136628,nan,cold,2062,-7.377431998634165e-14,32;0;0;0
27.300000000000118,18.344219342772533,0.5736246646073194,nan,cold,2067,-7.566169912820442e-14,32;0;0;0
27.40000000000012,19.89088875856039,0.6378829758540981,nan,cold,2079,-7.549516567451064e-14,32;0;0;0
27.50000000000012,19.396127134789108,0.6234035000203061,nan,cold,2081,-7.646661082105766e-14,32;0;0;0
27.600000000000122,21.37863423424896,0.6832996637771345,nan,cold,2086,-7.968625759247061e-14,32;0;0;0
27.700000000000124,20.83405668422586,0.6637924249015787,nan,cold,2094,-7.482903185973555e-14,32;0;0;0
27.800000000000125,22.220343818864308,0.6964855255367723,nan,cold,2100,-7.471800955727304e-14,32;0;0;0
27.900000000000126,23.30869981781197,0.71598714164822,nan,cold,2105,-7.521760991835436e-14,32;0;0;0
28.000000000000128,21.594191076454905,0.6537148107595705,nan,cold,2112,-7.926992395823618e-14,32;0;0;0
28.10000000000013,20.32155984807107,0.6050624239318707,nan,cold,2119,-8.090750291955828e-14,32;0;0;0
28.20000000000013,20.672302369027424,0.6165303211292942,nan,cold,2125,-8.218425939787721e-14,32;0;0;0
28.300000000000132,22.29220332477526,0.6611221702892217,nan,cold,2131,-8.154588115871775e-14,32;0;0;0
28.400000000000134,21.4472000451015,0.6361179220877093,nan,cold,2136,-8.321121569565548e-14,32;0;0;0
28.500000000000135,21.547163400617517,0.6426872900641218,nan,cold,2142,-8.72635297355373e-14,32;0;0;0
28.600000000000136,22.604687781182168,0.6769005359626642,nan,cold,2145,-8.570921750106208e-14,32;0;0;0
28.700000000000138,23.73382587885303,0.7135464911787942,nan,cold,2154,-8.62088178621434e-14,32;0;0;0
28.80000000000014,22.44722256002165,0.6556236117715334,nan,cold,2159,-8.759659664292485e-14,32;0;0;0
28.90000000000014,21.8113617200599,0.6300454934863317,nan,cold,2168,-8.429368314466501e-14,32;0;0;0
29.000000000000142,21.810678794350814,0.630429469837688,nan,adiabatic_expansion,2177,-8.484879465697759e-14,32;0;0;0
29.100000000000144,21.809996071790795,0.6350563540423358,nan,adiabatic_expansion,2181,-8.087974734394265e-14,32;0;0;0
29.200000000000145,21.809317307969813,0.6405819224778819,nan,adiabatic_expansion,2186,-8.315570454442422e-14,32;0;0;0
29.300000000000146,21.808640145890372,0.6360178475206736,nan,adiabatic_expansion,2192,-8.382183835919932e-14,32;0;0;0
29.400000000000148,21.807963418116227,0.6414326140371912,nan,adiabatic_expansion,2194,-8.93729534823251e-14,32;0;0;0
29.50000000000015,21.807287318624663,0.6414326140371912,nan,adiabatic_expansion,2198,-8.70692407062279e-14,32;0;0;0
29.60000000000015,21.80661209472533,0.6428525346595614,nan,adiabatic_expansion,2203,-8.873457524316564e-14,32;0;0;0
29.700000000000152,21.805996782543016,0.6632112413678695,nan,adiabatic_expansion,2214,-8.909539772616881e-14,32;0;0;0
29.800000000000153,21.805418832349552,0.6572188086617117,nan,adiabatic_expansion,2217,-8.720801858430605e-14,32;0;0;0
29.900000000000155,21.80484219314298,0.6601525587407335,nan,adiabatic_expansion,2221,-8.884559754562815e-14,32;0;0;0
30.000000000000156,21.804331731088592,0.6490850026404817,nan,adiabatic_expansion,2230,-8.643086246706844e-14,32;0;0;0
30.100000000000158,21.803969668594235,0.6821562997868534,nan,adiabatic_expansion,2235,-9.06219543850284e-14,32;0;0;0
30.20000000000016,21.803864723597194,0.6951019256516087,nan,adiabatic_expansion,2240,-9.012235402394708e-14,32;0;0;0
30.30000000000016,21.803759923539403,0.7018057493637466,nan,adiabatic_expansion,2246,-8.615330671091215e-14,32;0;0;0
30.400000000000162,21.803655269746038,0.6975933853766638,nan,adiabatic_expansion,2254,-8.612555113529652e-14,32;0;0;0
30.500000000000163,21.803481310048994,0.6969666398400789,nan,adiabatic_expansion,2262,-8.357203817865866e-14,32;0;0;0
30.600000000000165,21.803254207626292,0.6877484476281911,nan,adiabatic_expansion,2267,-8.490430580820885e-14,32;0;0;0
30.700000000000166,21.803022486251578,0.6857014147485669,nan,adiabatic_expansion,2272,-8.709699628184353e-14,32;0;0;0
30.800000000000168,21.80264560082445,0.6827361923312928,nan,adiabatic_expansion,2279,-8.551492847175268e-14,32;0;0;0
30.90000000000017,21.802147809654205,0.6625918417730913,nan,adiabatic_expansion,2284,-8.887335312124378e-14,32;0;0;0
31.00000000000017,21.801649493973642,0.6633830485026498,nan,adiabatic_expansion,2290,-8.337774914934926e-14,32;0;0;0
31.100000000000172,21.801150780888932,0.6754463135298999,nan,adiabatic_expansion,2300,-9.045542093133463e-14,32;0;0;0
31.200000000000173,21.80065179335905,0.6524632817863685,nan,adiabatic_expansion,2305,-8.731904088676856e-14,32;0;0;0
31.300000000000175,21.80015264581573,0.6524632817863685,nan,adiabatic_expansion,2305,-8.66806626476091e-14,32;0;0;0
31.400000000000176,21.79965344024876,0.6524632817863685,nan,adiabatic_expansion,2307,-8.962275366286576e-14,32;0;0;0
31.500000000000178,21.799102770326037,0.6547064115284359,nan,adiabatic_expansion,2314,-8.737455203799982e-14,32;0;0;0
31.60000000000018,21.79851200877463,0.6575574694915612,nan,adiabatic_expansion,2319,-9.089951014118469e-14,32;0;0;0
31.70000000000018,21.797919184354367,0.6663681710828799,nan,adiabatic_expansion,2325,-8.743006318923108e-14,32;0;0;0
31.800000000000182,21.797326541850673,0.6671219489699246,nan,adiabatic_expansion,2330,-8.990030941902205e-14,32;0;0;0
31.900000000000183,20.979540094337207,0.6484024032347797,nan,cold,2342,-8.454348332520567e-14,32;0;0;0
32.000000000000185,21.174850011333486,0.6524003942387099,nan,cold,2347,-8.423817199343375e-14,32;0;0;0
32.100000000000186,20.66249515448251,0.6370636387088281,nan,cold,2351,-8.723577415992168e-14,32;0;0;0
32.20000000000019,17.134036023779487,0.5242817149163156,nan,cold,2363,-8.743006318923108e-14,32;0;0;0
32.30000000000019,17.13345176924678,0.5242817149163157,nan,cold,2364,-8.83182416089312e-14,32;0;0;0
32.40000000000019,18.066981783451673,0.5509305444473284,nan,cold,2368,-8.684719610130287e-14,32;0;0;0
32.50000000000019,19.195894441168655,0.5898901201274894,nan,cold,2372,-8.68749516769185e-14,32;0;0;0
32.60000000000019,22.23345980640389,0.6897685563376479,nan,cold,2377,-9.053868765818152e-14,32;0;0;0
32.700000000000195,22.538912880733555,0.7012918520815369,nan,cold,2383,-8.043565813409259e-14,32;0;0;0
32.800000000000196,23.882428139498888,0.7361437650759788,nan,cold,2386,-8.629208458899029e-14,32;0;0;0
32.9000000000002,22.73013369503181,0.7061010565925974,nan,cold,2391,-8.268385975895853e-14,32;0;0;0
33.0000000000002,18.789564945859844,0.5708519867458192,nan,cold,2399,-8.248957072964913e-14,32;0;0;0
33.1000000000002,18.789152736470303,0.5854185397265558,nan,cold,2402,-7.902012377769552e-14,32;0;0;0
33.2000000000002,18.954363194160685,0.5987459390760042,nan,cold,2406,-8.018585795355193e-14,32;0;0;0
33.3000000000002,18.97512771952074,0.5939728388270729,nan,cold,2408,-8.201772594418344e-14,32;0;0;0
33.400000000000205,20.592224924260837,0.6021797280755216,nan,cold,2413,-8.7735374521003e-14,32;0;0;0
33.500000000000206,22.9380165695425,0.6881269786421846,nan,cold,2418,-8.584799537914023e-14,32;0;0;0
33.60000000000021,21.878474790864708,0.6949535986713228,nan,cold,2425,-8.640310689145281e-14,32;0;0;0
33.70000000000021,21.180646940668097,0.6657036966198775,nan,cold,2434,-8.795741912592803e-14,32;0;0;0
33.80000000000021,18.774816076567546,0.5624673273032188,nan,cold,2442,-8.920642002863133e-14,32;0;0;0
33.90000000000021,18.675411862120633,0.5516978620111048,nan,cold,2445,-8.826273045769994e-14,32;0;0;0
34.00000000000021,20.884028922251705,0.531806618689582,nan,cold,2452,-8.7735374521003e-14,32;0;0;0
34.100000000000215,22.07198518141536,0.5654073226586676,nan,cold,2456,-8.631984016460592e-14,32;0;0;0
34.200000000000216,22.251641740158828,0.5284080413476755,nan,cold,2460,-8.609779555968089e-14,32;0;0;0
34.30000000000022,22.613640182295757,0.571643220349175,nan,cold,2462,-8.740230761361545e-14,32;0;0;0
34.40000000000022,24.38572618551175,0.6806515531745565,nan,cold,2466,-8.618106228652778e-14,32;0;0;0
34.50000000000022,23.749945348618052,0.6897959588480339,nan,cold,2472,-8.326672684688674e-14,32;0;0;0
34.60000000000022,25.618435208982802,0.7504573454424285,nan,cold,2480,-8.285039321265231e-14,32;0;0;0
34.70000000000022,24.88644311923487,0.6155188298260982,nan,cold,2488,-8.407163853973998e-14,32;0;0;0
34.800000000000225,31.09222959115616,0.8115748496062798,nan,cold,2495,-8.715250743307479e-14,32;0;0;0
34.900000000000226,29.46157976932978,0.8274357686414204,nan,cold,2502,-8.01581023779363e-14,32;0;0;0
35.00000000000023,30.99798387862789,0.9469124106985377,nan,cold,2508,-8.01581023779363e-14,32;0;0;0
35.10000000000023,28.45690693785492,0.8804493323394739,nan,cold,2511,-8.08242361927114e-14,32;0;0;0
35.20000000000023,27.431862718324556,0.8519087142552026,nan,cold,2518,-7.988054662178001e-14,32;0;0;0
35.30000000000023,27.481765926230988,0.8355415737996775,nan,cold,2523,-7.530087664520124e-14,32;0;0;0
35.40000000000023,25.924007424513857,0.8017994682659975,nan,cold,2534,-7.76601005725297e-14,32;0;0;0
35.500000000000234,25.577349354425316,0.788999966756122,nan,cold,2538,-7.924216838262055e-14,32;0;0;0
35.600000000000236,25.46475979739093,0.7929909218003972,nan,adiabatic_expansion,2546,-7.51620987671231e-14,32;0;0;0
35.70000000000024,25.464255001069898,0.7956423935689468,nan,adiabatic_expansion,2554,-7.951972413877684e-14,32;0;0;0
35.80000000000024,25.46375040985094,0.7896908527830472,nan,adiabatic_expansion,2559,-7.95752352900081e-14,32;0;0;0
35.90000000000024,25.463247028363018,0.7977351941914644,nan,adiabatic_expansion,2570,-7.954747971439247e-14,32;0;0;0
36.00000000000024,25.462746079071987,0.7768386290435342,nan,adiabatic_expansion,2577,-7.682743330406083e-14,32;0;0;0
36.10000000000024,25.462245430695877,0.7869829643060542,nan,adiabatic_expansion,2583,-8.218425939787721e-14,32;0;0;0
36.200000000000244,25.461745151098768,0.7608872785938066,nan,adiabatic_expansion,2589,-7.76601005725297e-14,32;0;0;0
36.300000000000246,25.461245325792454,0.7558343526606989,nan,adiabatic_expansion,2594,-8.065770273901762e-14,32;0;0;0
36.40000000000025,25.460746055625286,0.7895979733579258,nan,adiabatic_expansion,2604,-7.899236820207989e-14,32;0;0;0
36.50000000000025,25.46024745348124,0.7875573277826374,nan,adiabatic_expansion,2611,-8.20732370954147e-14,32;0;0;0
36.60000000000025,25.45974964027962,0.789046376938821,nan,adiabatic_expansion,2619,-8.14071032806396e-14,32;0;0;0
36.70000000000025,25.459252740575582,0.789046376938821,nan,adiabatic_expansion,2620,-8.1601392309949e-14,32;0;0;0
36.80000000000025,25.45875687801446,0.7117936393275943,nan,adiabatic_expansion,2624,-8.087974734394265e-14,32;0;0;0
36.900000000000254,25.458262170912526,0.676172058001635,nan,adiabatic_expansion,2628,-7.902012377769552e-14,32;0;0;0
37.000000000000256,25.457821584310842,0.6797963681397704,nan,adiabatic_expansion,2635,-7.543965452327939e-14,32;0;0;0
37.10000000000026,25.45738769624552,0.6758705967733185,nan,adiabatic_expansion,2643,-7.624456621613263e-14,32;0;0;0
37.20000000000026,25.45695495735426,0.6701822424965911,nan,adiabatic_expansion,2650,-7.6216810640517e-14,32;0;0;0
37.30000000000026,25.45675377057225,0.7244178242274775,nan,adiabatic_expansion,2655,-7.488454301096681e-14,32;0;0;0
37.40000000000026,25.456655669832287,0.6813397807044209,nan,adiabatic_expansion,2665,-7.455147610357926e-14,32;0;0;0
37.50000000000026,25.45657960559709,0.7236130214184626,nan,adiabatic_expansion,2672,-7.122080702970379e-14,32;0;0;0
37.600000000000264,25.456447399302387,0.7281128319704059,nan,adiabatic_expansion,2677,-7.258083023486961e-14,32;0;0;0
37.700000000000266,25.45617953839445,0.735617105720929,nan,adiabatic_expansion,2682,-6.972200594645983e-14,32;0;0;0
37.80000000000027,25.455908715052416,0.7284867546343724,nan,adiabatic_expansion,2687,-6.869504964868156e-14,32;0;0;0
37.90000000000027,25.45547112244731,0.7470830913691172,nan,adiabatic_expansion,2693,-7.102651800039439e-14,32;0;0;0
38.00000000000027,25.45499864433844,0.7305128037223904,nan,adiabatic_expansion,2702,-7.108202915162565e-14,32;0;0;0
38.10000000000027,25.45448685055671,0.6755029483330502,nan,adiabatic_expansion,2710,-6.997180612700049e-14,32;0;0;0
38.20000000000027,25.453820083650243,0.6878918600611241,nan,adiabatic_expansion,2712,-6.838973831690964e-14,32;0;0;0
38.300000000000274,25.45311976109622,0.6983104983209849,nan,adiabatic_expansion,2719,-7.11375403028569e-14,32;0;0;0
38.400000000000276,25.452278879682954,0.7150156239479883,nan,adiabatic_expansion,2726,-7.066569551739121e-14,32;0;0;0
38.50000000000028,25.451436994650262,0.7063626103177536,nan,adiabatic_expansion,2730,-6.944445019030354e-14,32;0;0;0
38.60000000000028,25.450574620087732,0.7469712538630523,nan,adiabatic_expansion,2737,-6.200595592531499e-14,32;0;0;0
38.70000000000028,25.449688355793864,0.7429554574051234,nan,adiabatic_expansion,2745,-6.328271240363392e-14,32;0;0;0
38.80000000000028,25.448788049985616,0.742777641816162,nan,adiabatic_expansion,2749,-6.372680161348399e-14,32;0;0;0
38.90000000000028,26.220436792411313,0.7238608391409306,nan,cold,2758,-7.027711745877241e-14,32;0;0;0
39.000000000000284,24.90503373390987,0.6705523974953205,nan,cold,2767,-7.194245199571014e-14,32;0;0;0
39.100000000000286,24.242803610377145,0.6105563562660967,nan,cold,2770,-6.866729407306593e-14,32;0;0;0
39.20000000000029,24.843150363648256,0.6063479408870591,nan,cold,2774,-7.033262861000367e-14,32;0;0;0
39.30000000000029,25.44985937183291,0.743436743757765,nan,cold,2788,-7.105427357601002e-14,32;0;0;0
39.40000000000029,28.517103265638024,0.8426631968920274,nan,cold,2795,-7.127631818093505e-14,32;0;0;0
39.50000000000029,29.196789863636038,0.8349765957567458,nan,cold,2800,-7.05546732149287e-14,32;0;0;0
39.60000000000029,29.259336100190154,0.804542514919149,nan,cold,2804,-7.41073868937292e-14,32;0;0;0
39.700000000000294,29.469265945357336,0.8095127717965881,nan,cold,2808,-7.382983113757291e-14,32;0;0;0
39.800000000000296,28.610106843811305,0.8221356792598783,nan,cold,2816,-7.41073868937292e-14,32;0;0;0
39.9000000000003,26.1831738843553,0.7879035521518112,nan,cold,2823,-8.459899447643693e-14,32;0;0;0
40.0000000000003,26.18277214064389,0.7738659086983131,nan,cold,2829,-8.58202398035246e-14,32;0;0;0
40.1000000000003,26.905599514324305,0.7929697338136888,nan,cold,2841,-8.43769498715119e-14,32;0;0;0
40.2000000000003,27.69139289685803,0.8212873663365394,nan,cold,2851,-8.215650382226158e-14,32;0;0;0
40.3000000000003,27.852181751584666,0.7946396610505257,nan,cold,2857,-8.315570454442422e-14,32;0;0;0
40.400000000000304,27.366770913903473,0.8249352266152644,nan,cold,2859,-8.315570454442422e-14,32;0;0;0
40.500000000000306,27.02890315444801,0.8277715588938082,nan,cold,2864,-7.532863222081687e-14,32;0;0;0
40.60000000000031,25.644273225194098,0.8066342960840366,nan,cold,2868,-7.571721027943568e-14,32;0;0;0
40.70000000000031,24.51538512438753,0.7659225122528925,nan,cold,2877,-7.543965452327939e-14,32;0;0;0
40.80000000000031,26.694291131245112,0.8284424673402817,nan,cold,2883,-7.677192215282957e-14,32;0;0;0
40.90000000000031,24.43230996590062,0.7862468027425938,nan,cold,2890,-7.588374373312945e-14,32;0;0;0
41.00000000000031,24.811340310790282,0.7979462029697661,nan,cold,2895,-7.671641100159832e-14,32;0;0;0
41.100000000000314,25.325746573062037,0.8138162886680604,nan,cold,2902,-7.34412530789541e-14,32;0;0;0
41.200000000000315,25.84359451604128,0.8317168333024701,nan,cold,2907,-6.999956170261612e-14,32;0;0;0
41.30000000000032,26.61676500761471,0.852991491336386,nan,cold,2910,-7.05546732149287e-14,32;0;0;0
41.40000000000032,22.155552896604004,0.7052583662836152,nan,cold,2919,-6.9111383282916e-14,32;0;0;0
41.50000000000032,21.844643685342227,0.6978253719206743,nan,cold,2925,-6.655787032627813e-14,32;0;0;0
41.60000000000032,21.49783252848642,0.6620507544013813,nan,cold,2931,-6.63358257213531e-14,32;0;0;0
41.70000000000032,23.193617319718456,0.7076375430018802,nan,cold,2936,-6.583622536027178e-14,32;0;0;0
41.800000000000324,21.540733538825684,0.6652402387626555,nan,cold,2947,-6.417089082333405e-14,32;0;0;0
41.900000000000325,25.250928790217124,0.7855250404972254,nan,cold,2956,-6.927791673660977e-14,32;0;0;0
42.00000000000033,25.05566372161789,0.7717548351116115,nan,cold,2959,-6.838973831690964e-14,32;0;0;0
42.10000000000033,24.132964798285553,0.7383371825666731,nan,cold,2967,-7.122080702970379e-14,32;0;0;0
42.20000000000033,23.514750302096324,0.7017708868485195,nan,cold,2974,-7.321920847402907e-14,32;0;0;0
42.30000000000033,22.292303849219756,0.6766547258576757,nan,cold,2976,-7.238654120556021e-14,32;0;0;0
42.40000000000033,21.709396691888735,0.6698036811590963,nan,cold,2979,-6.789013795582832e-14,32;0;0;0
42.500000000000334,28.47879092644557,0.8789807402319482,nan,cold,2986,-6.727951529228449e-14,32;0;0;0
42.600000000000335,26.26327203521751,0.7985662228891389,nan,cold,2993,-6.683542608243442e-14,32;0;0;0
42.70000000000034,25.866118554982407,0.7749844863953801,nan,cold,2998,-6.933342788784103e-14,32;0;0;0
42.80000000000034,21.1634279572603,0.616420927906823,nan,cold,3002,-6.80566714095221e-14,32;0;0;0
42.90000000000034,21.486556846445175,0.6240716565645438,nan,cold,3006,-6.777911565336581e-14,32;0;0;0
43.00000000000034,21.977850995398622,0.6277660240709338,nan,cold,3011,-7.072120666862247e-14,32;0;0;0
43.10000000000034,20.53162013947869,0.593174721277362,nan,cold,3016,-6.861178292183467e-14,32;0;0;0
43.200000000000344,21.094414240819823,0.6128472926869377,nan,cold,3023,-6.872280522429719e-14,32;0;0;0
43.300000000000345,20.67351237132346,0.5947514895231801,nan,cold,3025,-6.922240558537851e-14,32;0;0;0
43.40000000000035,20.6727741314588,0.5817945827549651,nan,adiabatic_expansion,3030,-6.994405055138486e-14,32;0;0;0
43.50000000000035,20.67203994433957,0.6080426651608616,nan,adiabatic_expansion,3033,-7.005507285384738e-14,32;0;0;0
43.60000000000035,20.671309343951336,0.6025095857787243,nan,adiabatic_expansion,3039,-7.149836278586008e-14,32;0;0;0
43.70000000000035,20.670583228286862,0.6208028093824016,nan,adiabatic_expansion,3043,-7.288614156664153e-14,32;0;0;0
43.80000000000035,20.66992993924741,0.6318369839567332,nan,adiabatic_expansion,3046,-7.127631818093505e-14,32;0;0;0
43.900000000000354,20.669312831387842,0.6322676106035318,nan,adiabatic_expansion,3049,-7.188694084447889e-14,32;0;0;0
44.000000000000355,20.668696623754904,0.628026371698393,nan,adiabatic_expansion,3054,-7.360778653264788e-14,32;0;0;0
44.10000000000036,20.668110021063914,0.6340213933706947,nan,adiabatic_expansion,3060,-6.866729407306593e-14,32;0;0;0
44.20000000000036,20.667704636403723,0.644910052689975,nan,adiabatic_expansion,3063,-7.355227538141662e-14,32;0;0;0
44.30000000000036,20.66752862379925,0.653584813587844,nan,adiabatic_expansion,3066,-7.488454301096681e-14,32;0;0;0
44.40000000000036,20.66742509269727,0.6495581057927903,nan,adiabatic_expansion,3073,-7.205347429817266e-14,32;0;0;0
44.50000000000036,20.667375464202884,0.6464797154946469,nan,adiabatic_expansion,3082,-7.527312106958561e-14,32;0;0;0
44.600000000000364,20.667319935907013,0.6544591068942165,nan,adiabatic_expansion,3091,-7.30526750203353e-14,32;0;0;0
44.700000000000365,20.66723747869667,0.6356157946480687,nan,adiabatic_expansion,3097,-6.922240558537851e-14,32;0;0;0
44.80000000000037,20.66698826124835,0.6302832447520537,nan,adiabatic_expansion,3104,-6.994405055138486e-14,32;0;0;0
44.90000000000037,20.666739026506328,0.6470537156552539,nan,adiabatic_expansion,3113,-6.966649479522857e-14,32;0;0;0
45.00000000000037,20.666489790808278,0.6405743602562091,nan,adiabatic_expansion,3116,-6.861178292183467e-14,32;0;0;0
45.10000000000037,20.666240570609045,0.6427553318883505,nan,adiabatic_expansion,3119,-7.149836278586008e-14,32;0;0;0
45.20000000000037,20.66599138233776,0.6588728769246741,nan,adiabatic_expansion,3123,-7.09432512735475e-14,32;0;0;0
45.300000000000374,20.66574224225349,0.6611630967550993,nan,adiabatic_expansion,3125,-6.972200594645983e-14,32;0;0;0
45.400000000000375,20.66549316630328,0.6611781099098917,nan,adiabatic_expansion,3131,-6.55586696041155e-14,32;0;0;0
45.50000000000038,20.665239850484998,0.6466423145073771,nan,adiabatic_expansion,3136,-6.722400414105323e-14,32;0;0;0
45.60000000000038,20.664940265603448,0.6396184682942488,nan,adiabatic_expansion,3142,-6.09512440519211e-14,32;0;0;0
45.70000000000038,20.66464075311181,0.6461550408458249,nan,adiabatic_expansion,3144,-5.6066262743570405e-14,32;0;0;0
45.80000000000038,20.664341335733603,0.6576319525779278,nan,adiabatic_expansion,3150,-5.440092820663267e-14,32;0;0;0
45.90000000000038,20.664042034219797,0.6526604379265364,nan,adiabatic_expansion,3157,-5.623279619726418e-14,32;0;0;0
46.000000000000384,20.66373676635949,0.6555405172170667,nan,adiabatic_expansion,3162,-5.084821452783217e-14,32;0;0;0
46.100000000000385,20.663408884620104,0.656345919434286,nan,adiabatic_expansion,3168,-5.706546346573305e-14,32;0;0;0
46.20000000000039,20.663069537717508,0.6449635950488631,nan,adiabatic_expansion,3175,-5.823119764158946e-14,32;0;0;0
46.30000000000039,20.662727059608628,0.6540965309778791,nan,adiabatic_expansion,3179,-6.150635556423367e-14,32;0;0;0
46.40000000000039,20.662384765058828,0.6515062143124434,nan,adiabatic_expansion,3181,-5.1514348342607263e-14,32;0;0;0
46.50000000000039,20.66204209158891,0.6438696792717673,nan,adiabatic_expansion,3188,-5.71209746169643e-14,32;0;0;0
46.60000000000039,20.661696389337482,0.6452441249245164,nan,adiabatic_expansion,3193,-5.467848396278896e-14,32;0;0;0
46.700000000000394,20.66135079629863,0.6442613820412059,nan,adiabatic_expansion,3195,-5.306866057708248e-14,32;0;0;0
46.800000000000395,18.572004287932327,0.5715294921607219,nan,cold,3205,-5.6343818499726694e-14,32;0;0;0
46.9000000000004,19.98349258969336,0.6346531641651147,nan,cold,3217,-5.0959236830294685e-14,32;0;0;0
47.0000000000004,19.035151061265964,0.5974185368045608,nan,cold,3222,-5.218048215738236e-14,32;0;0;0
47.1000000000004,22.01967143437748,0.6930738969386447,nan,cold,3230,-4.96269692007445e-14,32;0;0;0
47.2000000000004,22.33127484780976,0.7010988899154237,nan,cold,3237,-5.601075159233915e-14,32;0;0;0
47.3000000000004,22.68473106480889,0.7056085966313008,nan,cold,3241,-5.162537064506978e-14,32;0;0;0
47.400000000000404,24.197550330826846,0.7499151801577288,nan,cold,3252,-4.873879078104437e-14,32;0;0;0
47.500000000000405,24.158699157629986,0.686778331126743,nan,cold,3258,-4.901634653720066e-14,32;0;0;0
47.600000000000406,24.033293863090822,0.6953084614073279,nan,cold,3262,-4.6129766673175254e-14,32;0;0;0
47.70000000000041,26.118771078096454,0.7688875278587928,nan,cold,3265,-4.851674617611934e-14,32;0;0;0
47.80000000000041,25.15510256328334,0.7765859361121767,nan,cold,3268,-4.657385588302532e-14,32;0;0;0
47.90000000000041,25.15479822402138,0.7786261186571924,nan,cold,3274,-4.1744385725905886e-14,32;0;0;0
48.00000000000041,24.20298541934369,0.7704510948939418,nan,cold,3279,-4.696243394164412e-14,32;0;0;0
48.10000000000041,26.86100634284879,0.8529197717837964,nan,cold,3289,-4.1244785364824565e-14,32;0;0;0
48.200000000000415,24.519685344835082,0.7770614313478624,nan,cold,3295,-3.991251773527438e-14,32;0;0;0
48.300000000000416,21.963354876908806,0.683870424559783,nan,cold,3304,-4.4020342926387457e-14,32;0;0;0
48.40000000000042,21.74467186873565,0.6836590850995875,nan,cold,3311,-3.93574062229618e-14,32;0;0;0
48.50000000000042,21.74462256000865,0.6836590850995875,nan,cold,3313,-4.218847493575595e-14,32;0;0;0
48.60000000000042,21.886663013010786,0.6528087398425676,nan,cold,3317,-4.1244785364824565e-14,32;0;0;0
48.70000000000042,20.246330641507175,0.6374496510559123,nan,cold,3320,-4.057865155004947e-14,32;0;0;0
48.80000000000042,18.382037346209753,0.5856363192452967,nan,cold,3326,-3.752553823233029e-14,32;0;0;0
48.900000000000425,19.99468749391005,0.6329976606410107,nan,cold,3333,-3.708144902248023e-14,32;0;0;0
49.000000000000426,21.078487771133652,0.6707137020123826,nan,cold,3339,-3.952393967665557e-14,32;0;0;0
49.10000000000043,21.078454217394377,0.6709629602752473,nan,cold,3341,-4.1244785364824565e-14,32;0;0;0
49.20000000000043,21.18186494212084,0.6828451096952703,nan,cold,3347,-4.191091917959966e-14,32;0;0;0
49.30000000000043,21.46311827449767,0.6888576040023877,nan,cold,3353,-4.335420911161236e-14,32;0;0;0
49.40000000000043,21.109793086303554,0.6734137134890584,nan,cold,3358,-4.196643033083092e-14,32;0;0;0
49.50000000000043,20.500388324278607,0.6582072502033082,nan,cold,3364,-3.9690473130349346e-14,32;0;0;0
49.600000000000435,20.524260236117797,0.641966152289388,nan,cold,3370,-3.952393967665557e-14,32;0;0;0
49.700000000000436,21.518204526403782,0.6837930711043946,nan,cold,3374,-3.980149543281186e-14,32;0;0;0
49.80000000000044,24.30098752277421,0.7724437416068227,nan,cold,3379,-4.08006961549745e-14,32;0;0;0
49.90000000000044,23.478783956300855,0.7450844624815198,nan,cold,3386,-3.991251773527438e-14,32;0;0;0
50.00000000000044,22.554501472867983,0.7111043250796032,nan,cold,3391,-3.808064974464287e-14,32;0;0;0
50.10000000000044,25.068129050843705,0.7964050696712862,nan,cold,3397,-3.574918139293004e-14,32;0;0;0
50.20000000000044,28.16383802617993,0.9004229100812006,nan,cold,3401,-3.502753642692369e-14,32;0;0;0
50.300000000000445,27.663336860321245,0.8866696360241662,nan,cold,3403,-3.480549182199866e-14,32;0;0;0
50.400000000000446,27.482861804383706,0.8802121651815453,nan,cold,3411,-3.83026943495679e-14,32;0;0;0
50.50000000000045,26.812947001726315,0.8231298622256812,nan,cold,3417,-4.0023540037736893e-14,32;0;0;0
50.60000000000045,24.066161116470646,0.7675142638625067,nan,cold,3425,-4.135580766728708e-14,32;0;0;0
50.70000000000045,24.438921525266444,0.7726048007857597,nan,cold,3431,-4.0245584642661925e-14,32;0;0;0
50.80000000000045,24.82734626387471,0.7842561359542632,nan,cold,3439,-3.963496197911809e-14,32;0;0;0
50.90000000000045,25.80136719822541,0.8239016788057026,nan,cold,3441,-3.6914915568786455e-14,32;0;0;0
51.000000000000455,25.67659652270913,0.8199916104450444,nan,cold,3447,-2.8699265186560297e-14,32;0;0;0
51.100000000000456,23.924794905443974,0.7471795771016021,nan,cold,3452,-2.930988785010413e-14,32;0;0;0
51.20000000000046,24.132190026865405,0.7632847843594057,nan,cold,3455,-2.90878432451791e-14,32;0;0;0
51.30000000000046,23.652607043343085,0.7500880955111359,nan,cold,3463,-3.4361402612148595e-14,32;0;0;0
51.40000000000046,22.189768461634085,0.708549799972318,nan,cold,3466,-3.197442310920451e-14,32;0;0;0
51.50000000000046,21.323865141009698,0.6642921085772224,nan,adiabatic_expansion,3472,-3.036459972349803e-14,32;0;0;0
51.60000000000046,21.323600030224764,0.6639127380152854,nan,adiabatic_expansion,3474,-2.781108676686017e-14,32;0;0;0
51.700000000000465,21.32333511973986,0.6762357404753091,nan,adiabatic_expansion,3478,-2.4480417692984702e-14,32;0;0;0
51.800000000000466,21.32307041038322,0.6777896383576855,nan,adiabatic_expansion,3483,-2.6922908347160046e-14,32;0;0;0
51.90000000000047,21.322805903820687,0.6727598418373707,nan,adiabatic_expansion,3485,-2.6256774532384952e-14,32;0;0;0
52.00000000000047,21.3225416027729,0.6741297383058231,nan,adiabatic_expansion,3490,-2.6423307986078726e-14,32;0;0;0
52.10000000000047,21.32227751117746,0.6810947594479602,nan,adiabatic_expansion,3499,-2.5701663020072374e-14,32;0;0;0
52.20000000000047,21.322013634301257,0.6762221262893646,nan,adiabatic_expansion,3507,-2.992051051364797e-14,32;0;0;0
52.30000000000047,21.321749978806654,0.6756239992422445,nan,adiabatic_expansion,3512,-2.3203661214665772e-14,32;0;0;0
52.400000000000475,21.321504434452812,0.6742072528958373,nan,adiabatic_expansion,3515,-2.609024107869118e-14,32;0;0;0
52.500000000000476,21.32126825298764,0.6709209775667595,nan,adiabatic_expansion,3518,-2.4091839634365897e-14,32;0;0;0
52.60000000000048,21.32103528875709,0.6599847664996107,nan,adiabatic_expansion,3524,-2.7200464103316335e-14,32;0;0;0
52.70000000000048,21.320853408843778,0.6547158851300786,nan,adiabatic_expansion,3528,-2.503552920529728e-14,32;0;0;0
52.80000000000048,21.32067176092361,0.6783371921590831,nan,adiabatic_expansion,3538,-2.2815083156046967e-14,32;0;0;0
52.90000000000048,21.320490349429324,0.6768773342917781,nan,adiabatic_expansion,3544,-2.0761170560490427e-14,32;0;0;0
53.00000000000048,21.320331548531318,0.6787522911815785,nan,adiabatic_expansion,3553,-2.2037927038809357e-14,32;0;0;0
53.100000000000485,21.32023413637614,0.6827845037499339,nan,adiabatic_expansion,3558,-2.0095036745715333e-14,32;0;0;0
53.200000000000486,21.320180203031395,0.6787128512355279,nan,adiabatic_expansion,3566,-1.970645868709653e-14,32;0;0;0
53.30000000000049,21.32015587188121,0.6676159169153036,nan,adiabatic_expansion,3569,-2.0816681711721685e-14,32;0;0;0
53.40000000000049,21.3201317392071,0.6676159169153035,nan,adiabatic_expansion,3571,-1.9373391779708982e-14,32;0;0;0
53.50000000000049,21.32010780504984,0.6849676741840146,nan,adiabatic_expansion,3576,-2.2315482794965646e-14,32;0;0;0
53.60000000000049,21.320084069449216,0.6757502712155983,nan,adiabatic_expansion,3583,-2.2370993946196904e-14,32;0;0;0
53.70000000000049,21.319970695788165,0.6600952129500256,nan,adiabatic_expansion,3594,-2.2315482794965646e-14,32;0;0;0
53.800000000000495,21.319692099540937,0.6496830296766986,nan,adiabatic_expansion,3602,-2.4480417692984702e-14,32;0;0;0
53.900000000000496,21.319413617605566,0.6607697804804902,nan,adiabatic_expansion,3606,-2.0261570199409107e-14,32;0;0;0
54.0000000000005,21.31913526630748,0.672682195330569,nan,adiabatic_expansion,3612,-2.481348460037225e-14,32;0;0;0
54.1000000000005,21.31885706030053,0.6697776406263654,nan,adiabatic_expansion,3623,-2.4369395390522186e-14,32;0;0;0
54.2000000000005,21.31857901246622,0.672389117400867,nan,adiabatic_expansion,3627,-2.1926904736346842e-14,32;0;0;0
54.3000000000005,21.318301133849673,0.6788261073023631,nan,adiabatic_expansion,3633,-2.1815882433884326e-14,32;0;0;0
54.4000000000005,21.318023433640743,0.6795196654299506,nan,adiabatic_expansion,3638,-2.375877272697835e-14,32;0;0;0
54.500000000000504,21.31774591920013,0.6799704618281053,nan,adiabatic_expansion,3645,-2.1871393585115584e-14,32;0;0;0
54.600000000000506,21.317463368151937,0.6808980470948154,nan,adiabatic_expansion,3653,-2.5979218776228663e-14,32;0;0;0
54.70000000000051,21.317178918645943,0.6726293128565719,nan,adiabatic_expansion,3656,-2.3925306180672123e-14,32;0;0;0
54.80000000000051,21.316894667051404,0.6790009990005215,nan,adiabatic_expansion,3661,-2.325917236589703e-14,32;0;0;0
54.90000000000051,21.316610614818703,0.6559004958866539,nan,adiabatic_expansion,3667,-2.270406085358445e-14,32;0;0;0
55.00000000000051,21.316326762492615,0.6796352976302706,nan,cold,3673,-2.3703261575747092e-14,32;0;0;0
55.10000000000051,20.850445606345865,0.6609601147020646,nan,cold,3677,-2.6645352591003757e-14,32;0;0;0
55.200000000000514,23.51869693077552,0.7454315376708665,nan,cold,3685,-2.836619827917275e-14,32;0;0;0
55.300000000000516,22.556016909416755,0.7036974310578421,nan,cold,3688,-2.7033930649622562e-14,32;0;0;0
55.40000000000052,23.360240775131256,0.7055322539232428,nan,cold,3693,-2.653433028854124e-14,32;0;0;0
55.50000000000052,24.42570551234155,0.7605197729427952,nan,cold,3700,-3.1030733538273125e-14,32;0;0;0
55.60000000000052,24.760600851380634,0.7367677289671893,nan,cold,3707,-2.9753977059954195e-14,32;0;0;0
55.70000000000052,24.754715333077957,0.789778860297772,nan,cold,3717,-2.6700863742235015e-14,32;0;0;0
55.80000000000052,21.68225699040403,0.6928799801285934,nan,cold,3722,-1.482147737874584e-14,32;0;0;0
55.900000000000524,21.445555950310595,0.6860710116225315,nan,cold,3726,-1.8540724511240114e-14,32;0;0;0
56.000000000000526,22.221974877890137,0.7079264887394571,nan,cold,3732,-1.7541523789077473e-14,32;0;0;0
56.10000000000053,20.71436974993861,0.64801228686754,nan,cold,3734,-1.892930256985892e-14,32;0;0;0
56.20000000000053,20.59667060817091,0.6564969326818354,nan,cold,3735,-1.942890293094024e-14,32;0;0;0
56.30000000000053,21.30725704255106,0.6803560667799005,nan,cold,3743,-1.9984014443252818e-14,32;0;0;0
56.40000000000053,21.445562538572183,0.6693046313454036,nan,cold,3748,-1.942890293094024e-14,32;0;0;0
56.50000000000053,20.769296402764475,0.6605883434711163,nan,cold,3755,-1.9095836023552692e-14,32;0;0;0
56.600000000000534,20.23278130788938,0.6489655179494312,nan,cold,3761,-1.6819878823071122e-14,32;0;0;0
56.700000000000536,19.765130780986702,0.6357912116224627,nan,cold,3771,-1.6542323066914832e-14,32;0;0;0
56.80000000000054,18.929501184348453,0.607458820045387,nan,cold,3776,-1.587618925213974e-14,32;0;0;0
56.90000000000054,21.944904577519445,0.6966274383310117,nan,cold,3782,-1.2823075934420558e-14,32;0;0;0
57.00000000000054,21.729860085072374,0.6933612888743057,nan,cold,3788,-1.4876988529977098e-14,32;0;0;0
57.10000000000054,21.480032158633023,0.6793680582314583,nan,cold,3792,-1.3378187446733136e-14,32;0;0;0
57.20000000000054,20.861802907356964,0.6679914796671057,nan,cold,3797,-1.9206858326015208e-14,32;0;0;0
57.300000000000544,20.114786540144273,0.6467643950547444,nan,cold,3801,-1.892930256985892e-14,32;0;0;0
57.400000000000546,18.43146946402147,0.5896313005066458,nan,cold,3811,-2.1038726316646716e-14,32;0;0;0
57.50000000000055,17.937083842762462,0.576670248944733,nan,cold,3816,-1.84297022087776e-14,32;0;0;0
57.60000000000055,19.15681910805791,0.6060954363053772,nan,cold,3823,-2.0095036745715333e-14,32;0;0;0
57.70000000000055,20.792228875363897,0.6634296886355221,nan,cold,3830,-1.8041124150158794e-14,32;0;0;0
57.80000000000055,20.096657301828152,0.6460160602653222,nan,cold,3837,-1.2101430968414206e-14,32;0;0;0
57.90000000000055,20.09658408059273,0.647312122640937,nan,cold,3840,-1.3933298959045715e-14,32;0;0;0
58.000000000000554,22.97100714041672,0.7269337178634958,nan,cold,3845,-1.815214645262131e-14,32;0;0;0
58.100000000000556,21.64691147469912,0.6929201365881873,nan,cold,3850,-1.454392162258955e-14,32;0;0;0
58.20000000000056,21.996592619023808,0.6866049982193079,nan,cold,3855,-1.5487611193520934e-14,32;0;0;0
58.30000000000056,20.52275283770955,0.6494486770682976,nan,cold,3858,-1.1712852909795402e-14,32;0;0;0
58.40000000000056,22.09313236638173,0.7068174126227618,nan,cold,3862,-9.71445146547012e-15,32;0;0;0
58.50000000000056,22.978904437791428,0.7080654170041214,nan,cold,3867,-1.021405182655144e-14,32;0;0;0
58.60000000000056,22.55549744211378,0.6933260538342311,nan,cold,3870,-9.71445146547012e-15,32;0;0;0
58.700000000000564,23.666088085299606,0.7558096255675024,nan,cold,3878,-5.773159728050814e-15,32;0;0;0
58.800000000000566,24.47289373360694,0.7726080091913426,nan,cold,3881,-7.771561172376096e-15,32;0;0;0
58.90000000000057,25.8868802684307,0.8268594433243882,nan,cold,3885,-7.438494264988549e-15,32;0;0;0
59.00000000000057,27.474614129025543,0.8622074604173494,nan,cold,3892,-6.8833827526759706e-15,32;0;0;0
59.10000000000057,24.934150547502888,0.7589345348254019,nan,cold,3896,-6.8833827526759706e-15,32;0;0;0
59.20000000000057,24.503199732740736,0.7573201448994905,nan,cold,3904,-1.1213252548714081e-14,32;0;0;0
59.30000000000057,20.452424628107234,0.6525803470867232,nan,cold,3911,-1.3433698597964394e-14,32;0;0;0
59.400000000000574,23.51373585480533,0.7467617920593096,nan,cold,3917,-1.0824674490095276e-14,32;0;0;0
59.500000000000576,23.61273586920161,0.7525692278929095,nan,cold,3923,-1.1268763699945339e-14,32;0;0;0
59.60000000000058,24.13521000039333,0.7595187947719094,nan,cold,3929,-1.1934897514720433e-14,32;0;0;0
59.70000000000058,24.358284269880205,0.7554317427532541,nan,cold,3935,-1.0547118733938987e-14,32;0;0;0
59.80000000000058,23.957613707909342,0.7315836660934574,nan,cold,3937,-5.828670879282072e-15,32;0;0;0
59.90000000000058,22.823266204307792,0.6493098445498258,nan,cold,3940,-4.9960036108132044e-15,32;0;0;0
60.00000000000058,22.228448978249414,0.6346974106944137,nan,cold,3948,-1.0380585280245214e-14,32;0;0;0
60.100000000000584,20.12540085870515,0.6238362440951533,nan,cold,3956,-3.9968028886505635e-15,32;0;0;0
60.200000000000585,19.4657449686631,0.5999955553905326,nan,cold,3960,-7.382983113757291e-15,32;0;0;0
60.30000000000059,20.449117656216774,0.619637810810287,nan,cold,3965,-4.551914400963142e-15,32;0;0;0
60.40000000000059,20.448761926677793,0.6301093695217709,nan,adiabatic_expansion,3969,-4.773959005888173e-15,32;0;0;0
60.50000000000059,20.44840639750197,0.636079593119343,nan,adiabatic_expansion,3972,-5.773159728050814e-15,32;0;0;0
60.60000000000059,20.448051070526187,0.6443439119565916,nan,adiabatic_expansion,3979,-6.827871601444713e-15,32;0;0;0
60.70000000000059,20.44769595031303,0.6421857279614208,nan,adiabatic_expansion,3989,-5.773159728050814e-15,32;0;0;0
60.800000000000594,20.44735045822228,0.6367110663206188,nan,adiabatic_expansion,3991,-1.4432899320127035e-15,32;0;0;0
60.900000000000595,20.447011250248043,0.6491555244689075,nan,adiabatic_expansion,4001,-3.1086244689504383e-15,32;0;0;0
61.0000000000006,20.446672281681277,0.6491555244689075,nan,adiabatic_expansion,4003,-7.882583474838611e-15,32;0;0;0
61.1000000000006,20.446333571150593,0.628704022860714,nan,adiabatic_expansion,4011,-2.0539125955565396e-15,32;0;0;0
61.2000000000006,20.445995141130528,0.621880458315447,nan,adiabatic_expansion,4017,-2.9976021664879227e-15,32;0;0;0
61.3000000000006,20.445685641587268,0.626032649606186,nan,adiabatic_expansion,4022,-3.552713678800501e-15,32;0;0;0
61.4000000000006,20.445382092105632,0.6341149775083529,nan,adiabatic_expansion,4029,-5.9396931817445875e-15,32;0;0;0
61.500000000000604,20.44507887329059,0.634114977508353,nan,adiabatic_expansion,4033,-5.773159728050814e-15,32;0;0;0
61.600000000000605,20.44477600979786,0.6457088829782222,nan,adiabatic_expansion,4039,-2.1649348980190553e-15,32;0;0;0
61.70000000000061,20.444568463103455,0.6551199129886848,nan,adiabatic_expansion,4050,-8.770761894538737e-15,32;0;0;0
61.80000000000061,20.44445015385451,0.6515249089457519,nan,adiabatic_expansion,4055,-4.3298697960381105e-15,32;0;0;0
61.90000000000061,20.444389922747007,0.6563868813980427,nan,adiabatic_expansion,4060,-6.494804694057166e-15,32;0;0;0
62.00000000000061,20.444332800795856,0.6469466948704515,nan,adiabatic_expansion,4065,-7.771561172376096e-15,32;0;0;0
62.10000000000061,20.444275870463393,0.6585877759580913,nan,adiabatic_expansion,4073,-5.162537064506978e-15,32;0;0;0
62.200000000000614,20.44421913203131,0.6561688443414584,nan,adiabatic_expansion,4075,-5.384581669432009e-15,32;0;0;0
62.300000000000615,20.444162585775505,0.6550375447330014,nan,adiabatic_expansion,4080,-3.885780586188048e-15,32;0;0;0
62.40000000000062,20.444068753472084,0.6559098025736458,nan,adiabatic_expansion,4087,-7.382983113757291e-15,32;0;0;0
62.50000000000062,20.44395947881341,0.6574115114466617,nan,adiabatic_expansion,4090,-9.936496070395151e-15,32;0;0;0
62.60000000000062,20.44385038131182,0.6297275913897145,nan,adiabatic_expansion,4095,-1.1268763699945339e-14,32;0;0;0
62.70000000000062,20.443741462344775,0.6385118470173976,nan,adiabatic_expansion,4101,-1.0547118733938987e-14,32;0;0;0
62.80000000000062,20.44363272325198,0.6452943055601486,nan,adiabatic_expansion,4104,-9.880984919163893e-15,32;0;0;0
62.900000000000624,20.44352416533387,0.6452943055601486,nan,adiabatic_expansion,4105,-9.658940314238862e-15,32;0;0;0
63.000000000000625,20.443355273690667,0.650692505300735,nan,adiabatic_expansion,4117,-8.770761894538737e-15,32;0;0;0
63.10000000000063,20.443111801540617,0.6411504680209561,nan,adiabatic_expansion,4122,-9.825473767932635e-15,32;0;0;0
63.20000000000063,20.442832620450396,0.6408683475655936,nan,adiabatic_expansion,4126,-7.771561172376096e-15,32;0;0;0
63.30000000000063,20.442528752600168,0.6457654449326157,nan,adiabatic_expansion,4132,-6.494804694057166e-15,32;0;0;0
63.40000000000063,20.44222502113007,0.6296806168863996,nan,adiabatic_expansion,4135,-9.43689570931383e-15,32;0;0;0
63.50000000000063,20.441921442438264,0.6223938343948481,nan,adiabatic_expansion,4139,-6.827871601444713e-15,32;0;0;0
63.600000000000634,20.441600165922,0.6459555986403545,nan,adiabatic_expansion,4146,-1.2101430968414206e-14,32;0;0;0
63.700000000000635,20.44125101190313,0.6290963877866302,nan,adiabatic_expansion,4153,-9.270362255620057e-15,32;0;0;0
63.80000000000064,20.4408986174416,0.6486078484121838,nan,adiabatic_expansion,4157,-8.548717289613705e-15,32;0;0;0
63.90000000000064,20.440546415207937,0.6467777160028301,nan,adiabatic_expansion,4161,-1.3766765505351941e-14,32;0;0;0
64.00000000000064,20.440194186755875,0.6439090648488743,nan,adiabatic_expansion,4171,-1.0380585280245214e-14,32;0;0;0
64.10000000000063,20.439841068073072,0.6205048175285386,nan,adiabatic_expansion,4174,-9.936496070395151e-15,32;0;0;0
64.20000000000063,19.92393568336504,0.6126361374431835,nan,cold,4177,-1.3988810110276972e-14,32;0;0;0
64.30000000000062,18.445219388197533,0.5804563104047775,nan,cold,4180,-7.327471962526033e-15,32;0;0;0
64.40000000000062,17.35936654801886,0.5469360898207443,nan,cold,4192,-1.149080830487037e-14,32;0;0;0
64.50000000000061,17.445673275424387,0.5516519461461538,nan,cold,4199,-9.325873406851315e-15,32;0;0;0
64.6000000000006,15.919859017176815,0.4896257132903174,nan,cold,4203,-9.658940314238862e-15,32;0;0;0
64.7000000000006,15.224269552577692,0.46754038837699735,nan,cold,4208,-1.4155343563970746e-14,32;0;0;0
64.8000000000006,15.59566523047114,0.49112734501882094,nan,cold,4210,-7.105427357601002e-15,32;0;0;0
64.90000000000059,15.42281608104521,0.47490362505660744,nan,cold,4212,-8.049116928532385e-15,32;0;0;0
65.00000000000058,17.205911401743162,0.5386008840041947,nan,cold,4217,-1.7319479184152442e-14,32;0;0;0
65.10000000000058,17.16118737296181,0.5293742523853707,nan,cold,4220,-1.0880185641326534e-14,32;0;0;0
65.20000000000057,17.38506675853492,0.5486479601451922,nan,cold,4230,-2.0539125955565396e-14,32;0;0;0
65.30000000000057,22.174449317779324,0.7030052672310327,nan,cold,4234,-1.8707257964933888e-14,32;0;0;0
65.40000000000056,22.911575063362275,0.7321329185123973,nan,cold,4240,-1.787459069646502e-14,32;0;0;0
65.50000000000055,22.818479087935536,0.7284153719072999,nan,cold,4249,-1.765254609153999e-14,32;0;0;0
65.60000000000055,22.8181909911423,0.7284153719072999,nan,cold,4253,-1.8762769116165146e-14,32;0;0;0
65.70000000000054,23.5905196212767,0.7313261888659045,nan,cold,4261,-2.220446049250313e-14,32;0;0;0
65.80000000000054,19.022814682133,0.5778708801402536,nan,cold,4269,-1.8707257964933888e-14,32;0;0;0
65.90000000000053,17.802136913350814,0.5646698628886979,nan,cold,4273,-2.1316282072803006e-14,32;0;0;0
66.00000000000053,17.272035690171432,0.550019571767085,nan,cold,4279,-2.0594637106796654e-14,32;0;0;0
66.10000000000052,17.837029180449324,0.5718768188343885,nan,cold,4282,-2.3925306180672123e-14,32;0;0;0
66.20000000000051,19.59535051378398,0.6302027968660181,nan,cold,4291,-1.8707257964933888e-14,32;0;0;0
66.30000000000051,19.761977971754575,0.6369069775097914,nan,cold,4296,-1.509903313490213e-14,32;0;0;0
66.4000000000005,20.539134056413975,0.6579784069611291,nan,cold,4303,-1.5709655798445965e-14,32;0;0;0
66.5000000000005,20.917020430509165,0.6738754665245633,nan,cold,4309,-1.5432100042289676e-14,32;0;0;0
66.60000000000049,19.605655172149994,0.6287630467909116,nan,cold,4315,-1.3655743202889425e-14,32;0;0;0
66.70000000000049,17.64037012160496,0.5687861278499159,nan,cold,4321,-1.3489209749195652e-14,32;0;0;0
66.80000000000048,17.476005652059186,0.5623949440781624,nan,cold,4327,-1.2601031329495527e-14,32;0;0;0
66.90000000000047,18.65716967175102,0.5852685983116421,nan,cold,4331,-1.0602629885170245e-14,32;0;0;0
67.00000000000047,19.187574640101865,0.5974173074239034,nan,cold,4335,-8.215650382226158e-15,32;0;0;0
67.10000000000046,19.862934617902237,0.6264057487091952,nan,cold,4340,-8.715250743307479e-15,32;0;0;0
67.20000000000046,19.945273462424815,0.6248564682423285,nan,cold,4343,-1.3433698597964394e-14,32;0;0;0
67.30000000000045,18.963120707586533,0.5918582188396719,nan,cold,4350,-6.994405055138486e-15,32;0;0;0
67.40000000000045,16.629100618695404,0.511615727120623,nan,cold,4358,-1.0658141036401503e-14,32;0;0;0
67.50000000000044,17.934919977180474,0.5535990777068845,nan,cold,4366,-1.2712053631958042e-14,32;0;0;0
67.60000000000043,16.129379747842826,0.4674206764774307,nan,cold,4369,-7.16093850883226e-15,32;0;0;0
67.70000000000043,17.555118944322185,0.5222266032679669,nan,cold,4376,-1.2601031329495527e-14,32;0;0;0
67.80000000000042,17.560078527153856,0.5280840887035182,nan,cold,4380,-1.1879386363489175e-14,32;0;0;0
67.90000000000042,18.444226090905183,0.5751096217742099,nan,cold,4383,-1.554312234475219e-14,32;0;0;0
68.00000000000041,17.99552542417751,0.5701755864449586,nan,cold,4388,-1.482147737874584e-14,32;0;0;0
68.1000000000004,18.98259653997982,0.6039348911224585,nan,cold,4394,-9.270362255620057e-15,32;0;0;0
68.2000000000004,19.794704427295603,0.6269604705139558,nan,cold,4398,-9.492406860545088e-15,32;0;0;0
68.3000000000004,17.577421977891273,0.5572764372089112,nan,cold,4401,-7.438494264988549e-15,32;0;0;0
68.40000000000039,21.706169772498736,0.6615485446990745,nan,cold,4409,-3.774758283725532e-15,32;0;0;0
68.50000000000038,21.08151368353792,0.6710561151946576,nan,cold,4417,-9.325873406851315e-15,32;0;0;0
68.60000000000038,25.27379036061221,0.7928267519629959,nan,cold,4424,-1.2212453270876722e-14,32;0;0;0
68.70000000000037,27.31148997611612,0.8716408763223741,nan,cold,4429,-1.2434497875801753e-14,32;0;0;0
68.80000000000037,25.48651017219588,0.80563349300759,nan,cold,4435,-1.099120794378905e-14,32;0;0;0
68.90000000000036,25.754285931367054,0.8094760803443287,nan,cold,4442,-1.3378187446733136e-14,32;0;0;0
69.00000000000036,27.010774344492305,0.8449443320046554,nan,cold,4451,-9.270362255620057e-15,32;0;0;0
69.10000000000035,26.99621183679493,0.8618291827012533,nan,cold,4457,-1.2490009027033011e-14,32;0;0;0
69.20000000000034,27.948156364394983,0.8350621555794437,nan,adiabatic_expansion,4464,-9.103828801926284e-15,32;0;0;0
69.30000000000034,27.947840282812166,0.8246712084843044,nan,adiabatic_expansion,4470,-1.0047518372857667e-14,32;0;0;0
69.40000000000033,27.94752440173771,0.8327361542043946,nan,adiabatic_expansion,4474,-7.66053886991358e-15,32;0;0;0
69.50000000000033,27.947208722809467,0.8306431342319175,nan,adiabatic_expansion,4477,-5.384581669432009e-15,32;0;0;0
69.60000000000032,27.94689344788978,0.8550595635116038,nan,adiabatic_expansion,4487,-1.2212453270876722e-14,32;0;0;0
69.70000000000032,27.94658927483876,0.8325987696926183,nan,adiabatic_expansion,4491,-1.1823875212257917e-14,32;0;0;0
69.80000000000031,27.94628531983133,0.8183604771929616,nan,adiabatic_expansion,4498,-1.1435297153639112e-14,32;0;0;0
69.9000000000003,27.945988510896903,0.7779953048657805,nan,adiabatic_expansion,4508,-9.658940314238862e-15,32;0;0;0
70.0000000000003,27.945704246261407,0.8158773106439395,nan,adiabatic_expansion,4514,-1.2156942119645464e-14,32;0;0;0
70.10000000000029,27.945420228938584,0.8187994746189975,nan,adiabatic_expansion,4520,-1.1157741397482823e-14,32;0;0;0
70.20000000000029,27.94513647293257,0.8116494573582248,nan,adiabatic_expansion,4523,-1.2878587085651816e-14,32;0;0;0
70.30000000000028,27.9448529939825,0.7903463620015071,nan,adiabatic_expansion,4528,-4.218847493575595e-15,32;0;0;0
70.40000000000028,27.94459666014096,0.8687520187262187,nan,adiabatic_expansion,4534,-8.770761894538737e-15,32;0;0;0
70.50000000000027,27.944434593678324,0.8427130330639641,nan,adiabatic_expansion,4540,-7.549516567451064e-15,32;0;0;0
70.60000000000026,27.94431208148232,0.8415726661471439,nan,adiabatic_expansion,4553,-7.882583474838611e-15,32;0;0;0
70.70000000000026,27.944225122399917,0.8359438416089516,nan,adiabatic_expansion,4558,-9.769962616701378e-15,32;0;0;0
70.80000000000025,27.944136828127938,0.8937661334700535,nan,adiabatic_expansion,4570,-1.3766765505351941e-14,32;0;0;0
70.90000000000025,27.94398833326412,0.8974751490910361,nan,adiabatic_expansion,4576,-1.0436096431476471e-14,32;0;0;0
71.00000000000024,27.943782033880566,0.8942657016702797,nan,adiabatic_expansion,4581,-1.432187701766452e-14,32;0;0;0
71.10000000000024,27.943575883254265,0.8962840238589385,nan,adiabatic_expansion,4593,-1.3933298959045715e-14,32;0;0;0
71.20000000000023,27.943369888445574,0.8909668323312088,nan,adiabatic_expansion,4599,-1.2712053631958042e-14,32;0;0;0
71.30000000000022,27.943161353811327,0.8880207800128623,nan,adiabatic_expansion,4604,-1.4988010832439613e-14,32;0;0;0
71.40000000000022,27.94288301761875,0.8798968345093254,nan,adiabatic_expansion,4608,-1.2989609388114332e-14,32;0;0;0
71.50000000000021,27.942595195523552,0.8545185361122328,nan,adiabatic_expansion,4617,-9.43689570931383e-15,32;0;0;0
71.60000000000021,27.942274071462,0.8714192198121588,nan,adiabatic_expansion,4627,-9.603429163007604e-15,32;0;0;0
71.7000000000002,27.941932894540518,0.8659145100601205,nan,adiabatic_expansion,4635,-9.880984919163893e-15,32;0;0;0
71.8000000000002,27.941591457682122,0.8584094444430728,nan,adiabatic_expansion,4647,-1.3378187446733136e-14,32;0;0;0
71.90000000000019,27.941242749767287,0.840071555870296,nan,adiabatic_expansion,4653,-4.9960036108132044e-15,32;0;0;0
72.00000000000018,27.94089423751604,0.8417542111489551,nan,adiabatic_expansion,4656,-6.938893903907228e-15,32;0;0;0
72.10000000000018,27.940545924094582,0.8381020498801127,nan,adiabatic_expansion,4666,-1.2323475573339238e-14,32;0;0;0
72.20000000000017,27.62929044177405,0.8141580721963358,nan,cold,4673,-1.454392162258955e-14,32;0;0;0
72.30000000000017,25.104786369677477,0.7754708777913258,nan,cold,4678,-1.2212453270876722e-14,32;0;0;0
72.40000000000016,23.476943184596504,0.7319429493240653,nan,cold,4684,-1.326716514427062e-14,32;0;0;0
72.50000000000016,22.619608300953143,0.7118943572120221,nan,cold,4688,-1.2878587085651816e-14,32;0;0;0
72.60000000000015,22.299556777127876,0.6849447048565485,nan,cold,4693,-8.604228440844963e-15,32;0;0;0
72.70000000000014,23.013843247173075,0.7135255377632529,nan,cold,4696,-8.1601392309949e-15,32;0;0;0
72.80000000000014,23.862724856424393,0.7483585067949176,nan,cold,4702,-8.659739592076221e-15,32;0;0;0
72.90000000000013,22.858217137392632,0.6991374637896384,nan,cold,4711,-1.071365218763276e-14,32;0;0;0
73.00000000000013,23.20811355884715,0.6189962969203902,nan,cold,4719,-1.0158540675320182e-14,32;0;0;0
73.10000000000012,21.34178167463251,0.5987612356556873,nan,cold,4721,-1.0602629885170245e-14,32;0;0;0
73.20000000000012,22.15239403880457,0.622396210445128,nan,cold,4724,-1.1657341758564144e-14,32;0;0;0
73.30000000000011,21.048388358062653,0.6187924337777874,nan,cold,4726,-1.1324274851176597e-14,32;0;0;0
73.4000000000001,20.893468166295552,0.6514766485286575,nan,cold,4737,-9.603429163007604e-15,32;0;0;0
73.5000000000001,20.217657059191275,0.6411540311503521,nan,cold,4746,-1.1046719095020308e-14,32;0;0;0
73.6000000000001,22.05908646216824,0.7013695118751864,nan,cold,4754,-1.0880185641326534e-14,32;0;0;0
73.70000000000009,22.432370546572457,0.7046988416593271,nan,cold,4757,-1.3211653993039363e-14,32;0;0;0
73.80000000000008,22.187104607695733,0.6898233393974009,nan,cold,4767,-7.327471962526033e-15,32;0;0;0
73.90000000000008,22.384961968896754,0.6488893105089557,nan,cold,4772,-9.492406860545088e-15,32;0;0;0
74.00000000000007,25.364969204964392,0.7450160326047003,nan,cold,4777,-6.994405055138486e-15,32;0;0;0
74.10000000000007,26.358836890181767,0.7469361050966613,nan,cold,4781,-7.049916206369744e-15,32;0;0;0
74.20000000000006,27.915955327604294,0.836586775226815,nan,cold,4787,-1.2601031329495527e-14,32;0;0;0
74.30000000000005,31.79805844225363,1.0092400629713922,nan,cold,4798,-7.771561172376096e-16,32;0;0;0
74.40000000000005,30.556087771012745,0.9405482441480303,nan,cold,4805,-5.551115123125783e-17,32;0;0;0
74.50000000000004,30.320694627563633,0.9222929850930359,nan,cold,4806,-2.3314683517128287e-15,32;0;0;0
74.60000000000004,30.61886815730172,0.9395217966148017,nan,cold,4809,-1.887379141862766e-15,32;0;0;0
74.70000000000003,29.70770695833444,0.8677469102632296,nan,cold,4815,-8.881784197001252e-16,32;0;0;0
74.80000000000003,27.565650406116344,0.86523840262104,nan,cold,4820,-3.7192471324942744e-15,32;0;0;0
74.90000000000002,28.593655582296815,0.9202716447199146,nan,cold,4828,-1.2601031329495527e-14,32;0;0;0
75.00000000000001,26.619706470536112,0.8482676789384498,nan,cold,4836,-1.6764367671839864e-14,32;0;0;0
75.10000000000001,24.02732389580338,0.7385296892891428,nan,cold,4842,-1.2434497875801753e-14,32;0;0;0
75.2,24.02705136259296,0.7385296892891428,nan,cold,4849,-1.2656542480726785e-14,32;0;0;0
75.3,24.136986577050052,0.7538271589866078,nan,cold,4861,-1.0769163338864018e-14,32;0;0;0
75.39999999999999,24.783259617544978,0.7862623743199574,nan,cold,4867,-1.049160758270773e-14,32;0;0;0
75.49999999999999,23.94171592306966,0.7565655682032036,nan,cold,4872,-1.199040866595169e-14,32;0;0;0
75.59999999999998,25.351398166751025,0.7897821631457821,nan,cold,4882,-9.936496070395151e-15,32;0;0;0
75.69999999999997,24.04291994258241,0.7580230434924864,nan,cold,4892,-9.103828801926284e-15,32;0;0;0
75.79999999999997,22.602761787086713,0.7106743678865288,nan,cold,4895,-6.8833827526759706e-15,32;0;0;0
75.89999999999996,23.781627854024308,0.7258167918630898,nan,cold,4901,-4.551914400963142e-15,32;0;0;0
75.99999999999996,25.862038896976305,0.8045742082400864,nan,cold,4906,-5.10702591327572e-15,32;0;0;0
76.09999999999995,25.781675307936418,0.7916521001473281,nan,cold,4913,-5.9396931817445875e-15,32;0;0;0
76.19999999999995,26.986036447684643,0.7448422121737711,nan,cold,4923,-5.88418203051333e-15,32;0;0;0
76.29999999999994,27.43153589548002,0.8056874236477738,nan,cold,4926,-3.7192471324942744e-15,32;0;0;0
76.39999999999993,26.182208110222287,0.8215074925416939,nan,cold,4936,-6.439293542825908e-15,32;0;0;0
76.49999999999993,25.026634814676214,0.7822169031340019,nan,cold,4939,-5.6066262743570405e-15,32;0;0;0
76.59999999999992,25.026114250413524,0.7523617560850453,nan,adiabatic_expansion,4945,2.4980018054066022e-15,32;0;0;0
76.69999999999992,25.025594283836327,0.7538877707022172,nan,adiabatic_expansion,4950,-3.3306690738754696e-16,32;0;0;0
76.79999999999991,25.02507452479008,0.759773944884063,nan,adiabatic_expansion,4956,-6.106226635438361e-16,32;0;0;0
76.8999999999999,25.0245549936849,0.7711942190826869,nan,adiabatic_expansion,4961,-5.828670879282072e-15,32;0;0;0
76.9999999999999,25.024084232900094,0.730437506233588,nan,adiabatic_expansion,4969,-3.0531133177191805e-15,32;0;0;0
77.0999999999999,25.023673377863414,0.7099812086883157,nan,adiabatic_expansion,4972,-1.3877787807814457e-15,32;0;0;0
77.19999999999989,25.023269800002023,0.7147503600427091,nan,adiabatic_expansion,4981,-9.43689570931383e-16,32;0;0;0
77.29999999999988,25.022866576315142,0.7122192532206562,nan,adiabatic_expansion,4987,1.6653345369377348e-16,32;0;0;0
77.39999999999988,25.02250580012921,0.6964657562333681,nan,adiabatic_expansion,4991,2.0539125955565396e-15,32;0;0;0
77.49999999999987,25.02215475968889,0.7456719919220243,nan,adiabatic_expansion,4998,-3.774758283725532e-15,32;0;0;0
77.59999999999987,25.02180415300712,0.7445552450162135,nan,adiabatic_expansion,5004,-6.661338147750939e-16,32;0;0;0
77.69999999999986,25.02145402170589,0.7658361388691908,nan,adiabatic_expansion,5012,-2.1649348980190553e-15,32;0;0;0
77.79999999999986,25.021152247741117,0.7868616470159111,nan,adiabatic_expansion,5018,-4.385380947269368e-15,32;0;0;0
77.89999999999985,25.020907647966663,0.7858064336203019,nan,adiabatic_expansion,5025,-3.83026943495679e-15,32;0;0;0
77.99999999999984,25.020663435945675,0.7839114356302171,nan,adiabatic_expansion,5033,2.4980018054066022e-15,32;0;0;0
78.09999999999984,25.020419625811382,0.7861468416585935,nan,adiabatic_expansion,5037,-2.55351295663786e-15,32;0;0;0
78.19999999999983,25.02017623130877,0.7830017595378662,nan,adiabatic_expansion,5045,9.43689570931383e-16,32;0;0;0
78.29999999999983,25.019936841700996,0.7826931516663,nan,adiabatic_expansion,5054,-2.220446049250313e-16,32;0;0;0
78.39999999999982,25.019921991477183,0.7859327739593083,nan,adiabatic_expansion,5058,-1.2212453270876722e-15,32;0;0;0
78.49999999999982,25.019907338519555,0.803080441647985,nan,adiabatic_expansion,5064,5.551115123125783e-16,32;0;0;0
78.59999999999981,25.01989288278289,0.8022899241506936,nan,adiabatic_expansion,5071,6.106226635438361e-16,32;0;0;0
78.6999999999998,25.019878624222343,0.8057880137906802,nan,adiabatic_expansion,5077,-3.885780586188048e-15,32;0;0;0
78.7999999999998,25.019864562793465,0.7751216508537386,nan,adiabatic_expansion,5084,-2.4424906541753444e-15,32;0;0;0
78.89999999999979,25.01985069845219,0.7722014335703321,nan,adiabatic_expansion,5092,6.106226635438361e-16,32;0;0;0
78.99999999999979,25.019584323065082,0.7566269894226189,nan,adiabatic_expansion,5097,-2.1649348980190553e-15,32;0;0;0
79.09999999999978,25.01929764672043,0.7815768252377646,nan,adiabatic_expansion,5105,-1.27675647831893e-15,32;0;0;0
79.19999999999978,25.01901086326774,0.8001772218553579,nan,adiabatic_expansion,5112,-1.27675647831893e-15,32;0;0;0
79.29999999999977,25.018723996993394,0.7943224626495667,nan,adiabatic_expansion,5117,-4.274358644806853e-15,32;0;0;0
79.39999999999976,25.0184370726284,0.7951169957739097,nan,adiabatic_expansion,5129,-4.218847493575595e-15,32;0;0;0
79.49999999999976,25.01802307755698,0.7844722129917362,nan,adiabatic_expansion,5138,-5.828670879282072e-15,32;0;0;0
79.59999999999975,25.017550516760917,0.7886318654879113,nan,adiabatic_expansion,5142,-5.551115123125783e-15,32;0;0;0
79.69999999999975,25.017077727341885,0.7883985625485029,nan,adiabatic_expansion,5147,-6.6058269965196814e-15,32;0;0;0
79.79999999999974,25.01660480720585,0.7831187930314202,nan,adiabatic_expansion,5152,-5.440092820663267e-15,32;0;0;0
79.89999999999974,25.016131844416623,0.7661531078562497,nan,adiabatic_expansion,5158,-6.161737786669619e-15,32;0;0;0
79.99999999999973,25.01560233394833,0.7761291695692223,nan,adiabatic_expansion,5166,-8.382183835919932e-15,32;0;0;0
80.09999999999972,25.015048018950633,0.7761291695692223,nan,adiabatic_expansion,5168,-1.2712053631958042e-14,32;0;0;0
80.19999999999972,25.014484218472024,0.767015504359235,nan,adiabatic_expansion,5175,-1.2156942119645464e-14,32;0;0;0
80.29999999999971,25.013916527201843,0.7786555765737356,nan,adiabatic_expansion,5180,-1.2323475573339238e-14,32;0;0;0
80.39999999999971,25.013349031101328,0.7772688718685394,nan,adiabatic_expansion,5185,-1.326716514427062e-14,32;0;0;0
80.4999999999997,25.91696341778504,0.7964270335504687,nan,cold,5195,-1.021405182655144e-14,32;0;0;0
80.5999999999997,26.84643131647287,0.7795507270844678,nan,cold,5199,-1.404432126150823e-14,32;0;0;0
80.69999999999969,26.13329835244177,0.8081346889652491,nan,cold,5205,-1.637578961322106e-14,32;0;0;0
80.79999999999968,28.865002924637192,0.9007088623759998,nan,cold,5215,-1.176836406102666e-14,32;0;0;0
80.89999999999968,28.68363467540531,0.8996257905651984,nan,cold,5220,-7.16093850883226e-15,32;0;0;0
80.99999999999967,29.914169806051927,0.9410727051485782,nan,cold,5230,-9.048317650695026e-15,32;0;0;0
81.09999999999967,29.684202813821702,0.9223035684458732,nan,cold,5237,-1.0325074129013956e-14,32;0;0;0
81.19999999999966,29.80210083830759,0.9263860078261762,nan,cold,5242,-7.93809462606987e-15,32;0;0;0
81.29999999999966,29.08788064665807,0.9104359071630096,nan,cold,5248,-7.827072323607354e-15,32;0;0;0
81.39999999999965,32.79929799513517,0.9993393124623329,nan,cold,5254,-3.2751579226442118e-15,32;0;0;0
81.49999999999964,32.295965545038854,0.9812032564548461,nan,cold,5263,4.9960036108132044e-15,32;0;0;0
81.59999999999964,33.15929628229689,1.0261520450781663,nan,cold,5270,9.270362255620057e-15,32;0;0;0
81.69999999999963,30.537162655736704,0.900869814314462,nan,cold,5278,5.551115123125783e-16,32;0;0;0
81.79999999999963,26.780166449873835,0.7944945693149643,nan,cold,5286,-3.219646771412954e-15,32;0;0;0
81.89999999999962,29.20732192211863,0.9179472988716546,nan,cold,5293,-5.051514762044462e-15,32;0;0;0
81.99999999999962,29.937969678306896,0.9651861933883862,nan,cold,5303,-8.992806499463768e-15,32;0;0;0
82.09999999999961,29.277278089745888,0.9242265836822028,nan,cold,5310,7.771561172376096e-16,32;0;0;0
82.1999999999996,24.863315709801512,0.7885136207077871,nan,cold,5315,-4.996003610813204e-16,32;0;0;0
82.2999999999996,27.559445559838757,0.8568837813003941,nan,cold,5320,2.220446049250313e-16,32;0;0;0
82.3999999999996,27.6944724882731,0.8566347321876385,nan,cold,5327,-1.2212453270876722e-15,32;0;0;0
82.49999999999959,28.04254400206113,0.8293236073518853,nan,cold,5337,-4.996003610813204e-16,32;0;0;0
82.59999999999958,26.18046953411117,0.7578431436292191,nan,cold,5341,2.7755575615628914e-16,32;0;0;0
82.69999999999958,23.055463480133643,0.642901639033672,nan,cold,5346,-1.6653345369377348e-15,32;0;0;0
82.79999999999957,21.234133769736662,0.6449116375386994,nan,cold,5350,3.3306690738754696e-16,32;0;0;0
82.89999999999957,20.871791147097685,0.6662504844570811,nan,cold,5357,-1.0547118733938987e-15,32;0;0;0
82.99999999999956,20.62921834160471,0.6584173236553604,nan,cold,5365,-1.5543122344752192e-15,32;0;0;0
83.09999999999955,22.67143968226509,0.7242125422990413,nan,cold,5373,-2.1094237467877974e-15,32;0;0;0
83.19999999999955,23.017422396097444,0.7341144158895222,nan,cold,5377,-1.4432899320127035e-15,32;0;0;0
83.29999999999954,22.04682128477951,0.6786930093850118,nan,cold,5382,-4.718447854656915e-15,32;0;0;0
83.39999999999954,22.390399189510667,0.695938441345135,nan,cold,5388,-4.9404924595819466e-15,32;0;0;0
83.49999999999953,23.755035737393143,0.7367949859224301,nan,cold,5393,-3.497202527569243e-15,32;0;0;0
83.59999999999953,18.613700697421354,0.583804662791427,nan,cold,5399,-5.329070518200751e-15,32;0;0;0
83.69999999999952,22.619750116433192,0.7147152335856685,nan,cold,5407,-5.773159728050814e-15,32;0;0;0
83.79999999999951,22.88436352147439,0.7233250894330259,nan,cold,5414,-2.886579864025407e-15,32;0;0;0
83.89999999999951,22.491060351205046,0.7014256598040106,nan,cold,5419,-4.218847493575595e-15,32;0;0;0
83.9999999999995,20.198767419413187,0.6327807847338451,nan,cold,5425,-2.220446049250313e-16,32;0;0;0
84.0999999999995,21.41127275727886,0.6552581233611813,nan,cold,5433,-2.0539125955565396e-15,32;0;0;0
84.19999999999949,21.943573016821354,0.6613408938236697,nan,cold,5438,6.661338147750939e-16,32;0;0;0
84.29999999999949,21.455467569173805,0.6523820411283621,nan,cold,5443,8.881784197001252e-16,32;0;0;0
84.39999999999948,21.455076815664697,0.6484865147256375,nan,adiabatic_expansion,5446,3.885780586188048e-16,32;0;0;0
84.49999999999947,21.45468626223888,0.6646757736968176,nan,adiabatic_expansion,5454,6.106226635438361e-16,32;0;0;0
84.59999999999947,21.454295910051197,0.6493503403033685,nan,adiabatic_expansion,5460,-2.3314683517128287e-15,32;0;0;0
84.69999999999946,21.45390576333369,0.6578445841645709,nan,adiabatic_expansion,5464,-4.996003610813204e-16,32;0;0;0
84.79999999999946,21.453520674800387,0.667811022967082,nan,adiabatic_expansion,5470,-4.440892098500626e-16,32;0;0;0
84.89999999999945,21.45313969072594,0.670944892120554,nan,adiabatic_expansion,5476,5.551115123125783e-17,32;0;0;0
84.99999999999945,21.45275895460284,0.6355840236169447,nan,adiabatic_expansion,5484,-3.2751579226442118e-15,32;0;0;0
85.09999999999944,21.45237849269896,0.6399414520242076,nan,adiabatic_expansion,5488,2.1094237467877974e-15,32;0;0;0
85.19999999999943,21.45199833741252,0.631617462078792,nan,adiabatic_expansion,5491,-4.107825191113079e-15,32;0;0;0
85.29999999999943,21.45166665671841,0.5925422405970517,nan,adiabatic_expansion,5501,1.1657341758564144e-15,32;0;0;0
85.39999999999942,21.451344964874075,0.5925422405970516,nan,adiabatic_expansion,5504,-2.275957200481571e-15,32;0;0;0
85.49999999999942,21.45104032878349,0.5640064523988325,nan,adiabatic_expansion,5511,-1.9984014443252818e-15,32;0;0;0
85.59999999999941,21.450767627053107,0.5646723290208786,nan,adiabatic_expansion,5516,-5.218048215738236e-15,32;0;0;0
85.6999999999994,21.45049527970311,0.5648242148219348,nan,adiabatic_expansion,5521,-6.938893903907228e-15,32;0;0;0
85.7999999999994,21.450232436127934,0.5856056498388021,nan,adiabatic_expansion,5525,-4.107825191113079e-15,32;0;0;0
85.8999999999994,21.450032641127386,0.5856056498388021,nan,adiabatic_expansion,5530,-5.10702591327572e-15,32;0;0;0
85.99999999999939,21.449956553117847,0.6287758744047653,nan,adiabatic_expansion,5539,-2.3314683517128287e-15,32;0;0;0
86.09999999999938,21.449892687302174,0.6497560914428098,nan,adiabatic_expansion,5551,-4.163336342344337e-15,32;0;0;0
86.19999999999938,21.449687827718396,0.6638803573585864,nan,adiabatic_expansion,5560,3.885780586188048e-16,32;0;0;0
86.29999999999937,21.449405233207738,0.6636675197204616,nan,adiabatic_expansion,5566,3.608224830031759e-15,32;0;0;0
86.39999999999937,21.449113474548472,0.6522580552215355,nan,adiabatic_expansion,5575,-3.608224830031759e-15,32;0;0;0
86.49999999999936,21.448781175223154,0.6462764589088832,nan,adiabatic_expansion,5583,-4.884981308350689e-15,32;0;0;0
86.59999999999935,21.44841044655301,0.6556778064601593,nan,adiabatic_expansion,5586,-2.886579864025407e-15,32;0;0;0
86.69999999999935,21.447981836947843,0.6593167038555456,nan,adiabatic_expansion,5596,-5.6066262743570405e-15,32;0;0;0
86.79999999999934,21.447527846598952,0.6640904869367661,nan,adiabatic_expansion,5600,-2.6645352591003757e-15,32;0;0;0
86.89999999999934,21.447047646078612,0.6549010057009432,nan,adiabatic_expansion,5605,-3.7192471324942744e-15,32;0;0;0
86.99999999999933,21.44656549301032,0.6671202102435527,nan,adiabatic_expansion,5613,-4.6629367034256575e-15,32;0;0;0
87.09999999999933,21.446083489669423,0.6618131525746885,nan,adiabatic_expansion,5618,-2.9976021664879227e-15,32;0;0;0
87.19999999999932,21.445599844198302,0.6722794970557507,nan,adiabatic_expansion,5629,-1.8318679906315083e-15,32;0;0;0
87.29999999999932,21.44510928564944,0.6622251825061761,nan,adiabatic_expansion,5638,-2.9976021664879227e-15,32;0;0;0
87.39999999999931,21.444617136651694,0.6338675572428276,nan,cold,5644,-2.0539125955565396e-15,32;0;0;0
87.4999999999993,23.175746054353535,0.6581949834923493,nan,cold,5650,-3.4416913763379853e-15,32;0;0;0
87.5999999999993,23.14638230295223,0.6710562676662283,nan,cold,5654,-1.4988010832439613e-15,32;0;0;0
87.69999999999929,23.481199670064772,0.663426211140689,nan,cold,5661,-1.7763568394002505e-15,32;0;0;0
87.79999999999929,23.89878404377389,0.6853500075409561,nan,cold,5668,-5.717648576819556e-15,32;0;0;0
87.89999999999928,28.774822415136555,0.8377139061590912,nan,cold,5674,3.3306690738754696e-16,32;0;0;0
87.99999999999928,29.60611776365909,0.827846011527066,nan,cold,5680,3.2751579226442118e-15,32;0;0;0
88.09999999999927,29.605673118280844,0.8057302220405318,nan,cold,5682,7.494005416219807e-15,32;0;0;0
88.19999999999926,30.099613828055627,0.8133702278915558,nan,cold,5687,8.93729534823251e-15,32;0;0;0
88.29999999999926,26.668172062510312,0.7106946625227859,nan,cold,5689,5.10702591327572e-15,32;0;0;0
88.39999999999925,24.999250366216756,0.6545886442270751,nan,cold,5695,3.941291737419306e-15,32;0;0;0
88.49999999999925,23.700739030403607,0.6372666238041602,nan,cold,5702,9.2148511043888e-15,32;0;0;0
88.59999999999924,23.82946856005182,0.6190707702923184,nan,cold,5711,9.603429163007604e-15,32;0;0;0
88.69999999999924,24.980886307609126,0.6636684638460015,nan,cold,5716,9.159339953157541e-15,32;0;0;0
88.79999999999923,26.648241904406575,0.7939046088803934,nan,cold,5721,8.493206138382448e-15,32;0;0;0
88.89999999999922,26.36134001475798,0.7836630281708522,nan,cold,5729,1.049160758270773e-14,32;0;0;0
88.99999999999922,27.705604417523116,0.8589721186427587,nan,cold,5737,1.0658141036401503e-14,32;0;0;0
89.09999999999921,28.276749359901338,0.8873028859938664,nan,cold,5745,1.6153745008296028e-14,32;0;0;0
89.1999999999992,32.799142747953056,0.9635551250354378,nan,cold,5753,2.5646151868841116e-14,32;0;0;0
89.2999999999992,32.45364899870604,0.9379501103602865,nan,cold,5761,2.298161660974074e-14,32;0;0;0
89.3999999999992,31.820599479344835,0.9678253281681485,nan,cold,5765,1.7930101847696278e-14,32;0;0;0
89.49999999999919,29.276507533958036,0.9109523136751788,nan,cold,5770,2.353672812205332e-14,32;0;0;0
89.59999999999918,27.321432969755406,0.8740829443470567,nan,cold,5776,2.1593837828959295e-14,32;0;0;0
89.69999999999918,27.494247089057446,0.8858631274589892,nan,cold,5782,2.09277040141842e-14,32;0;0;0
89.79999999999917,26.38059888414758,0.849289381334705,nan,cold,5790,2.1260770921571748e-14,32;0;0;0
89.89999999999917,23.068397986803124,0.7348749583326317,nan,cold,5799,2.5202062658991053e-14,32;0;0;0
89.99999999999916,23.464422684858995,0.6998121451202661,nan,cold,5806,2.4702462297909733e-14,32;0;0;0
90.09999999999916,21.353969045413795,0.6422221682600208,nan,cold,5810,2.9753977059954195e-14,32;0;0;0
90.19999999999915,20.141801142119384,0.6295555700725949,nan,cold,5814,3.6359804056473877e-14,32;0;0;0
90.29999999999914,20.50475785737625,0.64690682963546,nan,cold,5821,3.447242491461111e-14,32;0;0;0
90.39999999999914,20.504705818323895,0.64690682963546,nan,cold,5825,3.569367024169878e-14,32;0;0;0
90.49999999999913,18.889774317560974,0.5978566909574871,nan,cold,5834,3.552713678800501e-14,32;0;0;0
90.59999999999913,18.775208409396523,0.5876340456979149,nan,cold,5838,3.4083846855992306e-14,32;0;0;0
90.69999999999912,19.570362808038134,0.6290415589204293,nan,cold,5843,3.524958103184872e-14,32;0;0;0
90.79999999999912,19.726583957560756,0.6291495010792209,nan,cold,5847,3.397282455352979e-14,32;0;0;0
90.89999999999911,20.302362966656947,0.6280683750089409,nan,cold,5851,3.602673714908633e-14,32;0;0;0
90.9999999999991,20.068409508497115,0.6185069958919508,nan,cold,5857,3.5915714846623814e-14,32;0;0;0
91.0999999999991,20.619996242303262,0.6230762875926984,nan,cold,5862,3.530509218307998e-14,32;0;0;0
91.1999999999991,23.13148330552322,0.6910987503136059,nan,cold,5875,4.39648317751562e-14,32;0;0;0
91.29999999999909,23.658572306879698,0.6090570156367638,nan,cold,5881,4.241051954068098e-14,32;0;0;0
91.39999999999908,25.60198597204226,0.7607445372162579,nan,cold,5887,4.701794509287538e-14,32;0;0;0
91.49999999999908,28.288527399239218,0.8569980371052768,nan,cold,5893,5.034861416675085e-14,32;0;0;0
91.59999999999907,29.918445947437316,0.9252638858318066,nan,cold,5899,5.00155472593633e-14,32;0;0;0
91.69999999999906,29.917767725838054,0.9252638858318069,nan,cold,5906,4.9182879990894435e-14,32;0;0;0
91.79999999999906,29.935860008369207,0.9208808407737864,nan,cold,5915,4.807265696626928e-14,32;0;0;0
91.89999999999905,30.605053533810405,0.918398752709111,nan,cold,5922,4.6851411639181606e-14,32;0;0;0
91.99999999999905,31.772012681088423,0.9626788343530716,nan,cold,5928,5.0959236830294685e-14,32;0;0;0
92.09999999999904,32.32721390302072,0.9831804603375583,nan,cold,5931,5.129230373768223e-14,32;0;0;0
92.19999999999904,33.883974655293855,1.0299562621248985,nan,cold,5938,5.295763827461997e-14,32;0;0;0
92.29999999999903,32.48792450870453,0.9548792003546513,nan,adiabatic_expansion,5951,5.21249710061511e-14,32;0;0;0
92.39999999999903,32.48714594286297,0.9835104337586749,nan,adiabatic_expansion,5955,4.835021272242557e-14,32;0;0;0
92.49999999999902,32.4863676001124,0.9968674730165247,nan,adiabatic_expansion,5962,5.21249710061511e-14,32;0;0;0
92.59999999999901,32.485592031491535,0.9932223481752657,nan,adiabatic_expansion,5970,5.218048215738236e-14,32;0;0;0
92.69999999999901,32.48486281652597,0.9977227949793506,nan,adiabatic_expansion,5978,5.034861416675085e-14,32;0;0;0
92.799999999999,32.48417186132303,0.9967973344038338,nan,adiabatic_expansion,5986,5.434541705540141e-14,32;0;0;0
92.899999999999,32.483481832816,0.9813701894629085,nan,adiabatic_expansion,5999,5.0182080713057076e-14,32;0;0;0
92.99999999999899,32.48279303922765,1.0037333465058385,nan,adiabatic_expansion,6005,5.445643935786393e-14,32;0;0;0
93.09999999999899,32.482105809032426,0.9996241710249926,nan,adiabatic_expansion,6010,5.5344617777564054e-14,32;0;0;0
93.19999999999898,32.48171943855695,0.9646474717025445,nan,adiabatic_expansion,6021,4.984901380566953e-14,32;0;0;0
93.29999999999897,32.48136748356877,1.01042831343557,nan,adiabatic_expansion,6033,5.040412531798211e-14,32;0;0;0
93.39999999999897,32.481037556125834,0.9895706568358602,nan,adiabatic_expansion,6039,4.807265696626928e-14,32;0;0;0
93.49999999999896,32.48084620868293,1.0160412820309388,nan,adiabatic_expansion,6044,5.417888360170764e-14,32;0;0;0
93.59999999999896,32.4806552306856,1.0412651600324325,nan,adiabatic_expansion,6050,5.6066262743570405e-14,32;0;0;0
93.69999999999895,32.480464626567986,1.0389647882675321,nan,adiabatic_expansion,6060,6.272760089132134e-14,32;0;0;0
93.79999999999895,32.480274400353494,1.0447235181588366,nan,adiabatic_expansion,6070,5.88418203051333e-14,32;0;0;0
93.89999999999894,32.480084555638264,1.04461701486232,nan,adiabatic_expansion,6077,5.92303983637521e-14,32;0;0;0
93.99999999999893,32.47989509557708,1.0395332890866604,nan,adiabatic_expansion,6085,6.022959908591474e-14,32;0;0;0
94.09999999999893,32.479706022872136,0.9862885576544659,nan,adiabatic_expansion,6094,6.089573290068984e-14,32;0;0;0
94.19999999999892,32.47951733976431,0.9498354622313665,nan,adiabatic_expansion,6097,6.045164369083977e-14,32;0;0;0
94.29999999999892,32.479445938677756,0.9413642810786873,nan,adiabatic_expansion,6103,6.70019595361282e-14,32;0;0;0
94.39999999999891,32.47927528777926,1.0020664504357337,nan,adiabatic_expansion,6108,6.161737786669619e-14,32;0;0;0
94.4999999999989,32.4790526366297,0.9825388398401008,nan,adiabatic_expansion,6117,5.96189764223709e-14,32;0;0;0
94.5999999999989,32.478829908432516,0.9825043859786158,nan,adiabatic_expansion,6127,5.911937606128959e-14,32;0;0;0
94.6999999999989,32.47856112041274,0.9323240778858849,nan,adiabatic_expansion,6136,6.100675520315235e-14,32;0;0;0
94.79999999999889,32.47818302565994,0.9323240778858849,nan,adiabatic_expansion,6141,6.156186671546493e-14,32;0;0;0
94.89999999999888,32.47771464278049,0.9871254968513337,nan,adiabatic_expansion,6156,6.689093723366568e-14,32;0;0;0
94.99999999999888,32.47718465511158,0.979561385631384,nan,adiabatic_expansion,6161,6.88338275267597e-14,32;0;0;0
95.09999999999887,32.47665374020874,0.9794062646267432,nan,adiabatic_expansion,6168,6.511458039426543e-14,32;0;0;0
95.19999999999887,32.47612204532668,0.9234902819095234,nan,adiabatic_expansion,6172,6.261657858885883e-14,32;0;0;0
95.29999999999886,32.475589724496416,0.9355827467835911,nan,adiabatic_expansion,6176,5.995204332975845e-14,32;0;0;0
95.39999999999885,32.4750068009928,0.9477346098423013,nan,adiabatic_expansion,6183,6.139533326177116e-14,32;0;0;0
95.49999999999885,32.47437504453149,0.913394912526946,nan,adiabatic_expansion,6188,6.022959908591474e-14,32;0;0;0
95.59999999999884,32.47368435273716,0.9821869023469867,nan,adiabatic_expansion,6197,6.183942247162122e-14,32;0;0;0
95.69999999999884,32.47285672787647,0.8711720187337638,nan,adiabatic_expansion,6207,6.27831120425526e-14,32;0;0;0
95.79999999999883,32.472029093343295,0.8999818990006169,nan,adiabatic_expansion,6214,6.339373470609644e-14,32;0;0;0
95.89999999999883,32.47119426049065,0.8611576394258813,nan,adiabatic_expansion,6220,6.689093723366568e-14,32;0;0;0
95.99999999999882,34.75933976971609,0.9889496155672424,nan,cold,6227,6.356026815979021e-14,32;0;0;0
96.09999999999881,32.39335392991429,0.9578713999632213,nan,cold,6238,6.306066779870889e-14,32;0;0;0
96.19999999999881,34.398583725623155,1.0130754773860557,nan,cold,6249,5.834221994405198e-14,32;0;0;0
96.2999999999988,36.242507694176204,1.0726390975152666,nan,cold,6258,5.3790305543088834e-14,32;0;0;0
96.3999999999988,33.13428367071694,0.9374306322599945,nan,cold,6263,5.4789506265251475e-14,32;0;0;0
96.49999999999879,34.741544421911435,0.9436675679135366,nan,cold,6270,6.128431095930864e-14,32;0;0;0
96.59999999999879,30.704302135940516,0.7944309951345019,nan,cold,6277,5.617728504603292e-14,32;0;0;0
96.69999999999878,30.44789959578716,0.8104114939659269,nan,cold,6284,6.017408793468348e-14,32;0;0;0
96.79999999999878,30.250963202629833,0.8612249103221653,nan,cold,6289,5.5011550870176507e-14,32;0;0;0
96.89999999999877,30.25031748504593,0.8612249103221653,nan,cold,6292,5.612177389480166e-14,32;0;0;0
96.99999999999876,28.919219194704986,0.800114077082173,nan,cold,6305,5.856426454897701e-14,32;0;0;0
97.09999999999876,30.483622912319458,0.9071211833671645,nan,cold,6322,5.168088179630104e-14,32;0;0;0
97.19999999999875,31.06997765115358,0.9169969601435785,nan,cold,6326,5.256906021600116e-14,32;0;0;0
97.29999999999875,30.98525256072405,0.9184469936671807,nan,cold,6328,5.101474798152594e-14,32;0;0;0
97.39999999999874,29.979023334221687,0.8842397207455366,nan,cold,6333,5.345723863570129e-14,32;0;0;0
97.49999999999874,28.004445818953158,0.8409000465680305,nan,cold,6339,5.2513549064769904e-14,32;0;0;0
97.59999999999873,26.70267968091518,0.8157978900315007,nan,cold,6349,5.861977570020827e-14,32;0;0;0
97.69999999999872,21.60088455585017,0.6532384611813237,nan,cold,6360,6.178391132038996e-14,32;0;0;0
97.79999999999872,22.101709346250026,0.6593951489059412,nan,cold,6367,6.628031457012185e-14,32;0;0;0
97.89999999999871,22.96953340462966,0.6734191105471068,nan,cold,6379,6.478151348687788e-14,32;0;0;0
97.9999999999987,24.84887996405171,0.7522324225685003,nan,cold,6384,5.850875339774575e-14,32;0;0;0
98.0999999999987,30.078650279609263,0.9647207329850489,nan,cold,6386,5.873079800267078e-14,32;0;0;0
98.1999999999987,30.07848441335888,0.9647207329850489,nan,cold,6388,6.156186671546493e-14,32;0;0;0
98.29999999999869,29.84915189564222,0.9545927712748546,nan,cold,6400,5.823119764158946e-14,32;0;0;0
98.39999999999868,35.11155798826304,1.131936583925522,nan,cold,6411,6.655787032627813e-14,32;0;0;0
98.49999999999868,30.47195243429699,0.9669357858293743,nan,cold,6417,6.361577931102147e-14,32;0;0;0
98.59999999999867,32.53348610384873,1.034453659783319,nan,cold,6422,6.444844657949034e-14,32;0;0;0
98.69999999999867,30.92694297660338,0.9416296056377518,nan,cold,6430,6.550315845288424e-14,32;0;0;0
98.79999999999866,31.014878134557783,0.9187835256196509,nan,cold,6437,7.088774012231625e-14,32;0;0;0
98.89999999999866,31.223030124056464,0.9488553018299513,nan,cold,6444,7.105427357601002e-14,32;0;0;0
98.99999999999865,30.67650628181412,0.9330248438140509,nan,cold,6452,7.688294445529209e-14,32;0;0;0
99.09999999999864,31.728946826395088,0.9689564724725221,nan,cold,6459,7.30526750203353e-14,32;0;0;0
99.19999999999864,31.4599364048171,0.9488221275310665,nan,cold,6465,7.971401316808624e-14,32;0;0;0
99.29999999999863,30.711452175772763,0.9280300099667126,nan,cold,6471,7.566169912820442e-14,32;0;0;0
99.39999999999863,31.6599877735391,0.958705998858554,nan,cold,6480,7.455147610357926e-14,32;0;0;0
99.49999999999862,25.825980072900578,0.7357992340328905,nan,cold,6490,7.216449660063518e-14,32;0;0;0
99.59999999999862,24.796206068194362,0.7279087860677192,nan,cold,6496,7.688294445529209e-14,32;0;0;0
99.69999999999861,23.727475247767398,0.6806205975449068,nan,cold,6503,7.577272143066693e-14,32;0;0;0
99.7999999999986,24.157563563691575,0.6287622701204344,nan,cold,6510,8.681944052568724e-14,32;0;0;0
99.8999999999986,27.288939119024796,0.788127587956911,nan,cold,6515,8.143485885625523e-14,32;0;0;0
99.9999999999986,28.07473478307097,0.8328744127707401,nan,cold,6522,7.904787935331115e-14,32;0;0;0
100.09999999999859,30.0911545283205,0.8979158496546394,nan,cold,6529,8.465450562766819e-14,32;0;0;0
100.19999999999858,30.137378864138874,0.8994579227199636,nan,adiabatic_expansion,6536,8.298917109073045e-14,32;0;0;0
100.29999999999858,30.136434576271444,0.8724605049448234,nan,adiabatic_expansion,6542,8.193445921733655e-14,32;0;0;0
100.39999999999857,30.135490554859295,0.8534177052337536,nan,adiabatic_expansion,6549,8.47655279301307e-14,32;0;0;0
100.49999999999856,30.13458499296053,0.8669204175247849,nan,adiabatic_expansion,6556,8.149037000748649e-14,32;0;0;0
100.59999999999856,30.13368689082493,0.8245888288858391,nan,adiabatic_expansion,6560,7.76601005725297e-14,32;0;0;0
100.69999999999855,30.1327902310859,0.8445772216068161,nan,adiabatic_expansion,6571,7.360778653264788e-14,32;0;0;0
100.79999999999855,30.131895698551602,0.8027745973297898,nan,adiabatic_expansion,6578,7.510658761589184e-14,32;0;0;0
100.89999999999854,30.131004015755998,0.7939537133314123,nan,adiabatic_expansion,6581,7.044365091246618e-14,32;0;0;0
100.99999999999854,30.130115859964782,0.7981146383780994,nan,adiabatic_expansion,6587,6.783462680459706e-14,32;0;0;0
101.09999999999853,30.12932066576513,0.8944285038217384,nan,adiabatic_expansion,6596,7.172040739078511e-14,32;0;0;0
101.19999999999852,30.12914159111328,0.917019009229151,nan,adiabatic_expansion,6602,7.033262861000367e-14,32;0;0;0
101.29999999999852,30.129130492522517,0.9287724677323447,nan,adiabatic_expansion,6613,6.517009154549669e-14,32;0;0;0
101.39999999999851,30.129095849378434,0.9547725940041091,nan,adiabatic_expansion,6624,6.961098364399732e-14,32;0;0;0
101.49999999999851,30.12893819470068,0.9532291467167545,nan,adiabatic_expansion,6631,6.566969190657801e-14,32;0;0;0
101.5999999999985,30.128655643761526,0.9549020050921714,nan,adiabatic_expansion,6636,7.338574192772285e-14,32;0;0;0
101.6999999999985,30.12805041212917,0.9204334190533114,nan,adiabatic_expansion,6643,6.378231276471524e-14,32;0;0;0
101.79999999999849,30.127261085307318,0.9163697082784134,nan,adiabatic_expansion,6652,6.922240558537851e-14,32;0;0;0
101.89999999999849,30.12646931156365,0.9201044067236773,nan,adiabatic_expansion,6659,6.750155989720952e-14,32;0;0;0
101.99999999999848,30.125675566132415,0.9149286669570699,nan,adiabatic_expansion,6664,6.322720125240266e-14,32;0;0;0
102.09999999999847,30.124880357942466,0.91492866695707,nan,adiabatic_expansion,6667,6.561418075534675e-14,32;0;0;0
102.19999999999847,30.12397317651964,0.8966870924252639,nan,adiabatic_expansion,6676,6.683542608243442e-14,32;0;0;0
102.29999999999846,30.123048860032696,0.8965223995815336,nan,adiabatic_expansion,6687,6.644684802381562e-14,32;0;0;0
102.39999999999846,30.122111348553045,0.8668468354603626,nan,adiabatic_expansion,6692,6.211697822777751e-14,32;0;0;0
102.49999999999845,30.121150620383318,0.8892549052178276,nan,adiabatic_expansion,6698,5.98965321785272e-14,32;0;0;0
102.59999999999845,30.32660176701403,0.8919929368427677,nan,cold,6709,6.217248937900877e-14,32;0;0;0
102.69999999999844,28.416334636268555,0.8226283862118374,nan,cold,6715,6.677991493120317e-14,32;0;0;0
102.79999999999843,27.373663257653504,0.8041133573779972,nan,cold,6719,6.922240558537851e-14,32;0;0;0
102.89999999999843,27.832447886525834,0.8226573415287274,nan,cold,6722,6.705747068735946e-14,32;0;0;0
102.99999999999842,28.682048390807175,0.8402843089370754,nan,cold,6727,6.467049118441537e-14,32;0;0;0
103.09999999999842,29.428510776588812,0.8775524625349607,nan,cold,6734,6.550315845288424e-14,32;0;0;0
103.19999999999841,29.96738843908212,0.910400393610302,nan,cold,6739,6.522560269672795e-14,32;0;0;0
103.2999999999984,37.15730547640399,1.1146481723154646,nan,cold,6749,7.854827899222983e-14,32;0;0;0
103.3999999999984,35.77319211156702,1.0863932035660706,nan,cold,6758,6.55586696041155e-14,32;0;0;0
103.4999999999984,36.53302333291575,1.115630655386728,nan,cold,6764,6.916689443414725e-14,32;0;0;0
103.59999999999839,35.47387529530638,1.1096031219912823,nan,cold,6774,5.856426454897701e-14,32;0;0;0
103.69999999999838,32.97116778207525,1.0321076054692835,nan,cold,6777,6.178391132038996e-14,32;0;0;0
103.79999999999838,33.16488142363814,1.034059894187064,nan,cold,6780,5.939693181744587e-14,32;0;0;0
103.89999999999837,37.951222886337874,1.176535211147343,nan,cold,6789,6.455946888195285e-14,32;0;0;0
103.99999999999837,38.64125065575796,1.1891647625948776,nan,cold,6791,6.517009154549669e-14,32;0;0;0
104.09999999999836,39.21814939212792,1.1859852383285814,nan,cold,6799,6.011857678345223e-14,32;0;0;0
104.19999999999835,36.422035919964806,1.1313993258300197,nan,cold,6809,6.833422716567839e-14,32;0;0;0
104.29999999999835,33.678870384212765,1.0335301563256467,nan,cold,6815,6.833422716567839e-14,32;0;0;0
104.39999999999834,31.8825445526851,1.0039641124085525,nan,cold,6825,7.566169912820442e-14,32;0;0;0
104.49999999999834,34.58084333361479,1.089701783048106,nan,cold,6836,8.149037000748649e-14,32;0;0;0
104.59999999999833,33.92879947971426,1.054444090341934,nan,cold,6844,8.615330671091215e-14,32;0;0;0
104.69999999999833,37.45935795325086,1.1617049412852283,nan,cold,6850,8.887335312124378e-14,32;0;0;0
104.79999999999832,39.17105002284035,1.2161291857938379,nan,cold,6857,8.748557434046234e-14,32;0;0;0
104.89999999999831,36.76423509676479,1.1460411166032392,nan,cold,6868,9.57012247226885e-14,32;0;0;0
104.99999999999831,34.276852726236825,1.083721429015993,nan,cold,6873,9.853229343548264e-14,32;0;0;0
105.0999999999983,32.52573193706834,1.0190674906274286,nan,cold,6882,9.314771176605063e-14,32;0;0;0
105.1999999999983,28.114650433774763,0.8596066785686121,nan,cold,6890,9.364731212713195e-14,32;0;0;0
105.29999999999829,28.032661651291775,0.8555459840473166,nan,cold,6896,9.370282327836321e-14,32;0;0;0
105.39999999999829,28.84425859457863,0.8829847567827778,nan,cold,6901,9.664491429361988e-14,32;0;0;0
105.49999999999828,22.22031300725987,0.6529886142177015,nan,cold,6905,9.781064846947629e-14,32;0;0;0
105.59999999999827,22.397915932633524,0.6536869599890663,nan,cold,6909,9.814371537686384e-14,32;0;0;0
105.69999999999827,21.082448208976214,0.6132488149114415,nan,cold,6915,9.992007221626409e-14,32;0;0;0
105.79999999999826,23.593357616855414,0.6924515188042081,nan,cold,6920,1.0247358517290195e-13,32;0;0;0
105.89999999999826,25.687060699127603,0.7463011919091003,nan,cold,6926,9.831024883055761e-14,32;0;0;0
105.99999999999825,26.52056731012601,0.7718512292835922,nan,cold,6934,9.336975637097567e-14,32;0;0;0
106.09999999999825,26.38264212450219,0.7848561361189629,nan,cold,6941,9.792167077193881e-14,32;0;0;0
106.19999999999824,26.3819416091388,0.7841232817696098,nan,adiabatic_expansion,6947,9.653389199115736e-14,32;0;0;0
106.29999999999824,26.38124130332015,0.7659568140397207,nan,adiabatic_expansion,6956,9.758860386455126e-14,32;0;0;0
106.39999999999823,26.380568407803686,0.7973022490046968,nan,adiabatic_expansion,6964,9.214851104388799e-14,32;0;0;0
106.49999999999822,26.379936913179527,0.8057843188513584,nan,adiabatic_expansion,6973,9.314771176605063e-14,32;0;0;0
106.59999999999822,26.379305873747228,0.8159512157232287,nan,adiabatic_expansion,6977,9.43689570931383e-14,32;0;0;0
106.69999999999821,26.378675461294577,0.8162674609371294,nan,adiabatic_expansion,6986,9.603429163007604e-14,32;0;0;0
106.7999999999982,26.37804588544775,0.7961470824395115,nan,adiabatic_expansion,6992,9.281464485866309e-14,32;0;0;0
106.8999999999982,26.37741738258352,0.7792498938713849,nan,adiabatic_expansion,6998,9.869882688917642e-14,32;0;0;0
106.9999999999982,26.37685011500673,0.812387621034364,nan,adiabatic_expansion,7001,9.581224702515101e-14,32;0;0;0
107.09999999999819,26.376422841049347,0.8106761003312493,nan,adiabatic_expansion,7008,9.581224702515101e-14,32;0;0;0
107.19999999999818,26.376039759488307,0.8106059454397674,nan,adiabatic_expansion,7013,9.248157795127554e-14,32;0;0;0
107.29999999999818,26.375774878091853,0.8370381120687577,nan,adiabatic_expansion,7019,9.248157795127554e-14,32;0;0;0
107.39999999999817,26.375751545643656,0.837668977897519,nan,adiabatic_expansion,7028,9.85878045867139e-14,32;0;0;0
107.49999999999817,26.375728411363326,0.8375498659606985,nan,adiabatic_expansion,7033,9.470202400052585e-14,32;0;0;0
107.59999999999816,26.375692978640927,0.8220719314249613,nan,adiabatic_expansion,7042,9.459100169806334e-14,32;0;0;0
107.69999999999816,26.37539834401148,0.8294637070433397,nan,adiabatic_expansion,7048,9.070522111187529e-14,32;0;0;0
107.79999999999815,26.374977922116305,0.8263111925371935,nan,adiabatic_expansion,7057,9.170442183403793e-14,32;0;0;0
107.89999999999814,26.37455701539772,0.8289596789022605,nan,adiabatic_expansion,7063,9.114931032172535e-14,32;0;0;0
107.99999999999814,26.373977252482863,0.8074746998568213,nan,adiabatic_expansion,7068,9.459100169806334e-14,32;0;0;0
108.09999999999813,26.373311450379024,0.8022821054637101,nan,adiabatic_expansion,7073,9.64783808399261e-14,32;0;0;0
108.19999999999813,26.372563107246812,0.80228210546371,nan,adiabatic_expansion,7076,9.481304630298837e-14,32;0;0;0
108.29999999999812,26.37181415353946,0.801320054115755,nan,adiabatic_expansion,7080,9.57012247226885e-14,32;0;0;0
108.39999999999812,26.371064918641213,0.7982181077182097,nan,adiabatic_expansion,7088,8.981704269217516e-14,32;0;0;0
108.49999999999811,26.370315648144395,0.8010024973646346,nan,adiabatic_expansion,7095,9.836575998178887e-14,32;0;0;0
108.5999999999981,26.3695616089567,0.7837536997552167,nan,adiabatic_expansion,7100,9.392486788328824e-14,32;0;0;0
108.6999999999981,26.36880431200259,0.800267899137897,nan,cold,7108,9.225953334635051e-14,32;0;0;0
108.7999999999981,23.28303709298524,0.6957227839704921,nan,cold,7113,9.725553695716371e-14,32;0;0;0
108.89999999999809,22.9536578759955,0.6828724019467073,nan,cold,7120,9.958700530887654e-14,32;0;0;0
108.99999999999808,25.3941428089281,0.7546883005754713,nan,cold,7125,9.536815781530095e-14,32;0;0;0
109.09999999999808,25.6990372913875,0.7619711837216214,nan,cold,7131,9.958700530887654e-14,32;0;0;0
109.19999999999807,24.771015415889885,0.7450101681654242,nan,cold,7136,1.0025313912365164e-13,32;0;0;0
109.29999999999806,24.77032022865617,0.7521656388798315,nan,cold,7142,9.980904991380157e-14,32;0;0;0
109.39999999999806,23.346503007951892,0.7136239126963706,nan,cold,7146,9.958700530887654e-14,32;0;0;0
109.49999999999805,23.26293823342512,0.6755611227268737,nan,cold,7154,1.0247358517290195e-13,32;0;0;0
109.59999999999805,26.501528409000834,0.8185359609480953,nan,cold,7160,1.0513812043200232e-13,32;0;0;0
109.69999999999804,26.340803403159395,0.8168442508674265,nan,cold,7162,1.0724754417879012e-13,32;0;0;0
109.79999999999804,28.345719535701743,0.8885791564245009,nan,cold,7171,1.0458300891968975e-13,32;0;0;0
109.89999999999803,28.173584095637832,0.8809774975994268,nan,cold,7176,1.0758061108617767e-13,32;0;0;0
109.99999999999802,26.254742014676275,0.8214281448457972,nan,cold,7182,1.0169642905566434e-13,32;0;0;0
110.09999999999802,26.31496296419091,0.8236104311216236,nan,cold,7188,9.903189379656396e-14,32;0;0;0
110.19999999999801,24.095678232336788,0.7672078252820663,nan,cold,7196,9.370282327836321e-14,32;0;0;0
110.29999999999801,24.297910820240922,0.7739248826437745,nan,cold,7203,9.092726571680032e-14,32;0;0;0
110.399999999998,23.45960941787769,0.7483033388964893,nan,cold,7211,9.070522111187529e-14,32;0;0;0
110.499999999998,23.94959417677333,0.7484307304200386,nan,cold,7215,8.559819519859957e-14,32;0;0;0
110.59999999999799,29.453128166687115,0.9157811363004199,nan,cold,7222,8.593126210598712e-14,32;0;0;0
110.69999999999798,29.139129094270448,0.9094551333710933,nan,cold,7227,8.448797217397441e-14,32;0;0;0
110.79999999999798,31.22646907210966,0.9810343029779435,nan,cold,7240,8.237854842718662e-14,32;0;0;0
110.89999999999797,29.237287032031993,0.9302317484157558,nan,cold,7249,8.64863736182997e-14,32;0;0;0
110.99999999999797,31.64428856099845,1.0046935812457571,nan,cold,7255,9.170442183403793e-14,32;0;0;0
111.09999999999796,32.177857713469166,1.0251793300570073,nan,cold,7262,8.570921750106208e-14,32;0;0;0
111.19999999999796,31.722761880161897,0.9868811650808607,nan,cold,7270,7.738254481637341e-14,32;0;0;0
111.29999999999795,29.84012687194294,0.823554327850579,nan,cold,7277,7.316369732279782e-14,32;0;0;0
111.39999999999795,28.08941218500663,0.7538674072051643,nan,cold,7284,6.961098364399732e-14,32;0;0;0
111.49999999999794,26.44211167665919,0.7567989555101226,nan,cold,7289,7.382983113757291e-14,32;0;0;0
111.59999999999793,24.54647167225841,0.7139353782007051,nan,cold,7293,7.116529587847253e-14,32;0;0;0
111.69999999999793,25.175560761785764,0.770843735406715,nan,cold,7307,7.027711745877241e-14,32;0;0;0
111.79999999999792,23.977465632063613,0.7301820515437615,nan,cold,7314,7.005507285384738e-14,32;0;0;0
111.89999999999792,23.333040620208653,0.6990250144942464,nan,cold,7318,6.994405055138486e-14,32;0;0;0
111.99999999999791,23.827147291398838,0.6979583446156375,nan,cold,7324,6.505906924303417e-14,32;0;0;0
112.0999999999979,22.230009539458667,0.6396858093000821,nan,cold,7329,6.716849298982197e-14,32;0;0;0
112.1999999999979,22.841193084760896,0.6694007438442509,nan,cold,7330,6.517009154549669e-14,32;0;0;0
112.2999999999979,20.226936610815294,0.5884884633747992,nan,cold,7339,6.705747068735946e-14,32;0;0;0
112.39999999999789,20.22618240316015,0.5663467201950579,nan,adiabatic_expansion,7347,7.271960811294775e-14,32;0;0;0
112.49999999999788,20.225428407438436,0.5995535260452508,nan,adiabatic_expansion,7355,7.138734048339757e-14,32;0;0;0
112.59999999999788,20.224674686612552,0.6031618400141631,nan,adiabatic_expansion,7359,6.916689443414725e-14,32;0;0;0
112.69999999999787,20.223921570455193,0.6062633450605088,nan,adiabatic_expansion,7363,7.138734048339757e-14,32;0;0;0
112.79999999999787,20.223194362902614,0.6117983382809807,nan,adiabatic_expansion,7372,7.30526750203353e-14,32;0;0;0
112.89999999999786,20.22249930799418,0.6128541779538084,nan,adiabatic_expansion,7377,7.505107646466058e-14,32;0;0;0
112.99999999999785,20.2218054236606,0.6069840110364391,nan,adiabatic_expansion,7384,7.494005416219807e-14,32;0;0;0
113.09999999999785,20.221119733220995,0.5610180817182778,nan,adiabatic_expansion,7391,7.37188088351104e-14,32;0;0;0
113.19999999999784,20.220436949043993,0.5610180817182777,nan,adiabatic_expansion,7393,7.538414337204813e-14,32;0;0;0
113.29999999999784,20.21975626883583,0.5719022036326546,nan,adiabatic_expansion,7397,7.405187574249794e-14,32;0;0;0
113.39999999999783,20.219088754729512,0.5962240911088652,nan,adiabatic_expansion,7407,7.527312106958561e-14,32;0;0;0
113.49999999999783,20.218425319247647,0.5948923794487416,nan,adiabatic_expansion,7412,7.549516567451064e-14,32;0;0;0
113.59999999999782,20.21803186503682,0.6435960645173349,nan,adiabatic_expansion,7418,7.471800955727304e-14,32;0;0;0
113.69999999999781,20.21781593588702,0.6383945312747178,nan,adiabatic_expansion,7424,7.849276784099857e-14,32;0;0;0
113.79999999999781,20.217665090512423,0.6418149223773985,nan,adiabatic_expansion,7431,7.527312106958561e-14,32;0;0;0
113.8999999999978,20.21760163249026,0.648430746886939,nan,adiabatic_expansion,7440,7.349676423018536e-14,32;0;0;0
113.9999999999978,20.217425601179094,0.6413956923864584,nan,adiabatic_expansion,7445,7.638334409421077e-14,32;0;0;0
114.09999999999779,20.217249582485387,0.648689332018731,nan,adiabatic_expansion,7451,7.938094626069869e-14,32;0;0;0
114.19999999999779,20.217073578219193,0.648689332018731,nan,adiabatic_expansion,7452,7.893685705084863e-14,32;0;0;0
114.29999999999778,20.21681471271574,0.6298564316163715,nan,adiabatic_expansion,7462,7.882583474838611e-14,32;0;0;0
114.39999999999777,20.216454606896626,0.6228552022505719,nan,adiabatic_expansion,7472,7.949196856316121e-14,32;0;0;0
114.49999999999777,20.215917603992413,0.5903282168657654,nan,adiabatic_expansion,7482,7.382983113757291e-14,32;0;0;0
114.59999999999776,20.215126377848986,0.5922881775531809,nan,adiabatic_expansion,7489,7.549516567451064e-14,32;0;0;0
114.69999999999776,20.214288034210373,0.5941238727122603,nan,adiabatic_expansion,7492,7.049916206369744e-14,32;0;0;0
114.79999999999775,20.21338654803766,0.5763654319911259,nan,adiabatic_expansion,7495,7.294165271787278e-14,32;0;0;0
114.89999999999775,20.212440828162418,0.575558099184084,nan,adiabatic_expansion,7499,7.860379014346108e-14,32;0;0;0
114.99999999999774,20.211493773931803,0.56624372649434,nan,adiabatic_expansion,7503,7.638334409421077e-14,32;0;0;0
115.09999999999773,20.210546084426557,0.572942215951484,nan,adiabatic_expansion,7506,7.582823258189819e-14,32;0;0;0
115.19999999999773,20.209598253534253,0.5737309874232596,nan,adiabatic_expansion,7510,8.01581023779363e-14,32;0;0;0
115.29999999999772,20.20865054198244,0.576843531025531,nan,adiabatic_expansion,7517,8.182343691487404e-14,32;0;0;0
115.39999999999772,21.202305392065817,0.5793205697457273,nan,cold,7525,7.938094626069869e-14,32;0;0;0
115.49999999999771,21.343308062233792,0.6089561675095461,nan,cold,7531,7.627232179174825e-14,32;0;0;0
115.5999999999977,25.788219951002358,0.7569776104239684,nan,cold,7535,7.849276784099857e-14,32;0;0;0
115.6999999999977,27.80510772569517,0.8113858948213761,nan,cold,7540,8.004708007547379e-14,32;0;0;0
115.7999999999977,28.081242894327954,0.8276570074271222,nan,cold,7545,8.115730310009894e-14,32;0;0;0
115.89999999999769,25.66582351336748,0.7432517886168925,nan,cold,7551,7.904787935331115e-14,32;0;0;0
115.99999999999768,24.65740558392283,0.7189366827436496,nan,cold,7553,7.960299086562372e-14,32;0;0;0
116.09999999999768,26.18201815544837,0.7281228973266076,nan,cold,7558,7.527312106958561e-14,32;0;0;0
116.19999999999767,24.835643296697445,0.721416499605688,nan,cold,7564,7.904787935331115e-14,32;0;0;0
116.29999999999767,23.888125697947064,0.7140709255260459,nan,cold,7575,8.237854842718662e-14,32;0;0;0
116.39999999999766,23.880899245514637,0.7304430411398846,nan,cold,7584,8.337774914934926e-14,32;0;0;0
116.49999999999766,24.6451681346414,0.7452695583250124,nan,cold,7590,8.315570454442422e-14,32;0;0;0
116.59999999999765,23.45128577433014,0.6630191811219146,nan,cold,7597,8.126832540256146e-14,32;0;0;0
116.69999999999764,23.032291450304605,0.6831122313780387,nan,cold,7600,7.849276784099857e-14,32;0;0;0
116.79999999999764,22.379863528500863,0.6885417514201612,nan,cold,7605,7.982503547054876e-14,32;0;0;0
116.89999999999763,23.21104647482093,0.723312799566675,nan,cold,7611,7.971401316808624e-14,32;0;0;0
116.99999999999763,22.35435393035937,0.6925424904093317,nan,cold,7615,7.882583474838611e-14,32;0;0;0
117.09999999999762,19.9291280500438,0.6165441371093403,nan,cold,7621,8.060219158778636e-14,32;0;0;0
117.19999999999762,20.765397100973427,0.6447237324317936,nan,cold,7626,8.071321389024888e-14,32;0;0;0
117.29999999999761,17.548119578354857,0.5278819011381962,nan,cold,7631,8.315570454442422e-14,32;0;0;0
117.3999999999976,19.13637652893398,0.5897875375334943,nan,cold,7636,8.104628079763643e-14,32;0;0;0
117.4999999999976,19.20980588908255,0.5536841263281962,nan,cold,7642,7.827072323607354e-14,32;0;0;0
117.59999999999759,24.267031346290665,0.7354730876624894,nan,cold,7650,7.571721027943568e-14,32;0;0;0
117.69999999999759,25.729503265984235,0.7825244631362887,nan,cold,7654,7.405187574249794e-14,32;0;0;0
117.79999999999758,25.644329025233763,0.787568361285039,nan,cold,7660,7.349676423018536e-14,32;0;0;0
117.89999999999758,23.69943442476497,0.7213208504131968,nan,cold,7666,7.427392034742297e-14,32;0;0;0
117.99999999999757,24.733243971394277,0.7574882897908587,nan,cold,7671,7.505107646466058e-14,32;0;0;0
118.09999999999756,24.903753105302982,0.7595321310596034,nan,cold,7684,7.527312106958561e-14,32;0;0;0
118.19999999999756,24.082522615696803,0.749061314207893,nan,cold,7688,7.505107646466058e-14,32;0;0;0
118.29999999999755,21.92430982198036,0.6874670631848768,nan,cold,7701,7.249756350802272e-14,32;0;0;0
118.39999999999755,22.673772482749087,0.7168048266593462,nan,cold,7708,7.51620987671231e-14,32;0;0;0
118.49999999999754,22.403864912445147,0.706787104770968,nan,cold,7710,7.627232179174825e-14,32;0;0;0
118.59999999999754,23.190794743213768,0.7334931597958677,nan,cold,7719,6.7390537594747e-14,32;0;0;0
118.69999999999753,25.089948020369743,0.8036092629263244,nan,cold,7723,6.761258219967203e-14,32;0;0;0
118.79999999999752,24.413941941205074,0.7675564635622207,nan,cold,7729,7.283063041541027e-14,32;0;0;0
118.89999999999752,26.163907692392453,0.8226993892548413,nan,cold,7736,7.16093850883226e-14,32;0;0;0
118.99999999999751,26.12437680695744,0.7982526321940098,nan,cold,7742,7.116529587847253e-14,32;0;0;0
119.09999999999751,23.249860621998973,0.6960821623353407,nan,cold,7747,7.538414337204813e-14,32;0;0;0
119.1999999999975,25.17219366552746,0.7756695403234538,nan,cold,7757,7.716050021144838e-14,32;0;0;0
119.2999999999975,25.387696121722946,0.776358400131831,nan,cold,7760,7.682743330406083e-14,32;0;0;0
119.39999999999749,29.37967958991125,0.895943440632676,nan,cold,7770,7.638334409421077e-14,32;0;0;0
119.49999999999748,29.008950973489384,0.8706042913247953,nan,cold,7777,7.538414337204813e-14,32;0;0;0
119.59999999999748,29.327532068313015,0.8729771341732129,nan,cold,7783,8.493206138382448e-14,32;0;0;0
119.69999999999747,26.834038180046278,0.7475807922192571,nan,cold,7794,8.115730310009894e-14,32;0;0;0
119.79999999999747,24.060534344094215,0.6625315433453032,nan,cold,7799,8.293365993949919e-14,32;0;0;0
119.89999999999746,23.179016567983805,0.6499926284350435,nan,cold,7804,8.359979375427429e-14,32;0;0;0
119.99999999999746,22.491000205051726,0.6676121795962253,nan,cold,7810,8.126832540256146e-14,32;0;0;0
120.0,22.491000205051712,0.6676121795962253,nan,cold,7810,8.149037000748649e-14,32;0;0;0
